Order_ID,Customer_ID,Order_Date,Required_Delivery_Date,Actual_Delivery_Date,Delay_Days,Shipping_Cost,Contract_Grace_Period_Days,Warehouse_Location,Distance_to_Warehouse_km,Is_Complained,Complaint_Reason
ORD-100000,B2B-33392,2025-10-23 10:16:21,2025-10-30 10:16:21,2025-10-29 10:16:21,-1,56.57,7,Adelaide,172.39,0.0,
ORD-100001,B2B-83887,2025-09-18 07:39:16,2025-09-27 07:39:16,2025-09-26 07:39:16,-1,47.14,7,Brisbane,45.19,0.0,
ORD-100002,B2B-41706,2026-06-05 05:25:39,2026-06-19 05:25:39,2026-06-21 05:25:39,2,46.21,7,Adelaide,65.65,0.0,
ORD-100003,B2B-28602,2025-10-23 20:03:19,2025-11-03 20:03:19,2025-11-05 20:03:19,2,47.35,3,Melbourne,223.1,0.0,
ORD-100004,B2B-34949,2025-12-17 04:01:50,2025-12-31 04:01:50,2025-12-31 04:01:50,0,74.44,3,Adelaide,297.34,0.0,
ORD-100005,B2B-30192,2025-08-18 22:58:34,2025-08-28 22:58:34,2025-08-26 22:58:34,-2,85.14,7,Melbourne,660.18,0.0,
ORD-100006,B2B-10100,2025-09-16 11:19:55,2025-09-25 11:19:55,2025-09-26 11:19:55,1,53.91,3,Perth,132.58,0.0,
ORD-100007,B2B-83863,2026-07-28 23:48:56,2026-08-11 23:48:56,2026-08-17 23:48:56,6,63.03,3,Perth,224.08,1.0,Late Delivery
ORD-100008,B2B-41706,2026-01-25 23:17:57,2026-02-05 23:17:57,2026-02-06 23:17:57,1,58.96,7,Adelaide,65.65,1.0,Customer Service
ORD-100009,B2B-83563,2026-07-23 10:51:30,2026-08-02 10:51:30,2026-08-01 10:51:30,-1,85.03,3,Perth,472.14,0.0,
ORD-100010,B2B-19595,2026-04-20 23:40:33,2026-05-03 23:40:33,2026-05-01 23:40:33,-2,66.73,7,Brisbane,342.82,0.0,
ORD-100011,B2B-79642,2026-05-13 03:32:20,2026-05-24 03:32:20,2026-05-25 03:32:20,1,72.62,3,Melbourne,606.95,0.0,
ORD-100012,B2B-15534,2026-04-11 16:38:45,2026-04-18 16:38:45,2026-04-18 16:38:45,0,71.83,3,Brisbane,688.04,0.0,
ORD-100013,B2B-89921,2026-03-01 01:29:36,2026-03-12 01:29:36,2026-03-10 01:29:36,-2,56.38,7,Perth,329.39,0.0,
ORD-100014,B2B-89291,2025-12-24 05:34:41,2026-01-01 05:34:41,2026-01-02 05:34:41,1,63.49,3,Melbourne,355.57,0.0,
ORD-100015,B2B-71321,2026-07-16 03:28:56,2026-07-25 03:28:56,2026-07-26 03:28:56,1,80.33,7,Melbourne,460.1,0.0,
ORD-100016,B2B-15563,2026-03-14 07:31:59,2026-03-25 07:31:59,2026-03-27 07:31:59,2,72.31,7,Brisbane,559.64,0.0,
ORD-100017,B2B-25226,2026-02-19 01:43:06,2026-03-01 01:43:06,2026-02-26 01:43:06,-3,59.01,3,Melbourne,147.8,0.0,
ORD-100018,B2B-35323,2025-10-25 19:41:44,2025-11-08 19:41:44,2025-11-08 19:41:44,0,57.83,3,Perth,248.47,0.0,
ORD-100019,B2B-17750,2025-08-09 05:29:14,2025-08-19 05:29:14,2025-08-19 05:29:14,0,63.19,3,Perth,179.54,0.0,
ORD-100020,B2B-33671,2025-08-17 12:42:13,2025-08-25 12:42:13,2025-08-23 12:42:13,-2,111.72,7,Brisbane,831.52,0.0,
ORD-100021,B2B-20126,2025-10-13 00:05:11,2025-10-25 00:05:11,2025-10-27 00:05:11,2,76.94,3,Brisbane,415.01,0.0,
ORD-100022,B2B-80168,2025-10-14 17:38:53,2025-10-27 17:38:53,2025-10-27 17:38:53,0,76.36,3,Brisbane,467.72,0.0,
ORD-100023,B2B-21541,2026-03-31 07:44:42,2026-04-14 07:44:42,2026-04-15 07:44:42,1,45.57,3,Adelaide,112.75,0.0,
ORD-100024,B2B-8713,2025-12-27 04:35:48,2026-01-10 04:35:48,2026-01-12 04:35:48,2,58.93,3,Perth,254.25,0.0,
ORD-100025,B2B-49876,2025-09-09 13:06:40,2025-09-21 13:06:40,2025-09-20 13:06:40,-1,58.88,3,Adelaide,216.16,0.0,
ORD-100026,B2B-81641,2025-09-28 08:31:30,2025-10-09 08:31:30,2025-10-12 08:31:30,3,59.79,3,Melbourne,298.87,0.0,
ORD-100027,B2B-70880,2025-12-22 01:13:30,2026-01-01 01:13:30,2026-01-03 01:13:30,2,76.27,3,Brisbane,644.27,0.0,
ORD-100028,B2B-2258,2025-09-06 06:16:29,2025-09-17 06:16:29,2025-09-18 06:16:29,1,74.05,3,Brisbane,331.68,0.0,
ORD-100029,B2B-27189,2026-02-04 02:03:50,2026-02-13 02:03:50,2026-02-10 02:03:50,-3,62.34,3,Brisbane,532.44,0.0,
ORD-100030,B2B-55930,2026-07-19 16:42:08,2026-07-29 16:42:08,2026-07-28 16:42:08,-1,60.2,3,Adelaide,264.74,0.0,
ORD-100031,B2B-24922,2026-01-02 11:56:35,2026-01-14 11:56:35,2026-01-14 11:56:35,0,95.99,7,Melbourne,637.48,0.0,
ORD-100032,B2B-33181,2025-11-20 00:08:02,2025-11-27 00:08:02,2025-11-27 00:08:02,0,62.2,3,Adelaide,257.39,0.0,
ORD-100033,B2B-46127,2026-04-13 06:21:47,2026-04-26 06:21:47,2026-04-27 06:21:47,1,67.75,3,Brisbane,494.33,0.0,
ORD-100034,B2B-6304,2026-04-05 11:13:58,2026-04-14 11:13:58,2026-04-15 11:13:58,1,73.82,3,Brisbane,299.5,0.0,
ORD-100035,B2B-26477,2026-01-07 19:57:58,2026-01-17 19:57:58,2026-01-17 19:57:58,0,64.92,3,Melbourne,267.63,0.0,
ORD-100036,B2B-41761,2025-11-09 22:02:24,2025-11-18 22:02:24,2025-11-19 22:02:24,1,84.79,3,Adelaide,248.81,0.0,
ORD-100037,B2B-45330,2026-01-01 21:00:00,2026-01-14 21:00:00,2026-01-11 21:00:00,-3,65.95,3,Brisbane,371.39,0.0,
ORD-100038,B2B-86465,2026-02-04 18:20:37,2026-02-15 18:20:37,2026-02-15 18:20:37,0,80.95,7,Brisbane,662.66,0.0,
ORD-100039,B2B-14205,2026-03-08 15:36:21,2026-03-22 15:36:21,2026-03-19 15:36:21,-3,59.98,7,Melbourne,93.91,0.0,
ORD-100040,B2B-55930,2025-09-14 07:29:01,2025-09-23 07:29:01,2025-09-24 07:29:01,1,78.51,3,Adelaide,264.74,0.0,
ORD-100041,B2B-75357,2025-08-01 17:52:43,2025-08-11 17:52:43,2025-08-12 17:52:43,1,84.38,3,Perth,507.79,0.0,
ORD-100042,B2B-6304,2026-07-27 05:44:14,2026-08-08 05:44:14,2026-08-08 05:44:14,0,63.29,3,Brisbane,299.5,0.0,
ORD-100043,B2B-33181,2025-11-13 07:43:40,2025-11-27 07:43:40,2025-11-27 07:43:40,0,58.2,3,Adelaide,257.39,0.0,
ORD-100044,B2B-26819,2026-01-12 01:35:33,2026-01-24 01:35:33,2026-01-24 01:35:33,0,77.87,7,Brisbane,325.12,0.0,
ORD-100045,B2B-21647,2026-05-05 23:57:31,2026-05-19 23:57:31,2026-05-20 23:57:31,1,80.55,3,Perth,378.29,1.0,Late Delivery
ORD-100046,B2B-52072,2026-05-25 10:28:20,2026-06-05 10:28:20,2026-06-08 10:28:20,3,89.86,7,Brisbane,696.94,0.0,
ORD-100047,B2B-91629,2026-05-16 10:57:25,2026-05-30 10:57:25,2026-05-31 10:57:25,1,88.02,3,Adelaide,222.93,0.0,
ORD-100048,B2B-76315,2026-06-22 03:38:30,2026-07-06 03:38:30,2026-07-05 03:38:30,-1,62.57,3,Melbourne,617.5,0.0,
ORD-100049,B2B-24999,2025-09-21 13:38:49,2025-10-04 13:38:49,2025-10-06 13:38:49,2,80.99,7,Melbourne,573.77,0.0,
ORD-100050,B2B-83884,2026-02-22 03:57:10,2026-03-06 03:57:10,2026-03-10 03:57:10,4,80.1,7,Perth,339.04,0.0,
ORD-100051,B2B-9933,2025-09-23 00:51:38,2025-09-30 00:51:38,2025-09-28 00:51:38,-2,73.73,7,Adelaide,318.11,0.0,
ORD-100052,B2B-86845,2026-07-24 14:55:13,2026-08-03 14:55:13,2026-08-03 14:55:13,0,51.48,3,Melbourne,198.3,0.0,
ORD-100053,B2B-39279,2025-10-28 07:33:38,2025-11-06 07:33:38,2025-11-07 07:33:38,1,62.44,7,Melbourne,220.21,0.0,
ORD-100054,B2B-69860,2025-10-27 06:50:13,2025-11-05 06:50:13,2025-11-05 06:50:13,0,98.41,3,Melbourne,629.23,0.0,
ORD-100055,B2B-59929,2026-02-14 02:29:05,2026-02-26 02:29:05,2026-02-26 02:29:05,0,55.45,3,Perth,145.95,0.0,
ORD-100056,B2B-4952,2026-05-21 16:00:26,2026-06-01 16:00:26,2026-05-31 16:00:26,-1,67.97,3,Brisbane,366.81,0.0,
ORD-100057,B2B-51328,2026-01-04 03:37:04,2026-01-13 03:37:04,2026-01-13 03:37:04,0,57.9,3,Brisbane,571.61,0.0,
ORD-100058,B2B-13933,2026-02-15 16:34:09,2026-02-27 16:34:09,2026-02-24 16:34:09,-3,70.88,3,Adelaide,265.59,0.0,
ORD-100059,B2B-19617,2025-12-15 18:05:16,2025-12-22 18:05:16,2025-12-22 18:05:16,0,70.48,7,Adelaide,408.26,0.0,
ORD-100060,B2B-38398,2026-07-25 05:39:14,2026-08-01 05:39:14,2026-08-01 05:39:14,0,72.98,3,Brisbane,610.12,0.0,
ORD-100061,B2B-33897,2025-09-02 01:12:12,2025-09-13 01:12:12,2025-09-14 01:12:12,1,105.1,7,Melbourne,555.88,0.0,
ORD-100062,B2B-83863,2025-09-25 23:49:28,2025-10-07 23:49:28,2025-10-07 23:49:28,0,67.92,3,Perth,224.08,0.0,
ORD-100063,B2B-6404,2026-04-02 00:09:07,2026-04-09 00:09:07,2026-04-08 00:09:07,-1,89.33,3,Brisbane,732.93,0.0,
ORD-100064,B2B-31915,2026-04-10 06:27:47,2026-04-19 06:27:47,2026-04-21 06:27:47,2,64.81,7,Perth,291.96,1.0,Late Delivery
ORD-100065,B2B-68087,2026-05-08 07:36:14,2026-05-22 07:36:14,2026-05-22 07:36:14,0,47.94,7,Adelaide,89.38,0.0,
ORD-100066,B2B-8713,2026-04-23 15:17:52,2026-05-07 15:17:52,2026-05-04 15:17:52,-3,46.87,3,Perth,254.25,0.0,
ORD-100067,B2B-39082,2025-08-16 01:11:26,2025-08-27 01:11:26,2025-08-29 01:11:26,2,79.71,3,Melbourne,287.99,0.0,
ORD-100068,B2B-37007,2025-12-28 04:33:13,2026-01-04 04:33:13,2026-01-04 04:33:13,0,69.94,3,Adelaide,369.48,0.0,
ORD-100069,B2B-19543,2025-09-19 19:02:41,2025-10-02 19:02:41,2025-10-02 19:02:41,0,56.88,7,Adelaide,260.58,0.0,
ORD-100070,B2B-33671,2025-08-31 01:28:40,2025-09-08 01:28:40,2025-09-08 01:28:40,0,82.66,7,Brisbane,831.52,0.0,
ORD-100071,B2B-96173,2026-07-10 22:25:24,2026-07-20 22:25:24,2026-07-19 22:25:24,-1,69.57,3,Melbourne,452.85,0.0,
ORD-100072,B2B-1563,2025-10-16 12:27:31,2025-10-30 12:27:31,2025-10-30 12:27:31,0,59.87,3,Adelaide,182.02,0.0,
ORD-100073,B2B-96003,2026-06-26 08:10:47,2026-07-05 08:10:47,2026-07-06 08:10:47,1,57.03,3,Melbourne,174.33,0.0,
ORD-100074,B2B-10603,2025-10-18 20:23:33,2025-10-29 20:23:33,2025-10-27 20:23:33,-2,103.72,3,Brisbane,792.16,0.0,
ORD-100075,B2B-73618,2025-11-11 12:34:18,2025-11-22 12:34:18,2025-11-22 12:34:18,0,70.77,3,Perth,263.71,0.0,
ORD-100076,B2B-96462,2026-03-10 12:00:49,2026-03-19 12:00:49,2026-03-18 12:00:49,-1,62.22,3,Brisbane,172.15,0.0,
ORD-100077,B2B-66471,2026-01-31 08:53:36,2026-02-11 08:53:36,2026-02-11 08:53:36,0,65.42,3,Brisbane,457.4,0.0,
ORD-100078,B2B-89899,2025-11-03 09:27:47,2025-11-11 09:27:47,2025-11-11 09:27:47,0,78.85,3,Brisbane,618.63,0.0,
ORD-100079,B2B-42372,2025-08-28 11:42:51,2025-09-06 11:42:51,2025-09-12 11:42:51,6,60.45,3,Melbourne,306.08,1.0,Late Delivery
ORD-100080,B2B-4727,2026-02-18 17:43:36,2026-03-01 17:43:36,2026-03-02 17:43:36,1,70.72,7,Adelaide,619.93,1.0,Late Delivery
ORD-100081,B2B-20315,2026-01-31 21:11:43,2026-02-07 21:11:43,2026-02-08 21:11:43,1,67.5,3,Perth,92.54,1.0,Late Delivery
ORD-100082,B2B-26477,2025-10-15 13:15:34,2025-10-26 13:15:34,2025-10-25 13:15:34,-1,81.13,3,Melbourne,267.63,0.0,
ORD-100083,B2B-25749,2026-05-14 16:01:52,2026-05-25 16:01:52,2026-05-24 16:01:52,-1,49.69,7,Perth,212.64,0.0,
ORD-100084,B2B-17740,2025-10-08 04:29:11,2025-10-20 04:29:11,2025-10-23 04:29:11,3,55.62,3,Perth,162.38,0.0,
ORD-100085,B2B-97825,2026-01-13 23:21:26,2026-01-22 23:21:26,2026-01-18 23:21:26,-4,61.65,3,Brisbane,371.6,0.0,
ORD-100086,B2B-46372,2025-12-25 16:05:48,2026-01-08 16:05:48,2026-01-12 16:05:48,4,75.8,3,Melbourne,848.56,1.0,Late Delivery
ORD-100087,B2B-31506,2025-11-11 11:53:18,2025-11-21 11:53:18,2025-11-19 11:53:18,-2,104.93,7,Brisbane,802.14,0.0,
ORD-100088,B2B-72630,2026-02-02 05:35:30,2026-02-12 05:35:30,2026-02-10 05:35:30,-2,50.55,3,Brisbane,54.03,0.0,
ORD-100089,B2B-36771,2025-09-01 10:04:58,2025-09-08 10:04:58,2025-09-06 10:04:58,-2,67.86,3,Brisbane,443.33,0.0,
ORD-100090,B2B-13496,2026-03-19 10:20:33,2026-03-27 10:20:33,2026-03-30 10:20:33,3,84.18,3,Melbourne,404.5,0.0,
ORD-100091,B2B-72474,2025-09-23 06:22:27,2025-10-06 06:22:27,2025-10-06 06:22:27,0,76.06,7,Melbourne,663.97,0.0,
ORD-100092,B2B-55636,2026-04-25 18:50:00,2026-05-02 18:50:00,2026-05-04 18:50:00,2,71.31,7,Adelaide,103.07,0.0,
ORD-100093,B2B-9412,2025-10-01 02:58:49,2025-10-15 02:58:49,2025-10-19 02:58:49,4,63.04,3,Perth,353.19,1.0,Late Delivery
ORD-100094,B2B-77067,2026-04-04 16:12:16,2026-04-12 16:12:16,2026-04-12 16:12:16,0,66.0,7,Melbourne,322.91,0.0,
ORD-100095,B2B-41178,2025-09-01 09:38:43,2025-09-10 09:38:43,2025-09-10 09:38:43,0,60.31,3,Perth,124.26,0.0,
ORD-100096,B2B-19402,2026-06-28 07:02:31,2026-07-10 07:02:31,2026-07-10 07:02:31,0,56.25,7,Brisbane,198.91,0.0,
ORD-100097,B2B-52689,2025-08-18 20:02:28,2025-08-27 20:02:28,2025-08-23 20:02:28,-4,78.61,3,Melbourne,643.13,0.0,
ORD-100098,B2B-28602,2026-07-30 10:35:39,2026-08-07 10:35:39,2026-08-08 10:35:39,1,57.82,3,Melbourne,223.1,0.0,
ORD-100099,B2B-22162,2025-10-05 19:52:32,2025-10-13 19:52:32,2025-10-10 19:52:32,-3,48.29,3,Melbourne,263.03,0.0,
ORD-100100,B2B-19407,2025-09-01 23:40:12,2025-09-13 23:40:12,2025-09-11 23:40:12,-2,66.84,3,Perth,308.14,0.0,
ORD-100101,B2B-55636,2025-12-02 01:25:36,2025-12-13 01:25:36,2025-12-16 01:25:36,3,57.66,7,Adelaide,103.07,0.0,
ORD-100102,B2B-53943,2026-06-11 19:51:58,2026-06-24 19:51:58,2026-06-20 19:51:58,-4,77.02,3,Melbourne,648.98,0.0,
ORD-100103,B2B-51091,2026-05-30 14:03:49,2026-06-10 14:03:49,2026-06-08 14:03:49,-2,72.99,3,Melbourne,632.83,0.0,
ORD-100104,B2B-96332,2026-06-27 22:42:00,2026-07-06 22:42:00,2026-07-02 22:42:00,-4,72.3,3,Brisbane,296.44,0.0,
ORD-100105,B2B-58025,2026-06-27 13:47:37,2026-07-10 13:47:37,2026-07-10 13:47:37,0,55.61,3,Melbourne,333.8,0.0,
ORD-100106,B2B-42595,2026-03-18 06:18:53,2026-03-26 06:18:53,2026-03-21 06:18:53,-5,65.34,3,Melbourne,363.92,0.0,
ORD-100107,B2B-16615,2026-07-03 20:20:20,2026-07-12 20:20:20,2026-07-13 20:20:20,1,76.67,3,Brisbane,353.55,0.0,
ORD-100108,B2B-46396,2026-04-27 04:22:54,2026-05-11 04:22:54,2026-05-09 04:22:54,-2,67.54,7,Adelaide,251.37,0.0,
ORD-100109,B2B-33897,2026-07-27 22:04:02,2026-08-10 22:04:02,2026-08-10 22:04:02,0,72.12,7,Melbourne,555.88,0.0,
ORD-100110,B2B-99501,2026-07-24 20:03:21,2026-08-05 20:03:21,2026-08-06 20:03:21,1,86.83,3,Melbourne,643.12,0.0,
ORD-100111,B2B-1245,2026-03-09 19:04:03,2026-03-22 19:04:03,2026-03-22 19:04:03,0,83.42,3,Brisbane,612.32,0.0,
ORD-100112,B2B-72918,2025-08-24 09:20:29,2025-09-07 09:20:29,2025-09-08 09:20:29,1,55.4,3,Brisbane,181.99,0.0,
ORD-100113,B2B-699,2025-09-08 21:21:34,2025-09-20 21:21:34,2025-09-20 21:21:34,0,53.88,3,Melbourne,312.08,0.0,
ORD-100114,B2B-80380,2026-02-01 14:13:58,2026-02-11 14:13:58,2026-02-14 14:13:58,3,76.78,3,Adelaide,545.83,0.0,
ORD-100115,B2B-30067,2025-08-18 05:01:09,2025-08-26 05:01:09,2025-09-02 05:01:09,7,48.05,7,Brisbane,209.94,1.0,Late Delivery
ORD-100116,B2B-35219,2025-12-03 12:25:09,2025-12-17 12:25:09,2025-12-22 12:25:09,5,52.97,3,Adelaide,290.88,1.0,Late Delivery
ORD-100117,B2B-73101,2026-02-10 15:57:46,2026-02-17 15:57:46,2026-02-21 15:57:46,4,70.42,3,Melbourne,574.65,1.0,Late Delivery
ORD-100118,B2B-86465,2025-10-31 12:22:34,2025-11-12 12:22:34,2025-11-07 12:22:34,-5,66.01,7,Brisbane,662.66,0.0,
ORD-100119,B2B-69353,2025-12-01 01:55:37,2025-12-14 01:55:37,2025-12-16 01:55:37,2,57.84,3,Brisbane,80.41,1.0,Late Delivery
ORD-100120,B2B-17750,2026-05-10 22:28:00,2026-05-24 22:28:00,2026-05-22 22:28:00,-2,51.03,3,Perth,179.54,0.0,
ORD-100121,B2B-88385,2026-06-10 01:34:17,2026-06-22 01:34:17,2026-06-24 01:34:17,2,69.81,3,Melbourne,238.32,0.0,
ORD-100122,B2B-12172,2026-06-12 00:11:09,2026-06-23 00:11:09,2026-06-29 00:11:09,6,79.57,7,Brisbane,499.33,0.0,
ORD-100123,B2B-51284,2025-09-02 11:11:37,2025-09-16 11:11:37,2025-09-16 11:11:37,0,70.46,3,Perth,206.47,0.0,
ORD-100124,B2B-18051,2026-05-23 06:52:21,2026-06-06 06:52:21,2026-06-10 06:52:21,4,81.72,3,Melbourne,606.19,1.0,Late Delivery
ORD-100125,B2B-17750,2026-07-29 07:31:40,2026-08-07 07:31:40,2026-08-07 07:31:40,0,55.41,3,Perth,179.54,0.0,
ORD-100126,B2B-6404,2025-12-22 17:10:27,2025-12-29 17:10:27,2025-12-30 17:10:27,1,88.1,3,Brisbane,732.93,0.0,
ORD-100127,B2B-18051,2025-11-26 07:01:51,2025-12-04 07:01:51,2025-12-04 07:01:51,0,71.58,3,Melbourne,606.19,0.0,
ORD-100128,B2B-96058,2026-04-03 12:10:55,2026-04-15 12:10:55,2026-04-17 12:10:55,2,49.55,7,Melbourne,216.57,0.0,
ORD-100129,B2B-79534,2025-12-25 18:31:06,2026-01-06 18:31:06,2026-01-07 18:31:06,1,43.88,3,Melbourne,248.84,0.0,
ORD-100130,B2B-60586,2026-07-15 15:58:11,2026-07-25 15:58:11,2026-07-30 15:58:11,5,93.64,3,Brisbane,738.48,1.0,Late Delivery
ORD-100131,B2B-36364,2025-09-06 03:35:56,2025-09-17 03:35:56,2025-09-16 03:35:56,-1,75.89,3,Brisbane,450.6,0.0,
ORD-100132,B2B-69860,2025-12-15 06:11:38,2025-12-23 06:11:38,2025-12-23 06:11:38,0,65.28,3,Melbourne,629.23,0.0,
ORD-100133,B2B-40178,2026-01-29 02:22:29,2026-02-06 02:22:29,2026-02-08 02:22:29,2,77.09,3,Melbourne,294.57,1.0,Late Delivery
ORD-100134,B2B-84692,2026-02-19 22:53:58,2026-03-01 22:53:58,2026-03-01 22:53:58,0,94.42,3,Melbourne,682.93,0.0,
ORD-100135,B2B-17434,2026-06-29 07:33:02,2026-07-11 07:33:02,2026-07-11 07:33:02,0,71.65,3,Brisbane,572.59,0.0,
ORD-100136,B2B-80845,2025-09-03 10:43:04,2025-09-14 10:43:04,2025-09-17 10:43:04,3,72.08,7,Brisbane,385.64,0.0,
ORD-100137,B2B-4952,2026-02-12 10:24:56,2026-02-19 10:24:56,2026-02-19 10:24:56,0,54.51,3,Brisbane,366.81,0.0,
ORD-100138,B2B-1715,2026-04-04 04:46:48,2026-04-16 04:46:48,2026-04-17 04:46:48,1,57.58,7,Melbourne,321.45,0.0,
ORD-100139,B2B-70116,2025-08-22 09:32:24,2025-09-03 09:32:24,2025-09-06 09:32:24,3,62.6,7,Brisbane,289.27,0.0,
ORD-100140,B2B-93833,2025-11-12 05:21:56,2025-11-22 05:21:56,2025-11-23 05:21:56,1,93.11,3,Brisbane,418.51,0.0,
ORD-100141,B2B-34548,2025-08-07 18:45:08,2025-08-17 18:45:08,2025-08-16 18:45:08,-1,72.97,7,Melbourne,666.29,0.0,
ORD-100142,B2B-18191,2025-11-02 02:28:00,2025-11-14 02:28:00,2025-11-12 02:28:00,-2,63.65,3,Adelaide,239.43,0.0,
ORD-100143,B2B-55596,2025-09-17 23:08:09,2025-09-30 23:08:09,2025-09-29 23:08:09,-1,67.43,3,Brisbane,37.19,0.0,
ORD-100144,B2B-84692,2026-06-16 06:57:26,2026-06-28 06:57:26,2026-06-26 06:57:26,-2,93.51,3,Melbourne,682.93,0.0,
ORD-100145,B2B-65084,2026-05-29 19:01:29,2026-06-11 19:01:29,2026-06-12 19:01:29,1,70.23,7,Brisbane,218.58,0.0,
ORD-100146,B2B-32334,2026-02-08 02:02:13,2026-02-20 02:02:13,2026-02-20 02:02:13,0,83.85,3,Perth,496.63,0.0,
ORD-100147,B2B-9589,2026-01-07 20:23:14,2026-01-14 20:23:14,2026-01-15 20:23:14,1,80.59,3,Brisbane,646.64,1.0,Late Delivery
ORD-100148,B2B-75594,2025-09-01 20:49:13,2025-09-12 20:49:13,2025-09-12 20:49:13,0,51.34,3,Perth,237.46,0.0,
ORD-100149,B2B-69860,2025-10-04 00:55:41,2025-10-14 00:55:41,2025-10-17 00:55:41,3,82.98,3,Melbourne,629.23,0.0,
ORD-100150,B2B-31915,2025-12-24 13:20:54,2026-01-04 13:20:54,2025-12-31 13:20:54,-4,52.71,7,Perth,291.96,0.0,
ORD-100151,B2B-36771,2026-02-25 03:27:49,2026-03-07 03:27:49,2026-03-06 03:27:49,-1,75.58,3,Brisbane,443.33,0.0,
ORD-100152,B2B-49044,2026-07-29 15:50:33,2026-08-06 15:50:33,2026-08-08 15:50:33,2,84.21,7,Brisbane,662.08,0.0,
ORD-100153,B2B-62271,2026-03-17 06:46:34,2026-03-31 06:46:34,2026-03-30 06:46:34,-1,68.52,7,Melbourne,288.22,0.0,
ORD-100154,B2B-47887,2026-04-13 06:50:44,2026-04-24 06:50:44,2026-04-24 06:50:44,0,73.07,3,Brisbane,421.59,0.0,
ORD-100155,B2B-7824,2026-01-24 22:16:41,2026-02-03 22:16:41,2026-02-04 22:16:41,1,72.14,3,Brisbane,603.55,0.0,
ORD-100156,B2B-1715,2026-07-29 17:32:15,2026-08-10 17:32:15,2026-08-10 17:32:15,0,48.66,7,Melbourne,321.45,0.0,
ORD-100157,B2B-73790,2026-05-14 20:14:29,2026-05-24 20:14:29,2026-05-19 20:14:29,-5,67.42,3,Melbourne,354.4,0.0,
ORD-100158,B2B-24203,2025-11-26 08:19:13,2025-12-05 08:19:13,2025-12-02 08:19:13,-3,55.73,3,Brisbane,156.46,0.0,
ORD-100159,B2B-57770,2026-03-18 12:44:24,2026-03-27 12:44:24,2026-03-27 12:44:24,0,68.47,3,Perth,398.92,0.0,
ORD-100160,B2B-56564,2025-09-01 17:54:10,2025-09-12 17:54:10,2025-09-14 17:54:10,2,56.22,7,Adelaide,188.33,0.0,
ORD-100161,B2B-80015,2026-01-01 07:42:17,2026-01-09 07:42:17,2026-01-10 07:42:17,1,47.03,3,Perth,168.28,0.0,
ORD-100162,B2B-8853,2026-05-20 23:43:42,2026-06-01 23:43:42,2026-06-01 23:43:42,0,75.27,7,Melbourne,432.38,0.0,
ORD-100163,B2B-29290,2026-07-29 15:19:02,2026-08-11 15:19:02,2026-08-08 15:19:02,-3,95.16,7,Melbourne,739.67,0.0,
ORD-100164,B2B-91629,2025-11-24 06:20:48,2025-12-08 06:20:48,2025-12-11 06:20:48,3,69.25,3,Adelaide,222.93,0.0,
ORD-100165,B2B-96462,2026-07-17 04:47:20,2026-07-29 04:47:20,2026-07-27 04:47:20,-2,75.03,3,Brisbane,172.15,0.0,
ORD-100166,B2B-74684,2026-04-20 23:35:44,2026-05-02 23:35:44,2026-05-03 23:35:44,1,75.95,3,Brisbane,548.73,0.0,
ORD-100167,B2B-2258,2026-07-19 14:29:10,2026-07-28 14:29:10,2026-07-28 14:29:10,0,64.96,3,Brisbane,331.68,0.0,
ORD-100168,B2B-80845,2025-10-24 16:35:28,2025-11-05 16:35:28,2025-11-02 16:35:28,-3,70.47,7,Brisbane,385.64,0.0,
ORD-100169,B2B-97179,2026-04-26 15:23:06,2026-05-04 15:23:06,2026-05-04 15:23:06,0,68.39,3,Melbourne,566.59,0.0,
ORD-100170,B2B-97673,2025-08-23 05:53:19,2025-09-01 05:53:19,2025-09-03 05:53:19,2,59.18,3,Melbourne,665.56,1.0,Late Delivery
ORD-100171,B2B-77661,2026-01-13 19:32:56,2026-01-23 19:32:56,2026-01-23 19:32:56,0,90.0,3,Melbourne,852.66,0.0,
ORD-100172,B2B-41342,2025-08-23 21:59:37,2025-08-31 21:59:37,2025-09-04 21:59:37,4,64.55,3,Adelaide,247.72,1.0,Late Delivery
ORD-100173,B2B-16185,2026-07-26 18:41:23,2026-08-08 18:41:23,2026-08-09 18:41:23,1,62.5,3,Melbourne,106.42,0.0,
ORD-100174,B2B-26559,2026-06-18 22:24:45,2026-06-28 22:24:45,2026-06-28 22:24:45,0,72.43,7,Melbourne,410.2,0.0,
ORD-100175,B2B-27189,2026-05-26 14:20:34,2026-06-08 14:20:34,2026-06-08 14:20:34,0,92.11,3,Brisbane,532.44,0.0,
ORD-100176,B2B-81896,2026-06-22 11:16:19,2026-06-29 11:16:19,2026-07-01 11:16:19,2,47.44,3,Brisbane,219.03,0.0,
ORD-100177,B2B-65412,2025-12-19 18:49:14,2025-12-29 18:49:14,2025-12-29 18:49:14,0,70.88,3,Adelaide,368.85,0.0,
ORD-100178,B2B-62271,2026-07-13 14:37:12,2026-07-27 14:37:12,2026-07-22 14:37:12,-5,55.05,7,Melbourne,288.22,0.0,
ORD-100179,B2B-43323,2025-11-19 22:19:01,2025-12-03 22:19:01,2025-12-03 22:19:01,0,63.22,7,Melbourne,593.06,0.0,
ORD-100180,B2B-85628,2026-06-30 20:51:58,2026-07-10 20:51:58,2026-07-09 20:51:58,-1,64.55,7,Brisbane,299.31,0.0,
ORD-100181,B2B-72214,2026-01-29 20:45:29,2026-02-12 20:45:29,2026-02-12 20:45:29,0,62.91,3,Melbourne,211.97,0.0,
ORD-100182,B2B-74018,2025-08-26 14:23:02,2025-09-09 14:23:02,2025-09-09 14:23:02,0,65.38,3,Brisbane,437.58,0.0,
ORD-100183,B2B-55596,2025-11-21 02:15:11,2025-11-29 02:15:11,2025-11-29 02:15:11,0,48.68,3,Brisbane,37.19,0.0,
ORD-100184,B2B-62355,2026-05-03 03:04:56,2026-05-10 03:04:56,2026-05-11 03:04:56,1,74.17,3,Adelaide,200.8,0.0,
ORD-100185,B2B-57426,2026-01-20 07:31:35,2026-01-31 07:31:35,2026-02-01 07:31:35,1,86.34,7,Melbourne,498.84,0.0,
ORD-100186,B2B-11848,2026-07-09 15:08:18,2026-07-22 15:08:18,2026-07-20 15:08:18,-2,83.95,3,Melbourne,509.37,0.0,
ORD-100187,B2B-65084,2026-07-02 08:35:17,2026-07-15 08:35:17,2026-07-15 08:35:17,0,65.59,7,Brisbane,218.58,0.0,
ORD-100188,B2B-6754,2026-07-01 12:52:20,2026-07-08 12:52:20,2026-07-09 12:52:20,1,82.87,3,Perth,533.44,0.0,
ORD-100189,B2B-54971,2026-07-07 04:43:11,2026-07-15 04:43:11,2026-07-14 04:43:11,-1,78.25,7,Brisbane,147.06,0.0,
ORD-100190,B2B-93833,2025-12-02 23:33:08,2025-12-09 23:33:08,2025-12-09 23:33:08,0,76.77,3,Brisbane,418.51,0.0,
ORD-100191,B2B-76363,2026-05-29 20:29:18,2026-06-12 20:29:18,2026-06-18 20:29:18,6,77.86,7,Melbourne,555.75,1.0,Late Delivery
ORD-100192,B2B-11435,2025-08-13 12:49:48,2025-08-25 12:49:48,2025-08-27 12:49:48,2,58.76,7,Melbourne,298.71,0.0,
ORD-100193,B2B-39539,2026-02-16 16:16:50,2026-02-28 16:16:50,2026-02-23 16:16:50,-5,96.07,3,Brisbane,614.75,0.0,
ORD-100194,B2B-76456,2025-10-19 19:05:39,2025-10-28 19:05:39,2025-10-28 19:05:39,0,62.07,3,Adelaide,487.84,0.0,
ORD-100195,B2B-6337,2025-11-06 13:25:32,2025-11-17 13:25:32,2025-11-17 13:25:32,0,73.99,7,Melbourne,362.09,0.0,
ORD-100196,B2B-21097,2025-10-23 08:40:13,2025-10-30 08:40:13,2025-10-30 08:40:13,0,60.23,3,Melbourne,138.29,0.0,
ORD-100197,B2B-69254,2026-07-28 16:30:46,2026-08-08 16:30:46,2026-08-13 16:30:46,5,55.96,7,Brisbane,391.86,1.0,Late Delivery
ORD-100198,B2B-28109,2025-08-19 07:53:11,2025-08-31 07:53:11,2025-08-31 07:53:11,0,53.1,7,Melbourne,53.68,0.0,
ORD-100199,B2B-30729,2025-08-07 14:33:26,2025-08-17 14:33:26,2025-08-18 14:33:26,1,78.01,3,Melbourne,556.38,0.0,
ORD-100200,B2B-74836,2026-04-28 03:34:45,2026-05-12 03:34:45,2026-05-12 03:34:45,0,59.43,3,Adelaide,437.22,0.0,
ORD-100201,B2B-2773,2025-08-27 22:21:23,2025-09-06 22:21:23,2025-09-07 22:21:23,1,48.26,3,Perth,223.95,0.0,
ORD-100202,B2B-54897,2025-08-08 04:53:05,2025-08-15 04:53:05,2025-08-15 04:53:05,0,52.35,3,Melbourne,287.59,0.0,
ORD-100203,B2B-84982,2026-06-03 22:40:28,2026-06-14 22:40:28,2026-06-14 22:40:28,0,58.44,3,Adelaide,168.92,0.0,
ORD-100204,B2B-41054,2026-03-10 20:35:30,2026-03-20 20:35:30,2026-03-22 20:35:30,2,71.46,7,Perth,470.71,0.0,
ORD-100205,B2B-35688,2025-12-28 20:43:45,2026-01-10 20:43:45,2026-01-08 20:43:45,-2,72.51,7,Adelaide,329.31,0.0,
ORD-100206,B2B-2258,2026-04-17 14:18:12,2026-05-01 14:18:12,2026-05-02 14:18:12,1,73.73,3,Brisbane,331.68,0.0,
ORD-100207,B2B-20421,2026-01-06 17:11:28,2026-01-18 17:11:28,2026-01-18 17:11:28,0,85.27,3,Brisbane,718.6,0.0,
ORD-100208,B2B-97825,2025-12-28 17:44:35,2026-01-07 17:44:35,2026-01-06 17:44:35,-1,71.97,3,Brisbane,371.6,0.0,
ORD-100209,B2B-14205,2025-11-22 05:43:39,2025-12-04 05:43:39,2025-12-05 05:43:39,1,52.88,7,Melbourne,93.91,0.0,
ORD-100210,B2B-44847,2025-10-13 17:27:29,2025-10-20 17:27:29,2025-10-18 17:27:29,-2,40.47,7,Melbourne,130.12,0.0,
ORD-100211,B2B-52738,2026-01-16 08:14:20,2026-01-28 08:14:20,2026-01-24 08:14:20,-4,101.4,3,Brisbane,826.49,0.0,
ORD-100212,B2B-77562,2026-04-25 08:19:40,2026-05-06 08:19:40,2026-05-07 08:19:40,1,43.94,7,Perth,194.73,0.0,
ORD-100213,B2B-20421,2025-08-28 09:33:06,2025-09-05 09:33:06,2025-09-03 09:33:06,-2,93.24,3,Brisbane,718.6,0.0,
ORD-100214,B2B-52106,2026-06-16 21:08:42,2026-06-24 21:08:42,2026-06-21 21:08:42,-3,83.58,3,Brisbane,665.15,0.0,
ORD-100215,B2B-36874,2025-08-01 14:36:21,2025-08-12 14:36:21,2025-08-12 14:36:21,0,85.88,3,Brisbane,580.4,0.0,
ORD-100216,B2B-17520,2026-07-12 07:35:35,2026-07-22 07:35:35,2026-07-19 07:35:35,-3,73.58,7,Melbourne,74.84,0.0,
ORD-100217,B2B-15993,2025-12-10 23:27:07,2025-12-21 23:27:07,2025-12-25 23:27:07,4,64.57,3,Brisbane,270.48,1.0,Late Delivery
ORD-100218,B2B-11521,2026-07-02 08:25:54,2026-07-13 08:25:54,2026-07-14 08:25:54,1,48.4,3,Perth,26.15,0.0,
ORD-100219,B2B-84098,2026-02-09 14:33:56,2026-02-17 14:33:56,2026-02-17 14:33:56,0,67.05,7,Adelaide,156.59,0.0,
ORD-100220,B2B-43323,2025-11-12 18:05:27,2025-11-25 18:05:27,2025-11-25 18:05:27,0,44.94,7,Melbourne,593.06,0.0,
ORD-100221,B2B-92368,2025-09-29 19:10:46,2025-10-10 19:10:46,2025-10-08 19:10:46,-2,59.29,3,Brisbane,113.13,0.0,
ORD-100222,B2B-24922,2026-03-26 14:33:29,2026-04-09 14:33:29,2026-04-09 14:33:29,0,86.31,7,Melbourne,637.48,0.0,
ORD-100223,B2B-29283,2025-08-27 15:59:28,2025-09-06 15:59:28,2025-09-07 15:59:28,1,63.06,3,Perth,334.32,0.0,
ORD-100224,B2B-20130,2025-11-13 15:15:28,2025-11-22 15:15:28,2025-11-21 15:15:28,-1,77.01,7,Adelaide,297.52,0.0,
ORD-100225,B2B-56126,2026-05-30 06:13:49,2026-06-08 06:13:49,2026-06-02 06:13:49,-6,84.1,3,Adelaide,432.51,0.0,
ORD-100226,B2B-21862,2025-12-21 13:02:23,2026-01-04 13:02:23,2026-01-05 13:02:23,1,81.89,3,Brisbane,673.76,0.0,
ORD-100227,B2B-16506,2026-01-28 04:40:23,2026-02-09 04:40:23,2026-02-13 04:40:23,4,95.46,3,Brisbane,422.23,1.0,Late Delivery
ORD-100228,B2B-46396,2026-02-11 10:51:36,2026-02-21 10:51:36,2026-02-20 10:51:36,-1,62.91,7,Adelaide,251.37,0.0,
ORD-100229,B2B-73752,2025-08-20 15:00:48,2025-09-03 15:00:48,2025-09-02 15:00:48,-1,68.68,7,Perth,578.14,0.0,
ORD-100230,B2B-43127,2025-12-05 01:03:19,2025-12-15 01:03:19,2025-12-17 01:03:19,2,56.67,7,Melbourne,363.12,0.0,
ORD-100231,B2B-2144,2025-09-03 22:57:16,2025-09-10 22:57:16,2025-09-10 22:57:16,0,82.42,7,Brisbane,421.59,0.0,
ORD-100232,B2B-47208,2025-11-26 17:23:44,2025-12-08 17:23:44,2025-12-11 17:23:44,3,68.35,3,Melbourne,563.28,1.0,Late Delivery
ORD-100233,B2B-3380,2026-01-05 03:12:29,2026-01-14 03:12:29,2026-01-14 03:12:29,0,44.32,3,Perth,113.43,0.0,
ORD-100234,B2B-53943,2025-11-25 08:35:46,2025-12-08 08:35:46,2025-12-07 08:35:46,-1,96.67,3,Melbourne,648.98,0.0,
ORD-100235,B2B-6492,2026-01-22 05:38:31,2026-02-05 05:38:31,2026-02-04 05:38:31,-1,69.73,3,Brisbane,348.96,0.0,
ORD-100236,B2B-67244,2025-09-10 05:06:06,2025-09-18 05:06:06,2025-09-17 05:06:06,-1,90.16,3,Brisbane,698.62,0.0,
ORD-100237,B2B-824,2026-07-26 01:37:22,2026-08-07 01:37:22,2026-08-08 01:37:22,1,61.59,7,Brisbane,210.68,0.0,
ORD-100238,B2B-87571,2025-12-11 07:29:35,2025-12-23 07:29:35,2025-12-24 07:29:35,1,48.57,3,Perth,271.95,1.0,Late Delivery
ORD-100239,B2B-71281,2025-09-30 01:43:13,2025-10-13 01:43:13,2025-10-15 01:43:13,2,72.79,3,Adelaide,295.12,0.0,
ORD-100240,B2B-46127,2025-11-18 19:19:20,2025-11-25 19:19:20,2025-11-30 19:19:20,5,105.82,3,Brisbane,494.33,1.0,Late Delivery
ORD-100241,B2B-10589,2026-05-24 01:22:23,2026-05-31 01:22:23,2026-06-02 01:22:23,2,70.28,7,Adelaide,206.53,0.0,
ORD-100242,B2B-53943,2026-03-14 06:02:48,2026-03-26 06:02:48,2026-03-27 06:02:48,1,87.43,3,Melbourne,648.98,0.0,
ORD-100243,B2B-30703,2026-03-03 06:59:37,2026-03-14 06:59:37,2026-03-14 06:59:37,0,67.56,3,Brisbane,215.86,0.0,
ORD-100244,B2B-469,2025-09-11 10:41:02,2025-09-18 10:41:02,2025-09-18 10:41:02,0,67.45,7,Brisbane,568.96,0.0,
ORD-100245,B2B-72219,2025-09-13 02:07:47,2025-09-23 02:07:47,2025-09-26 02:07:47,3,80.81,7,Brisbane,428.71,0.0,
ORD-100246,B2B-69353,2025-10-15 13:05:43,2025-10-26 13:05:43,2025-10-26 13:05:43,0,60.71,3,Brisbane,80.41,0.0,
ORD-100247,B2B-97825,2025-10-31 23:38:38,2025-11-08 23:38:38,2025-11-09 23:38:38,1,63.23,3,Brisbane,371.6,0.0,
ORD-100248,B2B-41580,2025-08-29 21:19:51,2025-09-08 21:19:51,2025-09-08 21:19:51,0,78.55,7,Brisbane,585.24,0.0,
ORD-100249,B2B-87026,2026-07-30 18:22:02,2026-08-08 18:22:02,2026-08-08 18:22:02,0,62.02,3,Melbourne,149.38,0.0,
ORD-100250,B2B-33680,2025-08-18 17:18:13,2025-09-01 17:18:13,2025-09-03 17:18:13,2,69.68,3,Perth,278.55,1.0,Late Delivery
ORD-100251,B2B-71321,2025-12-11 09:41:19,2025-12-18 09:41:19,2025-12-23 09:41:19,5,73.4,7,Melbourne,460.1,1.0,Late Delivery
ORD-100252,B2B-29323,2026-07-19 19:30:28,2026-08-02 19:30:28,2026-08-03 19:30:28,1,58.45,3,Melbourne,274.14,0.0,
ORD-100253,B2B-21541,2025-11-19 06:26:03,2025-11-28 06:26:03,2025-11-26 06:26:03,-2,52.84,3,Adelaide,112.75,0.0,
ORD-100254,B2B-70465,2025-10-31 06:15:00,2025-11-07 06:15:00,2025-11-07 06:15:00,0,64.67,3,Melbourne,465.9,0.0,
ORD-100255,B2B-532,2026-05-10 01:06:24,2026-05-18 01:06:24,2026-05-18 01:06:24,0,60.99,7,Adelaide,57.73,0.0,
ORD-100256,B2B-28602,2026-07-17 05:49:02,2026-07-31 05:49:02,2026-08-01 05:49:02,1,47.5,3,Melbourne,223.1,0.0,
ORD-100257,B2B-97825,2026-03-21 16:36:37,2026-03-29 16:36:37,2026-03-29 16:36:37,0,62.18,3,Brisbane,371.6,0.0,
ORD-100258,B2B-16876,2026-03-05 20:03:43,2026-03-16 20:03:43,2026-03-14 20:03:43,-2,64.52,3,Brisbane,560.95,0.0,
ORD-100259,B2B-4952,2025-10-28 06:05:01,2025-11-09 06:05:01,2025-11-12 06:05:01,3,59.66,3,Brisbane,366.81,0.0,
ORD-100260,B2B-97276,2025-08-13 14:50:44,2025-08-24 14:50:44,2025-08-23 14:50:44,-1,42.85,3,Brisbane,198.51,0.0,
ORD-100261,B2B-67047,2026-07-18 06:17:06,2026-07-30 06:17:06,2026-07-30 06:17:06,0,54.95,3,Brisbane,131.63,0.0,
ORD-100262,B2B-24999,2025-09-06 05:22:54,2025-09-19 05:22:54,2025-09-20 05:22:54,1,83.71,7,Melbourne,573.77,0.0,
ORD-100263,B2B-77661,2026-06-17 12:15:46,2026-06-30 12:15:46,2026-06-28 12:15:46,-2,97.84,3,Melbourne,852.66,0.0,
ORD-100264,B2B-11521,2026-03-22 04:03:06,2026-04-05 04:03:06,2026-04-05 04:03:06,0,53.91,3,Perth,26.15,0.0,
ORD-100265,B2B-90230,2026-04-09 14:30:08,2026-04-23 14:30:08,2026-04-23 14:30:08,0,53.64,7,Brisbane,406.47,0.0,
ORD-100266,B2B-8916,2026-02-07 10:13:30,2026-02-21 10:13:30,2026-02-21 10:13:30,0,59.2,3,Adelaide,335.64,0.0,
ORD-100267,B2B-76032,2025-08-28 14:40:35,2025-09-05 14:40:35,2025-09-09 14:40:35,4,77.29,3,Melbourne,668.56,0.0,
ORD-100268,B2B-4727,2025-10-03 06:47:12,2025-10-13 06:47:12,2025-10-09 06:47:12,-4,71.7,7,Adelaide,619.93,0.0,
ORD-100269,B2B-21199,2026-03-25 19:21:09,2026-04-07 19:21:09,2026-04-06 19:21:09,-1,50.2,3,Adelaide,136.6,0.0,
ORD-100270,B2B-5208,2026-06-05 03:51:15,2026-06-14 03:51:15,2026-06-13 03:51:15,-1,64.13,3,Brisbane,483.35,0.0,
ORD-100271,B2B-41054,2026-06-09 21:08:34,2026-06-21 21:08:34,2026-06-21 21:08:34,0,77.49,7,Perth,470.71,0.0,
ORD-100272,B2B-52871,2025-11-23 13:16:50,2025-12-02 13:16:50,2025-12-02 13:16:50,0,78.56,3,Melbourne,625.46,0.0,
ORD-100273,B2B-70586,2026-01-19 05:07:47,2026-01-28 05:07:47,2026-01-31 05:07:47,3,76.04,7,Adelaide,271.32,1.0,Late Delivery
ORD-100274,B2B-64224,2026-01-09 06:28:24,2026-01-20 06:28:24,2026-01-22 06:28:24,2,53.56,3,Brisbane,300.91,0.0,
ORD-100275,B2B-63735,2025-10-16 18:21:46,2025-10-30 18:21:46,2025-10-27 18:21:46,-3,70.51,3,Brisbane,225.01,0.0,
ORD-100276,B2B-31506,2025-12-24 04:21:30,2026-01-02 04:21:30,2026-01-05 04:21:30,3,92.82,7,Brisbane,802.14,0.0,
ORD-100277,B2B-44951,2026-01-27 16:53:09,2026-02-05 16:53:09,2026-02-05 16:53:09,0,94.39,3,Melbourne,832.42,0.0,
ORD-100278,B2B-77707,2025-12-11 16:52:54,2025-12-21 16:52:54,2025-12-23 16:52:54,2,68.3,3,Melbourne,132.1,0.0,
ORD-100279,B2B-26477,2025-09-07 05:48:18,2025-09-14 05:48:18,2025-09-14 05:48:18,0,60.82,3,Melbourne,267.63,0.0,
ORD-100280,B2B-55636,2025-09-26 11:49:12,2025-10-03 11:49:12,2025-10-04 11:49:12,1,54.53,7,Adelaide,103.07,0.0,
ORD-100281,B2B-87928,2026-06-20 21:34:34,2026-06-27 21:34:34,2026-06-27 21:34:34,0,68.86,3,Perth,293.15,0.0,
ORD-100282,B2B-91425,2025-10-11 20:43:17,2025-10-23 20:43:17,2025-10-23 20:43:17,0,68.08,3,Brisbane,396.55,0.0,
ORD-100283,B2B-42372,2025-10-10 15:01:30,2025-10-20 15:01:30,2025-10-21 15:01:30,1,67.2,3,Melbourne,306.08,0.0,
ORD-100284,B2B-1563,2025-12-25 11:56:49,2026-01-07 11:56:49,2026-01-07 11:56:49,0,43.04,3,Adelaide,182.02,0.0,
ORD-100285,B2B-41761,2025-10-31 06:51:41,2025-11-09 06:51:41,2025-11-09 06:51:41,0,61.57,3,Adelaide,248.81,0.0,
ORD-100286,B2B-16615,2025-10-24 08:36:57,2025-11-02 08:36:57,2025-10-31 08:36:57,-2,74.57,3,Brisbane,353.55,0.0,
ORD-100287,B2B-68212,2026-06-08 02:07:40,2026-06-19 02:07:40,2026-06-19 02:07:40,0,57.75,3,Adelaide,41.47,0.0,
ORD-100288,B2B-24999,2026-07-09 05:42:58,2026-07-23 05:42:58,2026-07-22 05:42:58,-1,71.78,7,Melbourne,573.77,0.0,
ORD-100289,B2B-42934,2025-10-13 19:07:45,2025-10-22 19:07:45,2025-10-27 19:07:45,5,78.87,3,Brisbane,637.56,0.0,
ORD-100290,B2B-35745,2026-05-30 11:23:13,2026-06-06 11:23:13,2026-06-05 11:23:13,-1,61.84,7,Brisbane,188.89,0.0,
ORD-100291,B2B-80380,2025-08-20 00:25:58,2025-09-02 00:25:58,2025-09-03 00:25:58,1,81.82,3,Adelaide,545.83,0.0,
ORD-100292,B2B-45330,2026-07-02 21:38:06,2026-07-12 21:38:06,2026-07-12 21:38:06,0,76.0,3,Brisbane,371.39,0.0,
ORD-100293,B2B-78279,2025-11-28 06:26:56,2025-12-07 06:26:56,2025-12-09 06:26:56,2,58.86,3,Adelaide,40.95,1.0,Customer Service
ORD-100294,B2B-93117,2025-12-04 21:37:23,2025-12-13 21:37:23,2025-12-12 21:37:23,-1,79.56,3,Brisbane,583.68,0.0,
ORD-100295,B2B-37533,2025-08-25 06:36:07,2025-09-01 06:36:07,2025-09-02 06:36:07,1,88.96,3,Melbourne,626.0,0.0,
ORD-100296,B2B-5208,2025-12-17 15:24:45,2025-12-30 15:24:45,2025-12-29 15:24:45,-1,60.36,3,Brisbane,483.35,0.0,
ORD-100297,B2B-77661,2025-12-13 09:48:52,2025-12-24 09:48:52,2025-12-28 09:48:52,4,99.04,3,Melbourne,852.66,0.0,
ORD-100298,B2B-33897,2025-10-15 12:22:47,2025-10-23 12:22:47,2025-10-20 12:22:47,-3,84.72,7,Melbourne,555.88,0.0,
ORD-100299,B2B-6754,2026-05-01 16:52:00,2026-05-13 16:52:00,2026-05-10 16:52:00,-3,56.32,3,Perth,533.44,0.0,
ORD-100300,B2B-2258,2026-02-19 23:57:29,2026-02-28 23:57:29,2026-02-28 23:57:29,0,75.18,3,Brisbane,331.68,0.0,
ORD-100301,B2B-69254,2026-06-11 11:21:33,2026-06-19 11:21:33,2026-06-18 11:21:33,-1,69.63,7,Brisbane,391.86,0.0,
ORD-100302,B2B-67196,2026-03-18 12:26:47,2026-04-01 12:26:47,2026-04-01 12:26:47,0,74.75,7,Brisbane,206.28,0.0,
ORD-100303,B2B-54971,2026-06-25 22:12:00,2026-07-02 22:12:00,2026-07-01 22:12:00,-1,52.43,7,Brisbane,147.06,0.0,
ORD-100304,B2B-19407,2026-07-26 05:45:20,2026-08-06 05:45:20,2026-08-08 05:45:20,2,68.81,3,Perth,308.14,0.0,
ORD-100305,B2B-29290,2026-05-31 09:50:42,2026-06-13 09:50:42,2026-06-12 09:50:42,-1,90.28,7,Melbourne,739.67,0.0,
ORD-100306,B2B-42934,2026-05-02 04:41:33,2026-05-09 04:41:33,2026-05-07 04:41:33,-2,73.62,3,Brisbane,637.56,0.0,
ORD-100307,B2B-19617,2025-10-26 04:38:12,2025-11-03 04:38:12,2025-10-30 04:38:12,-4,75.74,7,Adelaide,408.26,0.0,
ORD-100308,B2B-40085,2026-06-26 08:40:28,2026-07-04 08:40:28,2026-07-05 08:40:28,1,70.36,3,Adelaide,297.66,0.0,
ORD-100309,B2B-28109,2025-08-23 03:01:17,2025-09-04 03:01:17,2025-09-02 03:01:17,-2,39.05,7,Melbourne,53.68,0.0,
ORD-100310,B2B-3524,2025-08-15 00:49:26,2025-08-23 00:49:26,2025-08-23 00:49:26,0,46.52,3,Melbourne,100.69,0.0,
ORD-100311,B2B-44847,2025-10-04 16:29:04,2025-10-15 16:29:04,2025-10-13 16:29:04,-2,56.65,7,Melbourne,130.12,0.0,
ORD-100312,B2B-80845,2026-04-03 18:34:55,2026-04-14 18:34:55,2026-04-16 18:34:55,2,74.11,7,Brisbane,385.64,0.0,
ORD-100313,B2B-49044,2026-07-17 10:02:13,2026-07-31 10:02:13,2026-07-31 10:02:13,0,99.01,7,Brisbane,662.08,0.0,
ORD-100314,B2B-32334,2026-03-20 03:02:35,2026-03-27 03:02:35,2026-03-28 03:02:35,1,65.57,3,Perth,496.63,0.0,
ORD-100315,B2B-9928,2025-08-06 19:07:54,2025-08-20 19:07:54,2025-08-18 19:07:54,-2,61.72,3,Perth,85.7,0.0,
ORD-100316,B2B-41777,2025-09-23 07:34:59,2025-10-04 07:34:59,2025-10-06 07:34:59,2,62.2,7,Melbourne,60.38,0.0,
ORD-100317,B2B-83562,2026-04-02 23:33:49,2026-04-14 23:33:49,2026-04-14 23:33:49,0,65.71,7,Brisbane,229.29,0.0,
ORD-100318,B2B-73752,2026-03-09 04:30:28,2026-03-22 04:30:28,2026-03-22 04:30:28,0,75.82,7,Perth,578.14,0.0,
ORD-100319,B2B-57091,2025-10-11 14:45:23,2025-10-19 14:45:23,2025-10-17 14:45:23,-2,63.97,3,Brisbane,159.39,0.0,
ORD-100320,B2B-74836,2026-03-29 11:10:34,2026-04-11 11:10:34,2026-04-08 11:10:34,-3,66.21,3,Adelaide,437.22,0.0,
ORD-100321,B2B-34949,2025-08-30 07:02:55,2025-09-11 07:02:55,2025-09-11 07:02:55,0,69.32,3,Adelaide,297.34,0.0,
ORD-100322,B2B-69617,2026-01-12 10:12:11,2026-01-25 10:12:11,2026-01-26 10:12:11,1,75.65,7,Melbourne,439.75,0.0,
ORD-100323,B2B-17894,2026-03-15 23:42:54,2026-03-23 23:42:54,2026-03-27 23:42:54,4,65.44,7,Perth,412.29,0.0,
ORD-100324,B2B-75299,2026-06-04 10:49:08,2026-06-12 10:49:08,2026-06-13 10:49:08,1,51.33,3,Brisbane,418.34,0.0,
ORD-100325,B2B-20130,2026-05-03 04:45:35,2026-05-11 04:45:35,2026-05-11 04:45:35,0,84.19,7,Adelaide,297.52,0.0,
ORD-100326,B2B-43127,2025-09-08 12:11:25,2025-09-19 12:11:25,2025-09-20 12:11:25,1,67.71,7,Melbourne,363.12,0.0,
ORD-100327,B2B-76032,2025-08-29 05:15:53,2025-09-11 05:15:53,2025-09-12 05:15:53,1,79.18,3,Melbourne,668.56,0.0,
ORD-100328,B2B-97825,2026-07-19 22:13:05,2026-08-01 22:13:05,2026-08-02 22:13:05,1,81.92,3,Brisbane,371.6,0.0,
ORD-100329,B2B-86225,2025-09-29 22:22:17,2025-10-06 22:22:17,2025-10-05 22:22:17,-1,78.97,3,Perth,237.6,0.0,
ORD-100330,B2B-90230,2025-08-06 19:40:59,2025-08-17 19:40:59,2025-08-19 19:40:59,2,60.92,7,Brisbane,406.47,0.0,
ORD-100331,B2B-40702,2026-07-15 21:51:28,2026-07-22 21:51:28,2026-07-24 21:51:28,2,72.2,7,Perth,229.26,1.0,Late Delivery
ORD-100332,B2B-19617,2026-04-07 02:45:55,2026-04-14 02:45:55,2026-04-17 02:45:55,3,69.42,7,Adelaide,408.26,0.0,
ORD-100333,B2B-79418,2025-12-06 19:34:30,2025-12-15 19:34:30,2025-12-15 19:34:30,0,56.43,3,Perth,263.24,0.0,
ORD-100334,B2B-80146,2026-06-04 07:16:53,2026-06-16 07:16:53,2026-06-20 07:16:53,4,86.61,7,Melbourne,723.44,1.0,Customer Service
ORD-100335,B2B-79418,2025-08-19 05:35:40,2025-08-30 05:35:40,2025-08-30 05:35:40,0,63.06,3,Perth,263.24,0.0,
ORD-100336,B2B-31938,2026-01-08 04:04:21,2026-01-20 04:04:21,2026-01-19 04:04:21,-1,64.78,3,Melbourne,430.15,0.0,
ORD-100337,B2B-51328,2025-11-02 18:18:42,2025-11-14 18:18:42,2025-11-11 18:18:42,-3,77.71,3,Brisbane,571.61,0.0,
ORD-100338,B2B-84509,2025-10-25 04:27:16,2025-11-04 04:27:16,2025-11-04 04:27:16,0,82.65,3,Brisbane,417.09,0.0,
ORD-100339,B2B-65084,2025-09-21 11:15:20,2025-10-02 11:15:20,2025-10-04 11:15:20,2,31.79,7,Brisbane,218.58,0.0,
ORD-100340,B2B-18191,2025-10-28 13:02:24,2025-11-07 13:02:24,2025-11-05 13:02:24,-2,55.08,3,Adelaide,239.43,0.0,
ORD-100341,B2B-77661,2026-03-18 13:37:23,2026-03-30 13:37:23,2026-03-29 13:37:23,-1,90.79,3,Melbourne,852.66,0.0,
ORD-100342,B2B-54945,2026-03-18 13:16:43,2026-03-28 13:16:43,2026-04-01 13:16:43,4,59.74,7,Brisbane,251.33,0.0,
ORD-100343,B2B-17740,2025-11-07 21:28:05,2025-11-20 21:28:05,2025-11-21 21:28:05,1,46.74,3,Perth,162.38,0.0,
ORD-100344,B2B-65084,2025-11-27 21:07:09,2025-12-04 21:07:09,2025-12-04 21:07:09,0,76.06,7,Brisbane,218.58,0.0,
ORD-100345,B2B-97673,2025-08-28 04:30:01,2025-09-07 04:30:01,2025-09-08 04:30:01,1,97.84,3,Melbourne,665.56,0.0,
ORD-100346,B2B-39734,2026-01-16 05:28:54,2026-01-30 05:28:54,2026-02-01 05:28:54,2,86.23,3,Melbourne,599.79,0.0,
ORD-100347,B2B-35745,2025-08-14 06:31:18,2025-08-24 06:31:18,2025-08-25 06:31:18,1,50.83,7,Brisbane,188.89,0.0,
ORD-100348,B2B-73101,2026-02-07 18:03:09,2026-02-17 18:03:09,2026-02-16 18:03:09,-1,84.02,3,Melbourne,574.65,0.0,
ORD-100349,B2B-14205,2026-07-22 20:41:04,2026-08-04 20:41:04,2026-08-04 20:41:04,0,59.33,7,Melbourne,93.91,1.0,Packaging Damage
ORD-100350,B2B-4952,2026-03-08 22:03:06,2026-03-22 22:03:06,2026-03-23 22:03:06,1,82.76,3,Brisbane,366.81,0.0,
ORD-100351,B2B-26819,2025-09-20 03:59:46,2025-09-28 03:59:46,2025-09-28 03:59:46,0,75.67,7,Brisbane,325.12,0.0,
ORD-100352,B2B-42643,2026-03-03 12:02:23,2026-03-15 12:02:23,2026-03-15 12:02:23,0,54.56,3,Brisbane,334.58,0.0,
ORD-100353,B2B-9272,2025-08-09 08:35:08,2025-08-18 08:35:08,2025-08-17 08:35:08,-1,63.71,3,Brisbane,404.59,0.0,
ORD-100354,B2B-55596,2026-02-25 06:04:12,2026-03-04 06:04:12,2026-03-03 06:04:12,-1,44.99,3,Brisbane,37.19,0.0,
ORD-100355,B2B-4919,2026-01-24 01:05:35,2026-02-05 01:05:35,2026-02-05 01:05:35,0,64.07,3,Perth,100.95,0.0,
ORD-100356,B2B-64472,2025-09-08 22:54:48,2025-09-22 22:54:48,2025-09-22 22:54:48,0,65.71,3,Melbourne,409.98,0.0,
ORD-100357,B2B-77702,2025-12-03 03:58:21,2025-12-12 03:58:21,2025-12-13 03:58:21,1,68.02,7,Brisbane,154.37,0.0,
ORD-100358,B2B-1530,2026-04-03 21:55:38,2026-04-10 21:55:38,2026-04-11 21:55:38,1,40.95,3,Brisbane,38.68,0.0,
ORD-100359,B2B-2144,2025-08-09 15:24:22,2025-08-18 15:24:22,2025-08-18 15:24:22,0,76.61,7,Brisbane,421.59,0.0,
ORD-100360,B2B-19595,2026-01-29 11:01:13,2026-02-10 11:01:13,2026-02-09 11:01:13,-1,61.05,7,Brisbane,342.82,0.0,
ORD-100361,B2B-96003,2025-11-05 19:42:50,2025-11-17 19:42:50,2025-11-18 19:42:50,1,45.05,3,Melbourne,174.33,0.0,
ORD-100362,B2B-77707,2026-05-26 22:55:03,2026-06-03 22:55:03,2026-06-05 22:55:03,2,61.98,3,Melbourne,132.1,0.0,
ORD-100363,B2B-33680,2026-01-10 00:59:07,2026-01-24 00:59:07,2026-01-23 00:59:07,-1,69.75,3,Perth,278.55,0.0,
ORD-100364,B2B-16185,2025-09-25 19:55:26,2025-10-03 19:55:26,2025-10-02 19:55:26,-1,69.67,3,Melbourne,106.42,0.0,
ORD-100365,B2B-96462,2026-06-05 13:08:39,2026-06-19 13:08:39,2026-06-19 13:08:39,0,42.96,3,Brisbane,172.15,0.0,
ORD-100366,B2B-2402,2026-03-15 14:15:36,2026-03-27 14:15:36,2026-03-25 14:15:36,-2,81.63,3,Perth,399.68,0.0,
ORD-100367,B2B-36771,2026-04-23 21:14:46,2026-05-05 21:14:46,2026-05-05 21:14:46,0,79.49,3,Brisbane,443.33,0.0,
ORD-100368,B2B-75299,2026-04-30 14:05:24,2026-05-13 14:05:24,2026-05-13 14:05:24,0,77.36,3,Brisbane,418.34,0.0,
ORD-100369,B2B-77661,2026-02-24 09:39:25,2026-03-07 09:39:25,2026-03-10 09:39:25,3,98.76,3,Melbourne,852.66,0.0,
ORD-100370,B2B-70465,2026-06-01 20:06:52,2026-06-10 20:06:52,2026-06-10 20:06:52,0,68.26,3,Melbourne,465.9,0.0,
ORD-100371,B2B-33181,2026-02-26 19:40:21,2026-03-07 19:40:21,2026-03-07 19:40:21,0,61.52,3,Adelaide,257.39,0.0,
ORD-100372,B2B-44847,2026-03-27 09:33:21,2026-04-08 09:33:21,2026-04-05 09:33:21,-3,62.91,7,Melbourne,130.12,0.0,
ORD-100373,B2B-80380,2026-01-03 10:20:56,2026-01-14 10:20:56,2026-01-16 10:20:56,2,90.58,3,Adelaide,545.83,0.0,
ORD-100374,B2B-68919,2025-10-15 22:53:49,2025-10-25 22:53:49,2025-10-27 22:53:49,2,79.31,7,Adelaide,182.23,0.0,
ORD-100375,B2B-23088,2026-03-28 07:14:33,2026-04-08 07:14:33,2026-04-08 07:14:33,0,63.09,3,Brisbane,52.74,0.0,
ORD-100376,B2B-75641,2025-12-30 10:12:43,2026-01-09 10:12:43,2026-01-12 10:12:43,3,47.04,3,Adelaide,39.25,1.0,Customer Service
ORD-100377,B2B-72474,2026-04-16 09:39:12,2026-04-23 09:39:12,2026-04-25 09:39:12,2,69.21,7,Melbourne,663.97,0.0,
ORD-100378,B2B-15887,2025-11-04 11:18:29,2025-11-13 11:18:29,2025-11-13 11:18:29,0,67.32,7,Perth,234.39,0.0,
ORD-100379,B2B-83887,2026-02-16 08:52:42,2026-03-01 08:52:42,2026-03-02 08:52:42,1,61.11,7,Brisbane,45.19,1.0,Customer Service
ORD-100380,B2B-97673,2025-10-28 04:02:54,2025-11-09 04:02:54,2025-11-09 04:02:54,0,76.75,3,Melbourne,665.56,0.0,
ORD-100381,B2B-33006,2026-03-09 22:30:19,2026-03-18 22:30:19,2026-03-16 22:30:19,-2,79.25,3,Brisbane,288.71,0.0,
ORD-100382,B2B-49044,2026-06-30 22:07:49,2026-07-09 22:07:49,2026-07-09 22:07:49,0,70.34,7,Brisbane,662.08,0.0,
ORD-100383,B2B-79418,2026-01-03 14:13:28,2026-01-12 14:13:28,2026-01-14 14:13:28,2,76.58,3,Perth,263.24,0.0,
ORD-100384,B2B-70465,2025-11-06 18:26:30,2025-11-18 18:26:30,2025-11-19 18:26:30,1,63.08,3,Melbourne,465.9,0.0,
ORD-100385,B2B-30729,2026-02-27 21:18:03,2026-03-06 21:18:03,2026-03-08 21:18:03,2,69.02,3,Melbourne,556.38,0.0,
ORD-100386,B2B-32334,2025-12-14 13:26:21,2025-12-22 13:26:21,2025-12-24 13:26:21,2,79.57,3,Perth,496.63,0.0,
ORD-100387,B2B-55930,2025-11-26 22:24:19,2025-12-04 22:24:19,2025-12-07 22:24:19,3,71.78,3,Adelaide,264.74,0.0,
ORD-100388,B2B-20890,2026-07-22 15:14:52,2026-08-05 15:14:52,2026-08-03 15:14:52,-2,94.39,7,Brisbane,275.5,0.0,
ORD-100389,B2B-4919,2025-08-01 18:00:27,2025-08-12 18:00:27,2025-08-12 18:00:27,0,43.54,3,Perth,100.95,0.0,
ORD-100390,B2B-81420,2025-12-23 20:41:36,2025-12-31 20:41:36,2025-12-31 20:41:36,0,65.01,3,Melbourne,147.06,0.0,
ORD-100391,B2B-39082,2026-04-28 18:49:14,2026-05-08 18:49:14,2026-05-08 18:49:14,0,62.89,3,Melbourne,287.99,0.0,
ORD-100392,B2B-41706,2026-07-24 23:19:40,2026-08-04 23:19:40,2026-08-03 23:19:40,-1,51.79,7,Adelaide,65.65,0.0,
ORD-100393,B2B-41580,2025-10-27 05:40:37,2025-11-06 05:40:37,2025-11-04 05:40:37,-2,85.49,7,Brisbane,585.24,0.0,
ORD-100394,B2B-36364,2026-02-06 22:34:54,2026-02-15 22:34:54,2026-02-15 22:34:54,0,74.65,3,Brisbane,450.6,0.0,
ORD-100395,B2B-21862,2025-08-25 12:47:21,2025-09-07 12:47:21,2025-09-10 12:47:21,3,77.37,3,Brisbane,673.76,1.0,Late Delivery
ORD-100396,B2B-42372,2026-01-04 12:17:18,2026-01-13 12:17:18,2026-01-13 12:17:18,0,66.05,3,Melbourne,306.08,0.0,
ORD-100397,B2B-9589,2026-06-03 16:56:19,2026-06-16 16:56:19,2026-06-16 16:56:19,0,80.37,3,Brisbane,646.64,0.0,
ORD-100398,B2B-79028,2025-12-11 12:22:14,2025-12-21 12:22:14,2025-12-22 12:22:14,1,76.43,3,Adelaide,466.94,1.0,Late Delivery
ORD-100399,B2B-80168,2026-01-24 11:12:55,2026-02-04 11:12:55,2026-02-04 11:12:55,0,65.92,3,Brisbane,467.72,0.0,
ORD-100400,B2B-34252,2025-10-20 19:50:04,2025-11-02 19:50:04,2025-11-01 19:50:04,-1,58.47,3,Brisbane,310.33,0.0,
ORD-100401,B2B-9933,2026-05-27 10:28:26,2026-06-04 10:28:26,2026-06-04 10:28:26,0,63.06,7,Adelaide,318.11,0.0,
ORD-100402,B2B-12858,2026-01-17 18:12:40,2026-01-30 18:12:40,2026-01-27 18:12:40,-3,60.08,7,Brisbane,294.08,0.0,
ORD-100403,B2B-84509,2025-12-24 19:54:13,2026-01-02 19:54:13,2025-12-31 19:54:13,-2,60.43,3,Brisbane,417.09,0.0,
ORD-100404,B2B-80168,2025-10-22 00:28:14,2025-11-05 00:28:14,2025-11-05 00:28:14,0,67.58,3,Brisbane,467.72,0.0,
ORD-100405,B2B-65084,2026-06-08 11:08:05,2026-06-18 11:08:05,2026-06-18 11:08:05,0,62.74,7,Brisbane,218.58,0.0,
ORD-100406,B2B-83563,2026-03-13 18:40:55,2026-03-21 18:40:55,2026-03-21 18:40:55,0,76.93,3,Perth,472.14,0.0,
ORD-100407,B2B-91754,2026-04-17 05:54:47,2026-04-29 05:54:47,2026-04-29 05:54:47,0,42.83,7,Adelaide,26.35,0.0,
ORD-100408,B2B-53585,2025-11-02 20:29:43,2025-11-11 20:29:43,2025-11-14 20:29:43,3,66.69,7,Adelaide,277.3,0.0,
ORD-100409,B2B-11435,2026-01-05 01:22:20,2026-01-19 01:22:20,2026-01-19 01:22:20,0,91.87,7,Melbourne,298.71,0.0,
ORD-100410,B2B-72239,2025-11-28 21:01:59,2025-12-12 21:01:59,2025-12-10 21:01:59,-2,61.94,7,Perth,82.52,0.0,
ORD-100411,B2B-35219,2025-12-20 07:18:13,2026-01-02 07:18:13,2026-01-02 07:18:13,0,56.21,3,Adelaide,290.88,0.0,
ORD-100412,B2B-79534,2026-05-16 11:51:58,2026-05-24 11:51:58,2026-05-22 11:51:58,-2,39.22,3,Melbourne,248.84,0.0,
ORD-100413,B2B-68087,2025-12-25 13:42:03,2026-01-01 13:42:03,2026-01-04 13:42:03,3,62.61,7,Adelaide,89.38,0.0,
ORD-100414,B2B-13933,2026-01-21 00:02:14,2026-01-28 00:02:14,2026-01-28 00:02:14,0,71.34,3,Adelaide,265.59,0.0,
ORD-100415,B2B-40085,2025-10-31 03:51:29,2025-11-13 03:51:29,2025-11-13 03:51:29,0,73.33,3,Adelaide,297.66,0.0,
ORD-100416,B2B-16966,2025-12-29 09:11:09,2026-01-09 09:11:09,2026-01-13 09:11:09,4,60.89,3,Melbourne,232.76,1.0,Late Delivery
ORD-100417,B2B-10603,2026-06-15 12:47:45,2026-06-25 12:47:45,2026-06-29 12:47:45,4,88.99,3,Brisbane,792.16,0.0,
ORD-100418,B2B-84098,2025-10-09 09:19:52,2025-10-16 09:19:52,2025-10-16 09:19:52,0,68.37,7,Adelaide,156.59,0.0,
ORD-100419,B2B-5625,2025-09-14 19:48:32,2025-09-27 19:48:32,2025-10-02 19:48:32,5,81.0,3,Brisbane,674.77,1.0,Late Delivery
ORD-100420,B2B-760,2025-12-11 16:39:00,2025-12-25 16:39:00,2025-12-25 16:39:00,0,49.89,3,Adelaide,248.77,0.0,
ORD-100421,B2B-6754,2026-01-18 11:14:18,2026-01-26 11:14:18,2026-01-26 11:14:18,0,86.7,3,Perth,533.44,0.0,
ORD-100422,B2B-54897,2025-10-23 22:41:40,2025-11-06 22:41:40,2025-11-09 22:41:40,3,52.7,3,Melbourne,287.59,0.0,
ORD-100423,B2B-89291,2025-10-21 12:39:15,2025-11-03 12:39:15,2025-11-01 12:39:15,-2,70.69,3,Melbourne,355.57,0.0,
ORD-100424,B2B-76456,2025-09-05 22:00:33,2025-09-14 22:00:33,2025-09-13 22:00:33,-1,69.0,3,Adelaide,487.84,0.0,
ORD-100425,B2B-70481,2026-07-11 21:12:57,2026-07-25 21:12:57,2026-07-26 21:12:57,1,76.54,7,Melbourne,569.0,1.0,Late Delivery
ORD-100426,B2B-13005,2025-09-07 17:51:00,2025-09-20 17:51:00,2025-09-18 17:51:00,-2,70.43,3,Melbourne,364.43,0.0,
ORD-100427,B2B-79786,2026-05-11 04:16:00,2026-05-25 04:16:00,2026-05-25 04:16:00,0,91.37,7,Melbourne,588.46,0.0,
ORD-100428,B2B-39487,2026-05-19 15:52:00,2026-05-29 15:52:00,2026-05-31 15:52:00,2,57.12,3,Brisbane,103.63,0.0,
ORD-100429,B2B-824,2026-01-08 14:44:59,2026-01-19 14:44:59,2026-01-20 14:44:59,1,50.76,7,Brisbane,210.68,0.0,
ORD-100430,B2B-79418,2026-01-23 22:51:14,2026-02-05 22:51:14,2026-02-06 22:51:14,1,60.08,3,Perth,263.24,0.0,
ORD-100431,B2B-52522,2025-09-05 22:27:47,2025-09-18 22:27:47,2025-09-19 22:27:47,1,69.45,3,Melbourne,313.94,0.0,
ORD-100432,B2B-9933,2026-06-12 14:15:56,2026-06-22 14:15:56,2026-06-21 14:15:56,-1,70.49,7,Adelaide,318.11,0.0,
ORD-100433,B2B-63735,2026-03-01 04:11:31,2026-03-08 04:11:31,2026-03-07 04:11:31,-1,58.63,3,Brisbane,225.01,0.0,
ORD-100434,B2B-52106,2025-10-21 04:41:26,2025-11-04 04:41:26,2025-11-03 04:41:26,-1,76.58,3,Brisbane,665.15,0.0,
ORD-100435,B2B-4727,2026-05-26 21:41:57,2026-06-08 21:41:57,2026-06-08 21:41:57,0,89.9,7,Adelaide,619.93,0.0,
ORD-100436,B2B-44050,2025-08-02 16:48:17,2025-08-12 16:48:17,2025-08-11 16:48:17,-1,66.18,3,Adelaide,232.02,0.0,
ORD-100437,B2B-66471,2026-05-29 07:36:54,2026-06-10 07:36:54,2026-06-15 07:36:54,5,58.86,3,Brisbane,457.4,1.0,Late Delivery
ORD-100438,B2B-56377,2025-12-28 07:45:37,2026-01-08 07:45:37,2026-01-08 07:45:37,0,90.72,3,Perth,536.78,0.0,
ORD-100439,B2B-4919,2025-10-28 05:58:29,2025-11-05 05:58:29,2025-11-04 05:58:29,-1,43.95,3,Perth,100.95,0.0,
ORD-100440,B2B-13933,2025-09-19 09:19:52,2025-09-28 09:19:52,2025-09-30 09:19:52,2,65.43,3,Adelaide,265.59,0.0,
ORD-100441,B2B-57541,2026-07-20 22:39:20,2026-07-30 22:39:20,2026-07-29 22:39:20,-1,66.92,3,Brisbane,338.12,0.0,
ORD-100442,B2B-28375,2026-07-19 16:11:21,2026-07-31 16:11:21,2026-07-27 16:11:21,-4,90.52,3,Brisbane,465.41,0.0,
ORD-100443,B2B-77661,2026-04-08 00:55:01,2026-04-21 00:55:01,2026-04-18 00:55:01,-3,89.62,3,Melbourne,852.66,0.0,
ORD-100444,B2B-57908,2026-04-30 15:07:31,2026-05-10 15:07:31,2026-05-09 15:07:31,-1,65.6,3,Brisbane,246.06,0.0,
ORD-100445,B2B-99547,2025-09-19 06:58:41,2025-10-03 06:58:41,2025-10-02 06:58:41,-1,53.5,3,Perth,179.33,0.0,
ORD-100446,B2B-99085,2025-11-17 14:24:58,2025-11-26 14:24:58,2025-11-26 14:24:58,0,98.65,7,Melbourne,721.6,0.0,
ORD-100447,B2B-69254,2025-11-30 09:46:45,2025-12-13 09:46:45,2025-12-14 09:46:45,1,65.13,7,Brisbane,391.86,0.0,
ORD-100448,B2B-51091,2026-07-06 02:10:06,2026-07-14 02:10:06,2026-07-16 02:10:06,2,100.13,3,Melbourne,632.83,0.0,
ORD-100449,B2B-41777,2025-08-09 00:50:15,2025-08-23 00:50:15,2025-08-22 00:50:15,-1,51.36,7,Melbourne,60.38,0.0,
ORD-100450,B2B-16020,2026-04-08 02:12:56,2026-04-19 02:12:56,2026-04-19 02:12:56,0,64.59,3,Adelaide,32.56,0.0,
ORD-100451,B2B-84961,2026-06-22 13:38:06,2026-06-29 13:38:06,2026-06-28 13:38:06,-1,60.23,7,Melbourne,445.61,0.0,
ORD-100452,B2B-55636,2026-04-14 04:06:53,2026-04-25 04:06:53,2026-04-25 04:06:53,0,57.68,7,Adelaide,103.07,0.0,
ORD-100453,B2B-90471,2025-12-28 10:57:47,2026-01-10 10:57:47,2026-01-12 10:57:47,2,69.47,3,Brisbane,681.93,0.0,
ORD-100454,B2B-24922,2026-03-02 13:24:42,2026-03-16 13:24:42,2026-03-19 13:24:42,3,77.32,7,Melbourne,637.48,0.0,
ORD-100455,B2B-79028,2025-11-18 21:28:31,2025-11-29 21:28:31,2025-11-30 21:28:31,1,78.68,3,Adelaide,466.94,1.0,Late Delivery
ORD-100456,B2B-28259,2025-12-23 11:37:11,2025-12-30 11:37:11,2026-01-01 11:37:11,2,78.04,3,Perth,266.36,1.0,Customer Service
ORD-100457,B2B-13926,2026-03-01 22:37:59,2026-03-10 22:37:59,2026-03-08 22:37:59,-2,70.34,3,Brisbane,662.59,0.0,
ORD-100458,B2B-84509,2025-09-27 22:31:08,2025-10-11 22:31:08,2025-10-08 22:31:08,-3,66.93,3,Brisbane,417.09,0.0,
ORD-100459,B2B-39539,2026-03-23 04:05:53,2026-04-06 04:05:53,2026-04-06 04:05:53,0,69.19,3,Brisbane,614.75,0.0,
ORD-100460,B2B-33680,2026-07-23 10:58:35,2026-08-04 10:58:35,2026-08-05 10:58:35,1,52.45,3,Perth,278.55,0.0,
ORD-100461,B2B-41910,2026-04-15 22:37:32,2026-04-28 22:37:32,2026-04-28 22:37:32,0,64.41,3,Brisbane,191.25,0.0,
ORD-100462,B2B-96058,2025-11-07 03:44:54,2025-11-16 03:44:54,2025-11-16 03:44:54,0,44.52,7,Melbourne,216.57,0.0,
ORD-100463,B2B-37533,2025-08-04 16:12:03,2025-08-11 16:12:03,2025-08-13 16:12:03,2,89.46,3,Melbourne,626.0,0.0,
ORD-100464,B2B-87571,2026-01-25 20:41:12,2026-02-03 20:41:12,2026-02-02 20:41:12,-1,81.07,3,Perth,271.95,0.0,
ORD-100465,B2B-69860,2026-07-19 09:17:24,2026-08-01 09:17:24,2026-08-01 09:17:24,0,87.4,3,Melbourne,629.23,0.0,
ORD-100466,B2B-30067,2025-12-17 10:40:22,2025-12-31 10:40:22,2025-12-30 10:40:22,-1,54.41,7,Brisbane,209.94,0.0,
ORD-100467,B2B-79642,2026-04-15 02:30:49,2026-04-24 02:30:49,2026-04-23 02:30:49,-1,61.5,3,Melbourne,606.95,0.0,
ORD-100468,B2B-11784,2025-08-30 16:14:09,2025-09-09 16:14:09,2025-09-10 16:14:09,1,71.18,7,Brisbane,537.63,0.0,
ORD-100469,B2B-63735,2026-07-11 06:51:34,2026-07-21 06:51:34,2026-07-21 06:51:34,0,42.74,3,Brisbane,225.01,0.0,
ORD-100470,B2B-5941,2025-12-22 09:26:44,2026-01-03 09:26:44,2025-12-31 09:26:44,-3,94.45,3,Melbourne,491.49,0.0,
ORD-100471,B2B-51284,2026-02-07 19:09:24,2026-02-21 19:09:24,2026-02-21 19:09:24,0,50.24,3,Perth,206.47,0.0,
ORD-100472,B2B-93779,2026-05-03 01:46:55,2026-05-12 01:46:55,2026-05-14 01:46:55,2,50.66,3,Adelaide,182.39,1.0,Late Delivery
ORD-100473,B2B-21700,2026-03-09 11:14:58,2026-03-18 11:14:58,2026-03-22 11:14:58,4,73.82,3,Perth,314.43,1.0,Late Delivery
ORD-100474,B2B-97825,2025-08-02 03:39:32,2025-08-16 03:39:32,2025-08-13 03:39:32,-3,58.98,3,Brisbane,371.6,0.0,
ORD-100475,B2B-44050,2026-03-20 22:26:32,2026-04-03 22:26:32,2026-04-04 22:26:32,1,66.66,3,Adelaide,232.02,0.0,
ORD-100476,B2B-99045,2026-04-18 21:27:17,2026-04-26 21:27:17,2026-04-24 21:27:17,-2,108.4,3,Melbourne,685.6,0.0,
ORD-100477,B2B-36771,2025-11-11 00:16:11,2025-11-20 00:16:11,2025-11-20 00:16:11,0,65.37,3,Brisbane,443.33,0.0,
ORD-100478,B2B-21323,2026-06-30 20:04:58,2026-07-14 20:04:58,2026-07-14 20:04:58,0,53.15,3,Brisbane,105.37,0.0,
ORD-100479,B2B-43536,2025-11-14 22:50:28,2025-11-24 22:50:28,2025-11-20 22:50:28,-4,85.81,3,Melbourne,599.85,0.0,
ORD-100480,B2B-90351,2026-06-27 22:25:10,2026-07-08 22:25:10,2026-07-05 22:25:10,-3,44.64,7,Perth,64.85,0.0,
ORD-100481,B2B-74836,2026-03-12 06:45:55,2026-03-25 06:45:55,2026-03-25 06:45:55,0,68.84,3,Adelaide,437.22,0.0,
ORD-100482,B2B-5625,2026-02-10 20:26:29,2026-02-22 20:26:29,2026-02-24 20:26:29,2,70.38,3,Brisbane,674.77,0.0,
ORD-100483,B2B-99085,2026-06-18 06:33:40,2026-06-25 06:33:40,2026-06-21 06:33:40,-4,96.37,7,Melbourne,721.6,0.0,
ORD-100484,B2B-14161,2026-06-10 09:56:04,2026-06-23 09:56:04,2026-06-23 09:56:04,0,74.28,3,Perth,220.42,0.0,
ORD-100485,B2B-19543,2026-01-19 21:00:08,2026-02-02 21:00:08,2026-02-04 21:00:08,2,57.84,7,Adelaide,260.58,0.0,
ORD-100486,B2B-76032,2025-08-31 14:44:34,2025-09-12 14:44:34,2025-09-09 14:44:34,-3,55.11,3,Melbourne,668.56,0.0,
ORD-100487,B2B-72219,2025-09-10 07:30:50,2025-09-19 07:30:50,2025-09-19 07:30:50,0,58.42,7,Brisbane,428.71,0.0,
ORD-100488,B2B-90351,2025-12-17 12:08:19,2025-12-30 12:08:19,2025-12-30 12:08:19,0,64.78,7,Perth,64.85,0.0,
ORD-100489,B2B-24909,2026-07-03 09:26:55,2026-07-16 09:26:55,2026-07-17 09:26:55,1,63.29,3,Melbourne,303.24,0.0,
ORD-100490,B2B-35757,2026-04-25 08:20:18,2026-05-06 08:20:18,2026-05-06 08:20:18,0,62.17,3,Perth,153.49,0.0,
ORD-100491,B2B-62271,2026-02-28 03:54:46,2026-03-08 03:54:46,2026-03-08 03:54:46,0,59.27,7,Melbourne,288.22,0.0,
ORD-100492,B2B-47320,2026-07-23 17:23:03,2026-08-04 17:23:03,2026-08-06 17:23:03,2,77.81,3,Melbourne,752.74,0.0,
ORD-100493,B2B-34427,2025-12-13 07:20:33,2025-12-23 07:20:33,2025-12-27 07:20:33,4,65.6,3,Brisbane,212.11,1.0,Late Delivery
ORD-100494,B2B-35806,2026-05-08 07:47:40,2026-05-21 07:47:40,2026-05-20 07:47:40,-1,56.29,3,Adelaide,167.05,0.0,
ORD-100495,B2B-67047,2026-06-06 02:19:36,2026-06-19 02:19:36,2026-06-19 02:19:36,0,61.46,3,Brisbane,131.63,0.0,
ORD-100496,B2B-41024,2026-02-28 17:46:37,2026-03-09 17:46:37,2026-03-11 17:46:37,2,51.18,3,Brisbane,433.53,1.0,Late Delivery
ORD-100497,B2B-51091,2026-02-04 23:22:57,2026-02-12 23:22:57,2026-02-13 23:22:57,1,85.92,3,Melbourne,632.83,1.0,Late Delivery
ORD-100498,B2B-43127,2025-11-17 23:54:31,2025-11-28 23:54:31,2025-11-25 23:54:31,-3,61.06,7,Melbourne,363.12,0.0,
ORD-100499,B2B-44951,2026-06-29 18:16:09,2026-07-08 18:16:09,2026-07-06 18:16:09,-2,73.75,3,Melbourne,832.42,0.0,
ORD-100500,B2B-35745,2025-08-21 09:44:46,2025-09-04 09:44:46,2025-09-03 09:44:46,-1,61.49,7,Brisbane,188.89,0.0,
ORD-100501,B2B-2144,2026-06-06 21:23:04,2026-06-18 21:23:04,2026-06-18 21:23:04,0,67.58,7,Brisbane,421.59,0.0,
ORD-100502,B2B-8641,2026-02-18 11:19:06,2026-03-04 11:19:06,2026-03-04 11:19:06,0,51.76,3,Melbourne,141.06,0.0,
ORD-100503,B2B-26477,2026-02-04 05:20:54,2026-02-18 05:20:54,2026-02-18 05:20:54,0,73.56,3,Melbourne,267.63,0.0,
ORD-100504,B2B-93157,2026-01-29 14:10:34,2026-02-12 14:10:34,2026-02-15 14:10:34,3,55.35,3,Perth,103.37,1.0,Customer Service
ORD-100505,B2B-57091,2026-03-14 19:08:49,2026-03-27 19:08:49,2026-03-27 19:08:49,0,55.41,3,Brisbane,159.39,0.0,
ORD-100506,B2B-16719,2025-09-09 10:47:40,2025-09-18 10:47:40,2025-09-15 10:47:40,-3,56.35,7,Perth,326.27,0.0,
ORD-100507,B2B-84085,2025-11-21 18:56:23,2025-11-30 18:56:23,2025-11-30 18:56:23,0,66.71,3,Melbourne,454.16,0.0,
ORD-100508,B2B-98544,2025-11-21 04:31:23,2025-12-02 04:31:23,2025-12-02 04:31:23,0,80.11,7,Perth,332.42,0.0,
ORD-100509,B2B-55547,2025-09-15 12:35:45,2025-09-24 12:35:45,2025-09-25 12:35:45,1,79.38,3,Melbourne,437.05,0.0,
ORD-100510,B2B-80168,2026-01-02 23:47:00,2026-01-14 23:47:00,2026-01-15 23:47:00,1,69.67,3,Brisbane,467.72,0.0,
ORD-100511,B2B-35757,2025-07-31 08:50:56,2025-08-14 08:50:56,2025-08-11 08:50:56,-3,53.53,3,Perth,153.49,0.0,
ORD-100512,B2B-96003,2026-05-25 19:20:41,2026-06-08 19:20:41,2026-06-09 19:20:41,1,55.91,3,Melbourne,174.33,0.0,
ORD-100513,B2B-35757,2026-04-24 17:42:05,2026-05-08 17:42:05,2026-05-08 17:42:05,0,67.58,3,Perth,153.49,0.0,
ORD-100514,B2B-68135,2025-08-03 12:14:11,2025-08-12 12:14:11,2025-08-15 12:14:11,3,96.19,7,Brisbane,706.94,1.0,Late Delivery
ORD-100515,B2B-10603,2026-05-23 15:43:38,2026-06-02 15:43:38,2026-06-01 15:43:38,-1,82.96,3,Brisbane,792.16,0.0,
ORD-100516,B2B-51091,2025-10-12 19:05:27,2025-10-24 19:05:27,2025-10-24 19:05:27,0,94.51,3,Melbourne,632.83,0.0,
ORD-100517,B2B-17624,2026-01-02 14:20:31,2026-01-12 14:20:31,2026-01-15 14:20:31,3,46.9,3,Brisbane,231.66,0.0,
ORD-100518,B2B-19864,2025-08-30 10:29:45,2025-09-08 10:29:45,2025-09-08 10:29:45,0,48.03,3,Adelaide,233.45,0.0,
ORD-100519,B2B-83562,2026-06-24 07:30:47,2026-07-01 07:30:47,2026-06-30 07:30:47,-1,55.23,7,Brisbane,229.29,0.0,
ORD-100520,B2B-57541,2025-09-19 06:02:24,2025-09-28 06:02:24,2025-09-28 06:02:24,0,76.4,3,Brisbane,338.12,0.0,
ORD-100521,B2B-87026,2025-08-09 15:02:30,2025-08-23 15:02:30,2025-08-23 15:02:30,0,46.92,3,Melbourne,149.38,0.0,
ORD-100522,B2B-11848,2026-05-07 02:13:01,2026-05-14 02:13:01,2026-05-16 02:13:01,2,84.14,3,Melbourne,509.37,0.0,
ORD-100523,B2B-13926,2026-07-10 12:11:45,2026-07-18 12:11:45,2026-07-21 12:11:45,3,77.47,3,Brisbane,662.59,1.0,Late Delivery
ORD-100524,B2B-75641,2025-08-28 06:06:34,2025-09-09 06:06:34,2025-09-09 06:06:34,0,42.44,3,Adelaide,39.25,0.0,
ORD-100525,B2B-99105,2026-07-03 05:37:28,2026-07-12 05:37:28,2026-07-14 05:37:28,2,70.08,3,Brisbane,503.69,0.0,
ORD-100526,B2B-32334,2026-02-11 09:55:27,2026-02-22 09:55:27,2026-02-20 09:55:27,-2,65.88,3,Perth,496.63,0.0,
ORD-100527,B2B-50778,2026-01-28 11:11:39,2026-02-11 11:11:39,2026-02-11 11:11:39,0,74.18,3,Brisbane,488.85,0.0,
ORD-100528,B2B-21541,2025-12-12 10:21:24,2025-12-23 10:21:24,2025-12-22 10:21:24,-1,66.09,3,Adelaide,112.75,0.0,
ORD-100529,B2B-2144,2026-07-19 13:37:07,2026-08-02 13:37:07,2026-07-31 13:37:07,-2,85.2,7,Brisbane,421.59,0.0,
ORD-100530,B2B-33680,2026-05-21 06:14:12,2026-06-03 06:14:12,2026-06-08 06:14:12,5,76.93,3,Perth,278.55,1.0,Late Delivery
ORD-100531,B2B-72466,2026-07-01 16:04:36,2026-07-14 16:04:36,2026-07-14 16:04:36,0,52.47,3,Perth,270.49,0.0,
ORD-100532,B2B-88385,2026-06-04 14:09:24,2026-06-18 14:09:24,2026-06-18 14:09:24,0,53.57,3,Melbourne,238.32,0.0,
ORD-100533,B2B-55207,2025-09-17 06:46:26,2025-09-24 06:46:26,2025-09-23 06:46:26,-1,51.61,3,Brisbane,245.68,0.0,
ORD-100534,B2B-10589,2026-03-08 13:10:48,2026-03-19 13:10:48,2026-03-16 13:10:48,-3,68.9,7,Adelaide,206.53,0.0,
ORD-100535,B2B-532,2026-01-01 16:45:19,2026-01-15 16:45:19,2026-01-17 16:45:19,2,40.37,7,Adelaide,57.73,0.0,
ORD-100536,B2B-28375,2026-07-04 20:51:41,2026-07-14 20:51:41,2026-07-16 20:51:41,2,82.43,3,Brisbane,465.41,0.0,
ORD-100537,B2B-34949,2025-10-15 13:11:09,2025-10-25 13:11:09,2025-10-26 13:11:09,1,83.3,3,Adelaide,297.34,0.0,
ORD-100538,B2B-19864,2025-10-09 10:23:17,2025-10-17 10:23:17,2025-10-16 10:23:17,-1,52.1,3,Adelaide,233.45,0.0,
ORD-100539,B2B-28109,2025-12-30 17:35:30,2026-01-09 17:35:30,2026-01-12 17:35:30,3,56.1,7,Melbourne,53.68,0.0,
ORD-100540,B2B-40085,2026-04-19 03:08:06,2026-04-29 03:08:06,2026-04-27 03:08:06,-2,62.44,3,Adelaide,297.66,0.0,
ORD-100541,B2B-34427,2026-07-09 17:05:01,2026-07-20 17:05:01,2026-07-20 17:05:01,0,72.71,3,Brisbane,212.11,0.0,
ORD-100542,B2B-45330,2026-07-12 05:05:59,2026-07-25 05:05:59,2026-07-24 05:05:59,-1,76.02,3,Brisbane,371.39,0.0,
ORD-100543,B2B-28120,2025-09-29 08:11:00,2025-10-10 08:11:00,2025-10-08 08:11:00,-2,59.89,3,Perth,444.72,0.0,
ORD-100544,B2B-6903,2026-05-21 13:47:42,2026-05-31 13:47:42,2026-06-01 13:47:42,1,59.02,3,Perth,112.24,0.0,
ORD-100545,B2B-18191,2026-04-10 21:25:49,2026-04-17 21:25:49,2026-04-17 21:25:49,0,50.69,3,Adelaide,239.43,0.0,
ORD-100546,B2B-13363,2025-11-09 18:56:37,2025-11-17 18:56:37,2025-11-17 18:56:37,0,54.66,3,Perth,167.98,0.0,
ORD-100547,B2B-916,2025-10-25 02:03:27,2025-11-05 02:03:27,2025-11-05 02:03:27,0,29.97,3,Melbourne,189.92,0.0,
ORD-100548,B2B-75357,2026-04-10 04:35:39,2026-04-19 04:35:39,2026-04-19 04:35:39,0,65.04,3,Perth,507.79,0.0,
ORD-100549,B2B-17750,2026-07-12 02:18:14,2026-07-19 02:18:14,2026-07-24 02:18:14,5,60.14,3,Perth,179.54,1.0,Late Delivery
ORD-100550,B2B-12409,2025-12-01 13:08:31,2025-12-12 13:08:31,2025-12-12 13:08:31,0,75.0,7,Adelaide,200.39,0.0,
ORD-100551,B2B-73752,2025-10-26 21:16:23,2025-11-03 21:16:23,2025-11-07 21:16:23,4,89.97,7,Perth,578.14,0.0,
ORD-100552,B2B-2773,2025-11-25 05:59:51,2025-12-09 05:59:51,2025-12-09 05:59:51,0,61.57,3,Perth,223.95,0.0,
ORD-100553,B2B-84692,2026-01-15 00:31:39,2026-01-24 00:31:39,2026-01-23 00:31:39,-1,80.22,3,Melbourne,682.93,0.0,
ORD-100554,B2B-33897,2026-07-10 20:19:10,2026-07-20 20:19:10,2026-07-22 20:19:10,2,102.09,7,Melbourne,555.88,0.0,
ORD-100555,B2B-77702,2025-11-24 00:15:16,2025-12-07 00:15:16,2025-12-06 00:15:16,-1,25.32,7,Brisbane,154.37,0.0,
ORD-100556,B2B-68919,2026-07-13 03:13:19,2026-07-20 03:13:19,2026-07-22 03:13:19,2,65.49,7,Adelaide,182.23,1.0,Late Delivery
ORD-100557,B2B-80146,2025-08-31 23:19:45,2025-09-08 23:19:45,2025-09-09 23:19:45,1,111.14,7,Melbourne,723.44,1.0,Late Delivery
ORD-100558,B2B-67047,2026-03-08 06:07:09,2026-03-16 06:07:09,2026-03-16 06:07:09,0,53.87,3,Brisbane,131.63,0.0,
ORD-100559,B2B-73618,2025-12-10 02:53:25,2025-12-21 02:53:25,2025-12-22 02:53:25,1,62.63,3,Perth,263.71,1.0,Customer Service
ORD-100560,B2B-83901,2026-01-04 16:32:31,2026-01-15 16:32:31,2026-01-18 16:32:31,3,82.05,3,Brisbane,378.74,1.0,Late Delivery
ORD-100561,B2B-49876,2026-07-25 17:00:19,2026-08-05 17:00:19,2026-08-03 17:00:19,-2,66.9,3,Adelaide,216.16,0.0,
ORD-100562,B2B-58497,2026-07-31 12:50:01,2026-08-10 12:50:01,2026-08-09 12:50:01,-1,62.67,3,Adelaide,185.01,0.0,
ORD-100563,B2B-10100,2026-04-25 09:40:45,2026-05-03 09:40:45,2026-05-03 09:40:45,0,44.28,3,Perth,132.58,0.0,
ORD-100564,B2B-699,2026-07-02 09:09:41,2026-07-16 09:09:41,2026-07-19 09:09:41,3,70.39,3,Melbourne,312.08,0.0,
ORD-100565,B2B-41230,2026-05-02 04:11:03,2026-05-12 04:11:03,2026-05-15 04:11:03,3,54.36,3,Adelaide,106.34,0.0,
ORD-100566,B2B-15993,2025-10-08 13:49:45,2025-10-18 13:49:45,2025-10-18 13:49:45,0,81.42,3,Brisbane,270.48,0.0,
ORD-100567,B2B-582,2026-05-21 07:44:33,2026-06-03 07:44:33,2026-06-03 07:44:33,0,74.78,3,Perth,244.06,0.0,
ORD-100568,B2B-76363,2026-02-20 10:24:44,2026-03-02 10:24:44,2026-02-28 10:24:44,-2,81.0,7,Melbourne,555.75,0.0,
ORD-100569,B2B-56377,2026-03-02 07:07:36,2026-03-16 07:07:36,2026-03-18 07:07:36,2,55.77,3,Perth,536.78,0.0,
ORD-100570,B2B-39734,2026-02-08 01:14:26,2026-02-16 01:14:26,2026-02-17 01:14:26,1,76.72,3,Melbourne,599.79,0.0,
ORD-100571,B2B-35745,2025-08-01 15:46:21,2025-08-11 15:46:21,2025-08-11 15:46:21,0,58.12,7,Brisbane,188.89,0.0,
ORD-100572,B2B-1245,2026-02-13 04:09:40,2026-02-23 04:09:40,2026-02-26 04:09:40,3,87.63,3,Brisbane,612.32,0.0,
ORD-100573,B2B-90351,2026-03-19 17:05:18,2026-03-29 17:05:18,2026-03-26 17:05:18,-3,61.98,7,Perth,64.85,0.0,
ORD-100574,B2B-39279,2026-06-30 03:08:23,2026-07-10 03:08:23,2026-07-13 03:08:23,3,79.4,7,Melbourne,220.21,1.0,Late Delivery
ORD-100575,B2B-532,2025-12-18 05:50:51,2026-01-01 05:50:51,2026-01-01 05:50:51,0,54.32,7,Adelaide,57.73,0.0,
ORD-100576,B2B-11435,2026-02-27 13:18:39,2026-03-09 13:18:39,2026-03-08 13:18:39,-1,61.18,7,Melbourne,298.71,0.0,
ORD-100577,B2B-20143,2025-08-04 03:15:26,2025-08-17 03:15:26,2025-08-17 03:15:26,0,71.75,3,Brisbane,477.8,0.0,
ORD-100578,B2B-41024,2026-07-05 03:25:37,2026-07-16 03:25:37,2026-07-16 03:25:37,0,69.26,3,Brisbane,433.53,0.0,
ORD-100579,B2B-4952,2025-10-11 21:16:24,2025-10-18 21:16:24,2025-10-18 21:16:24,0,36.46,3,Brisbane,366.81,0.0,
ORD-100580,B2B-76983,2026-02-02 11:33:20,2026-02-13 11:33:20,2026-02-13 11:33:20,0,66.2,7,Brisbane,167.27,0.0,
ORD-100581,B2B-12451,2025-08-10 11:55:49,2025-08-19 11:55:49,2025-08-20 11:55:49,1,52.24,3,Brisbane,110.17,0.0,
ORD-100582,B2B-41869,2026-05-24 16:03:28,2026-06-06 16:03:28,2026-06-08 16:03:28,2,61.39,7,Brisbane,608.63,0.0,
ORD-100583,B2B-6304,2026-05-02 08:12:31,2026-05-14 08:12:31,2026-05-14 08:12:31,0,74.22,3,Brisbane,299.5,0.0,
ORD-100584,B2B-97673,2025-08-24 07:49:28,2025-09-06 07:49:28,2025-09-10 07:49:28,4,67.39,3,Melbourne,665.56,1.0,Late Delivery
ORD-100585,B2B-16966,2025-10-10 19:38:13,2025-10-17 19:38:13,2025-10-17 19:38:13,0,37.56,3,Melbourne,232.76,0.0,
ORD-100586,B2B-6337,2026-03-15 18:41:20,2026-03-28 18:41:20,2026-03-28 18:41:20,0,71.38,7,Melbourne,362.09,0.0,
ORD-100587,B2B-93833,2026-06-09 20:36:05,2026-06-17 20:36:05,2026-06-13 20:36:05,-4,66.98,3,Brisbane,418.51,0.0,
ORD-100588,B2B-86465,2025-12-09 11:43:42,2025-12-22 11:43:42,2025-12-22 11:43:42,0,63.07,7,Brisbane,662.66,0.0,
ORD-100589,B2B-16185,2025-11-13 11:03:22,2025-11-25 11:03:22,2025-11-28 11:03:22,3,63.18,3,Melbourne,106.42,0.0,
ORD-100590,B2B-24971,2026-01-08 00:14:03,2026-01-17 00:14:03,2026-01-19 00:14:03,2,76.47,3,Melbourne,288.01,0.0,
ORD-100591,B2B-16719,2026-03-19 19:46:23,2026-03-29 19:46:23,2026-03-26 19:46:23,-3,71.02,7,Perth,326.27,0.0,
ORD-100592,B2B-30703,2026-01-10 21:28:01,2026-01-20 21:28:01,2026-01-20 21:28:01,0,59.08,3,Brisbane,215.86,0.0,
ORD-100593,B2B-68087,2025-12-30 08:15:13,2026-01-09 08:15:13,2026-01-08 08:15:13,-1,64.95,7,Adelaide,89.38,0.0,
ORD-100594,B2B-42595,2025-11-10 19:09:28,2025-11-21 19:09:28,2025-11-20 19:09:28,-1,75.24,3,Melbourne,363.92,0.0,
ORD-100595,B2B-39082,2025-09-21 10:13:07,2025-10-01 10:13:07,2025-10-04 10:13:07,3,91.24,3,Melbourne,287.99,0.0,
ORD-100596,B2B-15429,2026-03-18 17:07:02,2026-03-26 17:07:02,2026-03-24 17:07:02,-2,74.53,3,Brisbane,682.84,0.0,
ORD-100597,B2B-69617,2025-11-05 02:49:17,2025-11-15 02:49:17,2025-11-18 02:49:17,3,76.64,7,Melbourne,439.75,0.0,
ORD-100598,B2B-15993,2026-01-25 14:05:48,2026-02-04 14:05:48,2026-02-03 14:05:48,-1,63.08,3,Brisbane,270.48,0.0,
ORD-100599,B2B-57426,2025-10-10 19:10:57,2025-10-18 19:10:57,2025-10-19 19:10:57,1,73.15,7,Melbourne,498.84,0.0,
ORD-100600,B2B-55547,2026-03-28 21:40:10,2026-04-06 21:40:10,2026-04-05 21:40:10,-1,56.6,3,Melbourne,437.05,0.0,
ORD-100601,B2B-87026,2026-02-05 14:53:29,2026-02-17 14:53:29,2026-02-16 14:53:29,-1,61.74,3,Melbourne,149.38,0.0,
ORD-100602,B2B-52585,2026-07-12 08:12:05,2026-07-26 08:12:05,2026-07-24 08:12:05,-2,76.16,7,Brisbane,496.03,0.0,
ORD-100603,B2B-76315,2026-02-01 01:54:07,2026-02-15 01:54:07,2026-02-14 01:54:07,-1,92.5,3,Melbourne,617.5,0.0,
ORD-100604,B2B-65273,2025-09-30 22:53:30,2025-10-11 22:53:30,2025-10-16 22:53:30,5,78.54,3,Melbourne,526.64,1.0,Late Delivery
ORD-100605,B2B-23088,2025-09-25 05:20:55,2025-10-02 05:20:55,2025-10-03 05:20:55,1,54.5,3,Brisbane,52.74,0.0,
ORD-100606,B2B-79866,2025-10-16 10:48:38,2025-10-28 10:48:38,2025-10-27 10:48:38,-1,41.63,3,Perth,122.78,0.0,
ORD-100607,B2B-56564,2025-11-24 10:51:21,2025-12-07 10:51:21,2025-12-06 10:51:21,-1,69.84,7,Adelaide,188.33,0.0,
ORD-100608,B2B-41329,2026-07-16 17:01:48,2026-07-29 17:01:48,2026-07-31 17:01:48,2,56.04,7,Adelaide,225.17,0.0,
ORD-100609,B2B-90230,2025-08-01 17:59:12,2025-08-10 17:59:12,2025-08-10 17:59:12,0,63.1,7,Brisbane,406.47,0.0,
ORD-100610,B2B-97825,2026-02-03 06:37:50,2026-02-17 06:37:50,2026-02-17 06:37:50,0,79.18,3,Brisbane,371.6,0.0,
ORD-100611,B2B-62271,2025-08-30 09:39:27,2025-09-08 09:39:27,2025-09-07 09:39:27,-1,86.59,7,Melbourne,288.22,0.0,
ORD-100612,B2B-5963,2025-09-02 18:05:09,2025-09-16 18:05:09,2025-09-17 18:05:09,1,78.28,3,Brisbane,539.47,0.0,
ORD-100613,B2B-56560,2025-12-29 13:37:58,2026-01-06 13:37:58,2026-01-11 13:37:58,5,49.74,3,Brisbane,103.28,0.0,
ORD-100614,B2B-3948,2026-02-27 01:30:15,2026-03-07 01:30:15,2026-03-03 01:30:15,-4,73.2,3,Melbourne,668.85,0.0,
ORD-100615,B2B-8713,2026-07-11 20:11:01,2026-07-21 20:11:01,2026-07-19 20:11:01,-2,59.13,3,Perth,254.25,0.0,
ORD-100616,B2B-4952,2025-10-03 19:21:10,2025-10-13 19:21:10,2025-10-18 19:21:10,5,80.25,3,Brisbane,366.81,1.0,Late Delivery
ORD-100617,B2B-15563,2026-07-17 13:55:23,2026-07-28 13:55:23,2026-07-24 13:55:23,-4,87.18,7,Brisbane,559.64,0.0,
ORD-100618,B2B-48439,2026-06-28 05:02:21,2026-07-08 05:02:21,2026-07-07 05:02:21,-1,60.15,3,Adelaide,187.34,0.0,
ORD-100619,B2B-36134,2026-03-05 12:54:18,2026-03-19 12:54:18,2026-03-19 12:54:18,0,62.0,7,Adelaide,79.29,0.0,
ORD-100620,B2B-75299,2026-04-03 01:47:43,2026-04-17 01:47:43,2026-04-20 01:47:43,3,72.59,3,Brisbane,418.34,0.0,
ORD-100621,B2B-80015,2026-03-12 04:48:31,2026-03-22 04:48:31,2026-03-23 04:48:31,1,82.03,3,Perth,168.28,1.0,Late Delivery
ORD-100622,B2B-31938,2026-01-17 12:39:40,2026-01-25 12:39:40,2026-01-26 12:39:40,1,38.11,3,Melbourne,430.15,0.0,
ORD-100623,B2B-48337,2025-10-27 18:52:39,2025-11-08 18:52:39,2025-11-10 18:52:39,2,54.37,3,Perth,217.85,0.0,
ORD-100624,B2B-20890,2026-01-12 23:48:31,2026-01-24 23:48:31,2026-01-22 23:48:31,-2,53.66,7,Brisbane,275.5,0.0,
ORD-100625,B2B-824,2025-10-14 08:15:55,2025-10-27 08:15:55,2025-10-25 08:15:55,-2,72.32,7,Brisbane,210.68,0.0,
ORD-100626,B2B-99156,2025-09-12 03:18:48,2025-09-25 03:18:48,2025-09-23 03:18:48,-2,43.63,3,Melbourne,196.4,0.0,
ORD-100627,B2B-19214,2026-03-08 23:23:26,2026-03-22 23:23:26,2026-03-22 23:23:26,0,107.27,7,Melbourne,863.96,0.0,
ORD-100628,B2B-33006,2025-08-10 17:29:18,2025-08-23 17:29:18,2025-08-24 17:29:18,1,77.25,3,Brisbane,288.71,0.0,
ORD-100629,B2B-3443,2026-04-09 16:01:57,2026-04-16 16:01:57,2026-04-17 16:01:57,1,46.34,3,Adelaide,221.32,1.0,Late Delivery
ORD-100630,B2B-52738,2025-12-16 06:50:25,2025-12-29 06:50:25,2025-12-29 06:50:25,0,92.01,3,Brisbane,826.49,0.0,
ORD-100631,B2B-58412,2025-08-18 23:05:11,2025-08-30 23:05:11,2025-08-30 23:05:11,0,74.52,7,Adelaide,543.27,0.0,
ORD-100632,B2B-39539,2025-08-14 15:59:39,2025-08-24 15:59:39,2025-08-25 15:59:39,1,83.0,3,Brisbane,614.75,0.0,
ORD-100633,B2B-16719,2025-12-02 11:50:28,2025-12-11 11:50:28,2025-12-11 11:50:28,0,52.68,7,Perth,326.27,0.0,
ORD-100634,B2B-53943,2025-11-07 00:10:34,2025-11-15 00:10:34,2025-11-15 00:10:34,0,65.1,3,Melbourne,648.98,0.0,
ORD-100635,B2B-41910,2025-12-06 09:27:22,2025-12-18 09:27:22,2025-12-13 09:27:22,-5,44.46,3,Brisbane,191.25,0.0,
ORD-100636,B2B-68926,2025-12-06 00:14:31,2025-12-19 00:14:31,2025-12-20 00:14:31,1,59.05,3,Brisbane,258.66,0.0,
ORD-100637,B2B-30703,2025-08-31 05:04:52,2025-09-10 05:04:52,2025-09-10 05:04:52,0,60.39,3,Brisbane,215.86,0.0,
ORD-100638,B2B-11784,2026-07-24 21:42:32,2026-07-31 21:42:32,2026-08-01 21:42:32,1,82.52,7,Brisbane,537.63,1.0,Customer Service
ORD-100639,B2B-97179,2025-09-16 15:24:56,2025-09-30 15:24:56,2025-09-30 15:24:56,0,90.65,3,Melbourne,566.59,0.0,
ORD-100640,B2B-96003,2026-01-14 20:21:39,2026-01-27 20:21:39,2026-01-28 20:21:39,1,52.36,3,Melbourne,174.33,0.0,
ORD-100641,B2B-90230,2025-09-25 05:37:08,2025-10-08 05:37:08,2025-10-05 05:37:08,-3,84.53,7,Brisbane,406.47,0.0,
ORD-100642,B2B-36206,2025-12-07 05:45:57,2025-12-18 05:45:57,2025-12-17 05:45:57,-1,64.97,3,Perth,423.79,0.0,
ORD-100643,B2B-69353,2026-04-23 22:40:01,2026-05-03 22:40:01,2026-05-05 22:40:01,2,81.53,3,Brisbane,80.41,0.0,
ORD-100644,B2B-17894,2026-02-14 05:33:11,2026-02-28 05:33:11,2026-02-27 05:33:11,-1,62.63,7,Perth,412.29,0.0,
ORD-100645,B2B-84098,2025-08-15 08:51:55,2025-08-28 08:51:55,2025-08-29 08:51:55,1,63.07,7,Adelaide,156.59,0.0,
ORD-100646,B2B-77707,2026-05-18 20:49:22,2026-06-01 20:49:22,2026-05-27 20:49:22,-5,70.12,3,Melbourne,132.1,0.0,
ORD-100647,B2B-99105,2025-12-16 08:18:51,2025-12-25 08:18:51,2025-12-23 08:18:51,-2,97.75,3,Brisbane,503.69,0.0,
ORD-100648,B2B-33181,2026-06-07 00:52:29,2026-06-14 00:52:29,2026-06-15 00:52:29,1,70.32,3,Adelaide,257.39,0.0,
ORD-100649,B2B-97276,2026-05-12 03:32:45,2026-05-19 03:32:45,2026-05-21 03:32:45,2,69.14,3,Brisbane,198.51,0.0,
ORD-100650,B2B-75641,2025-10-25 05:45:40,2025-11-02 05:45:40,2025-11-04 05:45:40,2,39.91,3,Adelaide,39.25,0.0,
ORD-100651,B2B-40085,2026-02-13 13:59:13,2026-02-20 13:59:13,2026-02-20 13:59:13,0,60.7,3,Adelaide,297.66,0.0,
ORD-100652,B2B-74692,2025-10-14 20:19:31,2025-10-27 20:19:31,2025-10-31 20:19:31,4,55.4,3,Melbourne,309.02,1.0,Late Delivery
ORD-100653,B2B-8641,2026-06-06 21:29:26,2026-06-13 21:29:26,2026-06-14 21:29:26,1,57.62,3,Melbourne,141.06,0.0,
ORD-100654,B2B-52522,2026-01-29 10:17:41,2026-02-10 10:17:41,2026-02-08 10:17:41,-2,65.32,3,Melbourne,313.94,0.0,
ORD-100655,B2B-84058,2025-10-10 08:30:50,2025-10-22 08:30:50,2025-10-20 08:30:50,-2,71.21,3,Brisbane,322.72,0.0,
ORD-100656,B2B-70465,2025-12-19 21:02:23,2026-01-01 21:02:23,2026-01-01 21:02:23,0,65.76,3,Melbourne,465.9,0.0,
ORD-100657,B2B-25226,2026-04-10 23:38:18,2026-04-23 23:38:18,2026-04-27 23:38:18,4,47.48,3,Melbourne,147.8,0.0,
ORD-100658,B2B-5625,2026-05-13 17:26:53,2026-05-22 17:26:53,2026-05-22 17:26:53,0,92.81,3,Brisbane,674.77,0.0,
ORD-100659,B2B-62355,2026-02-10 10:45:51,2026-02-22 10:45:51,2026-02-27 10:45:51,5,58.25,3,Adelaide,200.8,1.0,Late Delivery
ORD-100660,B2B-72474,2025-09-29 19:06:27,2025-10-12 19:06:27,2025-10-12 19:06:27,0,83.59,7,Melbourne,663.97,0.0,
ORD-100661,B2B-45330,2026-03-06 08:08:15,2026-03-14 08:08:15,2026-03-13 08:08:15,-1,76.83,3,Brisbane,371.39,0.0,
ORD-100662,B2B-52943,2026-04-05 15:52:40,2026-04-14 15:52:40,2026-04-16 15:52:40,2,69.91,7,Melbourne,856.21,0.0,
ORD-100663,B2B-28375,2025-08-08 09:59:39,2025-08-19 09:59:39,2025-08-20 09:59:39,1,81.11,3,Brisbane,465.41,0.0,
ORD-100664,B2B-17175,2026-03-31 13:43:38,2026-04-14 13:43:38,2026-04-17 13:43:38,3,100.32,3,Melbourne,699.29,0.0,
ORD-100665,B2B-67196,2025-09-15 03:33:11,2025-09-27 03:33:11,2025-09-28 03:33:11,1,52.03,7,Brisbane,206.28,0.0,
ORD-100666,B2B-52943,2025-11-27 05:57:30,2025-12-08 05:57:30,2025-12-08 05:57:30,0,81.07,7,Melbourne,856.21,0.0,
ORD-100667,B2B-26819,2025-11-16 01:16:04,2025-11-29 01:16:04,2025-11-24 01:16:04,-5,61.04,7,Brisbane,325.12,0.0,
ORD-100668,B2B-79642,2026-07-05 19:27:59,2026-07-16 19:27:59,2026-07-20 19:27:59,4,98.92,3,Melbourne,606.95,1.0,Late Delivery
ORD-100669,B2B-83901,2026-05-30 00:20:15,2026-06-10 00:20:15,2026-06-16 00:20:15,6,55.35,3,Brisbane,378.74,1.0,Late Delivery
ORD-100670,B2B-61154,2026-04-18 02:05:59,2026-04-28 02:05:59,2026-04-30 02:05:59,2,68.23,3,Melbourne,527.14,1.0,Late Delivery
ORD-100671,B2B-17175,2025-11-09 15:47:41,2025-11-18 15:47:41,2025-11-22 15:47:41,4,78.72,3,Melbourne,699.29,1.0,Late Delivery
ORD-100672,B2B-16185,2025-12-11 11:14:00,2025-12-20 11:14:00,2025-12-21 11:14:00,1,44.55,3,Melbourne,106.42,0.0,
ORD-100673,B2B-29290,2025-12-10 11:08:25,2025-12-17 11:08:25,2025-12-19 11:08:25,2,95.26,7,Melbourne,739.67,0.0,
ORD-100674,B2B-25910,2025-08-22 21:20:55,2025-09-02 21:20:55,2025-08-31 21:20:55,-2,57.22,3,Melbourne,151.59,0.0,
ORD-100675,B2B-83563,2026-02-05 23:29:13,2026-02-17 23:29:13,2026-02-22 23:29:13,5,58.86,3,Perth,472.14,0.0,
ORD-100676,B2B-79418,2026-03-30 18:08:15,2026-04-07 18:08:15,2026-04-03 18:08:15,-4,62.84,3,Perth,263.24,0.0,
ORD-100677,B2B-3615,2026-06-07 21:22:27,2026-06-19 21:22:27,2026-06-19 21:22:27,0,66.04,3,Brisbane,392.89,0.0,
ORD-100678,B2B-17175,2025-09-12 19:26:35,2025-09-21 19:26:35,2025-09-21 19:26:35,0,71.97,3,Melbourne,699.29,0.0,
ORD-100679,B2B-72765,2025-08-03 02:09:06,2025-08-12 02:09:06,2025-08-15 02:09:06,3,114.9,3,Melbourne,873.91,0.0,
ORD-100680,B2B-3948,2025-10-05 05:03:12,2025-10-19 05:03:12,2025-10-22 05:03:12,3,83.96,3,Melbourne,668.85,0.0,
ORD-100681,B2B-70880,2026-06-26 11:13:25,2026-07-03 11:13:25,2026-07-06 11:13:25,3,84.06,3,Brisbane,644.27,1.0,Late Delivery
ORD-100682,B2B-70481,2026-01-24 16:21:27,2026-02-04 16:21:27,2026-02-04 16:21:27,0,91.57,7,Melbourne,569.0,0.0,
ORD-100683,B2B-40989,2026-07-02 14:42:02,2026-07-14 14:42:02,2026-07-14 14:42:02,0,70.9,7,Perth,252.61,0.0,
ORD-100684,B2B-11521,2026-04-01 11:30:29,2026-04-08 11:30:29,2026-04-07 11:30:29,-1,44.92,3,Perth,26.15,0.0,
ORD-100685,B2B-5625,2026-03-14 08:23:45,2026-03-22 08:23:45,2026-03-24 08:23:45,2,65.39,3,Brisbane,674.77,1.0,Late Delivery
ORD-100686,B2B-27189,2025-11-09 18:42:37,2025-11-20 18:42:37,2025-11-25 18:42:37,5,64.39,3,Brisbane,532.44,1.0,Late Delivery
ORD-100687,B2B-46372,2026-05-16 10:05:53,2026-05-25 10:05:53,2026-05-22 10:05:53,-3,93.37,3,Melbourne,848.56,0.0,
ORD-100688,B2B-52943,2025-09-21 19:18:21,2025-10-05 19:18:21,2025-10-09 19:18:21,4,88.85,7,Melbourne,856.21,1.0,Late Delivery
ORD-100689,B2B-76363,2025-12-20 06:18:15,2025-12-30 06:18:15,2026-01-03 06:18:15,4,89.61,7,Melbourne,555.75,0.0,
ORD-100690,B2B-69617,2025-12-28 05:28:22,2026-01-05 05:28:22,2026-01-11 05:28:22,6,57.19,7,Melbourne,439.75,0.0,
ORD-100691,B2B-34427,2026-04-19 01:02:33,2026-05-02 01:02:33,2026-05-03 01:02:33,1,62.59,3,Brisbane,212.11,0.0,
ORD-100692,B2B-35688,2025-08-23 14:06:30,2025-09-03 14:06:30,2025-09-01 14:06:30,-2,76.54,7,Adelaide,329.31,0.0,
ORD-100693,B2B-41706,2026-04-05 09:55:31,2026-04-14 09:55:31,2026-04-14 09:55:31,0,57.79,7,Adelaide,65.65,0.0,
ORD-100694,B2B-25749,2025-12-30 11:38:19,2026-01-10 11:38:19,2026-01-14 11:38:19,4,60.64,7,Perth,212.64,0.0,
ORD-100695,B2B-41054,2025-10-02 18:26:39,2025-10-12 18:26:39,2025-10-14 18:26:39,2,81.39,7,Perth,470.71,0.0,
ORD-100696,B2B-65614,2026-07-20 09:14:55,2026-08-01 09:14:55,2026-07-30 09:14:55,-2,61.83,3,Melbourne,319.56,0.0,
ORD-100697,B2B-89899,2026-05-28 00:46:26,2026-06-11 00:46:26,2026-06-13 00:46:26,2,82.81,3,Brisbane,618.63,0.0,
ORD-100698,B2B-79786,2026-04-02 20:09:00,2026-04-10 20:09:00,2026-04-12 20:09:00,2,86.77,7,Melbourne,588.46,0.0,
ORD-100699,B2B-88360,2026-02-08 13:09:58,2026-02-21 13:09:58,2026-02-21 13:09:58,0,60.18,7,Brisbane,120.26,0.0,
ORD-100700,B2B-70994,2025-08-27 13:18:18,2025-09-07 13:18:18,2025-09-10 13:18:18,3,74.02,7,Melbourne,301.53,0.0,
ORD-100701,B2B-56377,2026-03-04 09:02:33,2026-03-14 09:02:33,2026-03-14 09:02:33,0,62.23,3,Perth,536.78,0.0,
ORD-100702,B2B-36952,2026-03-31 14:32:03,2026-04-09 14:32:03,2026-04-15 14:32:03,6,73.47,7,Melbourne,659.01,0.0,
ORD-100703,B2B-73101,2026-04-28 04:30:06,2026-05-09 04:30:06,2026-05-09 04:30:06,0,64.55,3,Melbourne,574.65,0.0,
ORD-100704,B2B-48439,2026-02-02 19:38:02,2026-02-14 19:38:02,2026-02-15 19:38:02,1,53.02,3,Adelaide,187.34,0.0,
ORD-100705,B2B-91629,2026-04-14 15:07:19,2026-04-21 15:07:19,2026-04-24 15:07:19,3,54.22,3,Adelaide,222.93,0.0,
ORD-100706,B2B-5625,2025-09-18 01:35:00,2025-09-27 01:35:00,2025-09-27 01:35:00,0,87.44,3,Brisbane,674.77,0.0,
ORD-100707,B2B-42641,2026-01-10 15:47:31,2026-01-20 15:47:31,2026-01-17 15:47:31,-3,53.64,3,Melbourne,304.19,0.0,
ORD-100708,B2B-78955,2025-08-30 14:08:00,2025-09-13 14:08:00,2025-09-11 14:08:00,-2,56.28,3,Adelaide,132.63,0.0,
ORD-100709,B2B-72466,2026-01-15 22:21:19,2026-01-23 22:21:19,2026-01-25 22:21:19,2,57.65,3,Perth,270.49,0.0,
ORD-100710,B2B-55267,2026-04-25 13:19:17,2026-05-02 13:19:17,2026-05-04 13:19:17,2,66.57,3,Brisbane,417.67,0.0,
ORD-100711,B2B-19402,2026-01-27 13:25:43,2026-02-04 13:25:43,2026-02-03 13:25:43,-1,64.18,7,Brisbane,198.91,0.0,
ORD-100712,B2B-15887,2026-05-08 22:36:18,2026-05-16 22:36:18,2026-05-16 22:36:18,0,65.36,7,Perth,234.39,0.0,
ORD-100713,B2B-97673,2026-03-28 18:58:52,2026-04-10 18:58:52,2026-04-16 18:58:52,6,83.37,3,Melbourne,665.56,0.0,
ORD-100714,B2B-62355,2025-11-27 20:45:58,2025-12-10 20:45:58,2025-12-10 20:45:58,0,52.76,3,Adelaide,200.8,0.0,
ORD-100715,B2B-20256,2025-09-07 08:43:52,2025-09-16 08:43:52,2025-09-16 08:43:52,0,67.23,3,Adelaide,276.38,0.0,
ORD-100716,B2B-88506,2026-06-10 18:16:17,2026-06-23 18:16:17,2026-06-25 18:16:17,2,74.87,3,Adelaide,379.24,0.0,
ORD-100717,B2B-9933,2026-07-30 23:38:46,2026-08-13 23:38:46,2026-08-15 23:38:46,2,61.64,7,Adelaide,318.11,0.0,
ORD-100718,B2B-83416,2025-08-23 13:34:03,2025-09-03 13:34:03,2025-09-05 13:34:03,2,69.08,3,Adelaide,207.08,0.0,
ORD-100719,B2B-19617,2026-04-23 21:18:53,2026-05-05 21:18:53,2026-05-06 21:18:53,1,66.74,7,Adelaide,408.26,0.0,
ORD-100720,B2B-93157,2025-12-05 18:40:24,2025-12-16 18:40:24,2025-12-16 18:40:24,0,53.67,3,Perth,103.37,0.0,
ORD-100721,B2B-16966,2026-01-05 04:54:47,2026-01-19 04:54:47,2026-01-19 04:54:47,0,72.14,3,Melbourne,232.76,0.0,
ORD-100722,B2B-24203,2025-10-05 04:21:36,2025-10-14 04:21:36,2025-10-14 04:21:36,0,70.12,3,Brisbane,156.46,0.0,
ORD-100723,B2B-34548,2026-06-29 11:40:34,2026-07-12 11:40:34,2026-07-12 11:40:34,0,101.38,7,Melbourne,666.29,0.0,
ORD-100724,B2B-11884,2026-06-09 20:38:51,2026-06-16 20:38:51,2026-06-20 20:38:51,4,85.13,3,Brisbane,732.96,1.0,Late Delivery
ORD-100725,B2B-1530,2026-06-21 01:44:33,2026-06-30 01:44:33,2026-06-29 01:44:33,-1,55.08,3,Brisbane,38.68,0.0,
ORD-100726,B2B-92368,2025-12-18 04:29:13,2025-12-30 04:29:13,2026-01-01 04:29:13,2,66.23,3,Brisbane,113.13,0.0,
ORD-100727,B2B-84692,2025-08-25 10:43:21,2025-09-07 10:43:21,2025-09-08 10:43:21,1,90.23,3,Melbourne,682.93,0.0,
ORD-100728,B2B-532,2026-02-10 02:18:05,2026-02-18 02:18:05,2026-02-19 02:18:05,1,50.66,7,Adelaide,57.73,0.0,
ORD-100729,B2B-18191,2026-05-30 21:51:39,2026-06-12 21:51:39,2026-06-12 21:51:39,0,63.84,3,Adelaide,239.43,0.0,
ORD-100730,B2B-10589,2025-11-12 03:47:39,2025-11-25 03:47:39,2025-11-24 03:47:39,-1,51.96,7,Adelaide,206.53,0.0,
ORD-100731,B2B-24999,2026-04-05 15:06:32,2026-04-16 15:06:32,2026-04-19 15:06:32,3,71.39,7,Melbourne,573.77,0.0,
ORD-100732,B2B-2773,2026-05-19 23:02:45,2026-05-30 23:02:45,2026-05-31 23:02:45,1,61.59,3,Perth,223.95,1.0,Customer Service
ORD-100733,B2B-35219,2025-09-27 08:09:21,2025-10-10 08:09:21,2025-10-08 08:09:21,-2,52.01,3,Adelaide,290.88,0.0,
ORD-100734,B2B-55547,2025-10-12 13:28:47,2025-10-20 13:28:47,2025-10-23 13:28:47,3,70.27,3,Melbourne,437.05,1.0,Customer Service
ORD-100735,B2B-84692,2025-12-25 01:11:20,2026-01-08 01:11:20,2026-01-06 01:11:20,-2,84.39,3,Melbourne,682.93,0.0,
ORD-100736,B2B-71874,2026-05-21 13:43:56,2026-05-30 13:43:56,2026-05-30 13:43:56,0,80.17,3,Brisbane,624.67,0.0,
ORD-100737,B2B-57770,2026-01-16 16:22:41,2026-01-23 16:22:41,2026-01-20 16:22:41,-3,87.4,3,Perth,398.92,0.0,
ORD-100738,B2B-68926,2026-03-29 21:16:59,2026-04-09 21:16:59,2026-04-08 21:16:59,-1,68.76,3,Brisbane,258.66,0.0,
ORD-100739,B2B-41547,2025-08-16 16:28:06,2025-08-24 16:28:06,2025-08-22 16:28:06,-2,81.89,3,Brisbane,272.28,0.0,
ORD-100740,B2B-16615,2025-08-27 03:18:57,2025-09-10 03:18:57,2025-09-12 03:18:57,2,59.4,3,Brisbane,353.55,0.0,
ORD-100741,B2B-68926,2025-11-14 15:07:32,2025-11-27 15:07:32,2025-11-29 15:07:32,2,46.21,3,Brisbane,258.66,0.0,
ORD-100742,B2B-52522,2025-07-31 15:54:43,2025-08-07 15:54:43,2025-08-09 15:54:43,2,64.48,3,Melbourne,313.94,0.0,
ORD-100743,B2B-40989,2026-04-23 00:39:21,2026-05-02 00:39:21,2026-04-29 00:39:21,-3,58.54,7,Perth,252.61,0.0,
ORD-100744,B2B-14205,2026-05-14 16:51:59,2026-05-23 16:51:59,2026-05-22 16:51:59,-1,59.91,7,Melbourne,93.91,0.0,
ORD-100745,B2B-5963,2026-05-29 19:26:35,2026-06-07 19:26:35,2026-06-07 19:26:35,0,74.09,3,Brisbane,539.47,0.0,
ORD-100746,B2B-21323,2026-06-14 01:36:57,2026-06-27 01:36:57,2026-06-25 01:36:57,-2,53.45,3,Brisbane,105.37,0.0,
ORD-100747,B2B-30729,2026-05-31 16:34:19,2026-06-11 16:34:19,2026-06-09 16:34:19,-2,62.92,3,Melbourne,556.38,0.0,
ORD-100748,B2B-70116,2026-03-13 10:26:48,2026-03-20 10:26:48,2026-03-19 10:26:48,-1,67.75,7,Brisbane,289.27,0.0,
ORD-100749,B2B-41342,2025-11-09 02:56:43,2025-11-19 02:56:43,2025-11-19 02:56:43,0,57.85,3,Adelaide,247.72,0.0,
ORD-100750,B2B-83562,2026-07-02 01:40:26,2026-07-14 01:40:26,2026-07-13 01:40:26,-1,41.78,7,Brisbane,229.29,0.0,
ORD-100751,B2B-52871,2025-11-11 01:50:06,2025-11-22 01:50:06,2025-11-25 01:50:06,3,81.55,3,Melbourne,625.46,0.0,
ORD-100752,B2B-41777,2026-03-29 08:25:08,2026-04-10 08:25:08,2026-04-10 08:25:08,0,52.8,7,Melbourne,60.38,0.0,
ORD-100753,B2B-83025,2026-03-03 01:10:41,2026-03-11 01:10:41,2026-03-12 01:10:41,1,66.96,3,Melbourne,664.33,0.0,
ORD-100754,B2B-13926,2025-11-11 02:07:25,2025-11-18 02:07:25,2025-11-16 02:07:25,-2,96.16,3,Brisbane,662.59,0.0,
ORD-100755,B2B-469,2026-07-22 02:27:00,2026-08-04 02:27:00,2026-08-01 02:27:00,-3,73.28,7,Brisbane,568.96,0.0,
ORD-100756,B2B-97922,2026-03-02 06:27:24,2026-03-14 06:27:24,2026-03-17 06:27:24,3,87.19,7,Brisbane,843.37,0.0,
ORD-100757,B2B-5963,2025-11-28 05:40:50,2025-12-12 05:40:50,2025-12-10 05:40:50,-2,69.08,3,Brisbane,539.47,0.0,
ORD-100758,B2B-7824,2025-10-03 19:01:17,2025-10-17 19:01:17,2025-10-13 19:01:17,-4,84.89,3,Brisbane,603.55,0.0,
ORD-100759,B2B-25749,2025-08-07 17:36:25,2025-08-19 17:36:25,2025-08-21 17:36:25,2,57.62,7,Perth,212.64,0.0,
ORD-100760,B2B-68212,2026-01-22 01:28:03,2026-02-03 01:28:03,2026-01-30 01:28:03,-4,51.21,3,Adelaide,41.47,0.0,
ORD-100761,B2B-55547,2026-03-06 23:21:49,2026-03-13 23:21:49,2026-03-11 23:21:49,-2,61.27,3,Melbourne,437.05,0.0,
ORD-100762,B2B-60586,2025-10-11 05:43:02,2025-10-24 05:43:02,2025-10-26 05:43:02,2,81.42,3,Brisbane,738.48,0.0,
ORD-100763,B2B-77707,2025-08-14 07:47:23,2025-08-23 07:47:23,2025-08-22 07:47:23,-1,59.8,3,Melbourne,132.1,0.0,
ORD-100764,B2B-6337,2025-11-13 14:31:53,2025-11-21 14:31:53,2025-11-21 14:31:53,0,81.14,7,Melbourne,362.09,0.0,
ORD-100765,B2B-16020,2026-04-16 06:13:40,2026-04-23 06:13:40,2026-04-23 06:13:40,0,53.83,3,Adelaide,32.56,0.0,
ORD-100766,B2B-11265,2026-06-16 01:10:17,2026-06-28 01:10:17,2026-06-28 01:10:17,0,58.82,3,Brisbane,241.54,0.0,
ORD-100767,B2B-44951,2025-11-09 09:41:01,2025-11-19 09:41:01,2025-11-18 09:41:01,-1,82.71,3,Melbourne,832.42,0.0,
ORD-100768,B2B-18191,2026-04-17 08:40:33,2026-04-25 08:40:33,2026-04-23 08:40:33,-2,45.97,3,Adelaide,239.43,0.0,
ORD-100769,B2B-1575,2025-11-20 07:42:18,2025-12-04 07:42:18,2025-12-05 07:42:18,1,57.01,3,Adelaide,313.76,0.0,
ORD-100770,B2B-87571,2025-09-06 13:15:04,2025-09-14 13:15:04,2025-09-14 13:15:04,0,43.91,3,Perth,271.95,0.0,
ORD-100771,B2B-23833,2025-12-14 10:20:17,2025-12-26 10:20:17,2025-12-28 10:20:17,2,84.08,3,Melbourne,421.56,1.0,Customer Service
ORD-100772,B2B-37132,2025-12-24 05:53:21,2026-01-06 05:53:21,2026-01-05 05:53:21,-1,84.33,7,Melbourne,667.08,0.0,
ORD-100773,B2B-33006,2026-06-09 16:28:09,2026-06-21 16:28:09,2026-06-21 16:28:09,0,63.49,3,Brisbane,288.71,0.0,
ORD-100774,B2B-74695,2026-04-06 07:06:29,2026-04-17 07:06:29,2026-04-17 07:06:29,0,82.37,3,Melbourne,672.08,0.0,
ORD-100775,B2B-29290,2026-04-20 15:05:31,2026-05-03 15:05:31,2026-05-05 15:05:31,2,85.64,7,Melbourne,739.67,1.0,Late Delivery
ORD-100776,B2B-43127,2026-07-09 11:20:57,2026-07-17 11:20:57,2026-07-17 11:20:57,0,70.85,7,Melbourne,363.12,0.0,
ORD-100777,B2B-59929,2025-10-27 12:11:00,2025-11-08 12:11:00,2025-11-11 12:11:00,3,51.64,3,Perth,145.95,1.0,Customer Service
ORD-100778,B2B-93002,2026-06-01 08:41:46,2026-06-10 08:41:46,2026-06-08 08:41:46,-2,65.71,3,Brisbane,216.77,0.0,
ORD-100779,B2B-51530,2025-10-10 23:56:13,2025-10-17 23:56:13,2025-10-17 23:56:13,0,71.5,3,Brisbane,257.73,0.0,
ORD-100780,B2B-76481,2026-06-12 05:05:32,2026-06-21 05:05:32,2026-06-21 05:05:32,0,54.15,3,Melbourne,188.56,0.0,
ORD-100781,B2B-45159,2026-01-26 08:03:59,2026-02-05 08:03:59,2026-02-02 08:03:59,-3,85.11,3,Melbourne,438.13,0.0,
ORD-100782,B2B-26090,2026-01-12 13:17:46,2026-01-20 13:17:46,2026-01-24 13:17:46,4,88.05,7,Melbourne,685.13,0.0,
ORD-100783,B2B-16876,2025-08-13 07:39:57,2025-08-23 07:39:57,2025-08-23 07:39:57,0,74.68,3,Brisbane,560.95,0.0,
ORD-100784,B2B-11907,2026-02-05 11:22:15,2026-02-18 11:22:15,2026-02-20 11:22:15,2,49.89,7,Brisbane,272.23,1.0,Late Delivery
ORD-100785,B2B-36771,2026-07-14 00:04:29,2026-07-28 00:04:29,2026-07-26 00:04:29,-2,86.22,3,Brisbane,443.33,0.0,
ORD-100786,B2B-19402,2025-10-31 14:49:09,2025-11-10 14:49:09,2025-11-10 14:49:09,0,45.61,7,Brisbane,198.91,0.0,
ORD-100787,B2B-40012,2025-12-02 16:45:56,2025-12-10 16:45:56,2025-12-10 16:45:56,0,61.54,7,Adelaide,70.68,0.0,
ORD-100788,B2B-17434,2026-04-14 00:20:13,2026-04-24 00:20:13,2026-04-24 00:20:13,0,77.12,3,Brisbane,572.59,0.0,
ORD-100789,B2B-83563,2025-08-25 00:33:00,2025-09-08 00:33:00,2025-09-07 00:33:00,-1,59.77,3,Perth,472.14,0.0,
ORD-100790,B2B-39279,2025-12-18 15:14:12,2026-01-01 15:14:12,2026-01-01 15:14:12,0,53.12,7,Melbourne,220.21,0.0,
ORD-100791,B2B-38648,2026-01-08 04:33:57,2026-01-22 04:33:57,2026-01-20 04:33:57,-2,54.75,3,Brisbane,104.04,0.0,
ORD-100792,B2B-69617,2026-02-09 10:11:47,2026-02-19 10:11:47,2026-02-20 10:11:47,1,88.52,7,Melbourne,439.75,1.0,Late Delivery
ORD-100793,B2B-30067,2026-04-09 22:01:36,2026-04-20 22:01:36,2026-04-23 22:01:36,3,84.64,7,Brisbane,209.94,0.0,
ORD-100794,B2B-77562,2026-01-22 13:00:40,2026-01-30 13:00:40,2026-01-28 13:00:40,-2,44.97,7,Perth,194.73,0.0,
ORD-100795,B2B-11784,2026-04-12 14:08:17,2026-04-23 14:08:17,2026-04-24 14:08:17,1,75.52,7,Brisbane,537.63,0.0,
ORD-100796,B2B-62843,2026-06-11 17:12:32,2026-06-25 17:12:32,2026-06-27 17:12:32,2,56.54,7,Melbourne,82.28,0.0,
ORD-100797,B2B-14205,2026-04-22 06:14:04,2026-05-03 06:14:04,2026-05-03 06:14:04,0,38.0,7,Melbourne,93.91,0.0,
ORD-100798,B2B-28602,2025-08-17 16:42:12,2025-08-30 16:42:12,2025-08-30 16:42:12,0,62.91,3,Melbourne,223.1,0.0,
ORD-100799,B2B-62271,2026-02-09 03:32:01,2026-02-17 03:32:01,2026-02-17 03:32:01,0,63.39,7,Melbourne,288.22,0.0,
ORD-100800,B2B-33671,2025-11-06 11:20:02,2025-11-20 11:20:02,2025-11-15 11:20:02,-5,89.95,7,Brisbane,831.52,0.0,
ORD-100801,B2B-74340,2026-02-26 19:03:53,2026-03-07 19:03:53,2026-03-12 19:03:53,5,88.87,7,Brisbane,697.85,0.0,
ORD-100802,B2B-27599,2025-08-20 17:20:41,2025-09-03 17:20:41,2025-09-02 17:20:41,-1,66.18,3,Brisbane,705.12,0.0,
ORD-100803,B2B-70408,2025-10-24 17:51:15,2025-11-01 17:51:15,2025-11-04 17:51:15,3,60.69,3,Brisbane,324.91,1.0,Late Delivery
ORD-100804,B2B-82260,2026-03-16 15:39:37,2026-03-28 15:39:37,2026-04-01 15:39:37,4,88.81,7,Melbourne,634.11,0.0,
ORD-100805,B2B-30184,2026-01-20 22:56:56,2026-02-03 22:56:56,2026-02-03 22:56:56,0,76.88,7,Brisbane,318.79,0.0,
ORD-100806,B2B-65084,2025-09-16 13:23:44,2025-09-23 13:23:44,2025-09-27 13:23:44,4,51.5,7,Brisbane,218.58,0.0,
ORD-100807,B2B-17835,2026-06-23 03:53:27,2026-07-07 03:53:27,2026-07-06 03:53:27,-1,88.76,3,Brisbane,516.94,0.0,
ORD-100808,B2B-30184,2026-01-04 14:54:21,2026-01-14 14:54:21,2026-01-15 14:54:21,1,58.57,7,Brisbane,318.79,0.0,
ORD-100809,B2B-57435,2026-02-18 00:18:33,2026-02-26 00:18:33,2026-02-25 00:18:33,-1,55.36,3,Perth,293.3,0.0,
ORD-100810,B2B-62355,2026-05-26 01:40:25,2026-06-02 01:40:25,2026-05-30 01:40:25,-3,59.12,3,Adelaide,200.8,0.0,
ORD-100811,B2B-71281,2026-02-28 15:13:59,2026-03-10 15:13:59,2026-03-09 15:13:59,-1,38.87,3,Adelaide,295.12,0.0,
ORD-100812,B2B-22033,2025-12-28 01:24:30,2026-01-05 01:24:30,2026-01-09 01:24:30,4,65.79,7,Perth,271.03,1.0,Late Delivery
ORD-100813,B2B-91629,2025-10-16 08:13:48,2025-10-28 08:13:48,2025-10-26 08:13:48,-2,59.68,3,Adelaide,222.93,0.0,
ORD-100814,B2B-1563,2026-02-14 06:38:25,2026-02-28 06:38:25,2026-03-02 06:38:25,2,63.73,3,Adelaide,182.02,0.0,
ORD-100815,B2B-24194,2026-02-21 23:31:08,2026-03-01 23:31:08,2026-03-02 23:31:08,1,49.92,7,Melbourne,142.61,0.0,
ORD-100816,B2B-20256,2026-03-31 14:55:58,2026-04-13 14:55:58,2026-04-15 14:55:58,2,71.43,3,Adelaide,276.38,0.0,
ORD-100817,B2B-31506,2026-02-12 23:26:25,2026-02-24 23:26:25,2026-02-20 23:26:25,-4,98.75,7,Brisbane,802.14,0.0,
ORD-100818,B2B-72239,2026-02-10 22:57:26,2026-02-22 22:57:26,2026-02-20 22:57:26,-2,54.01,7,Perth,82.52,0.0,
ORD-100819,B2B-83562,2025-08-27 05:07:42,2025-09-06 05:07:42,2025-09-07 05:07:42,1,72.31,7,Brisbane,229.29,0.0,
ORD-100820,B2B-82260,2026-04-13 07:39:36,2026-04-22 07:39:36,2026-04-23 07:39:36,1,68.24,7,Melbourne,634.11,1.0,Customer Service
ORD-100821,B2B-67047,2026-03-28 14:15:49,2026-04-09 14:15:49,2026-04-10 14:15:49,1,52.77,3,Brisbane,131.63,0.0,
ORD-100822,B2B-39734,2025-12-24 22:07:10,2026-01-07 22:07:10,2026-01-11 22:07:10,4,69.02,3,Melbourne,599.79,1.0,Late Delivery
ORD-100823,B2B-74018,2026-06-10 21:44:11,2026-06-24 21:44:11,2026-06-25 21:44:11,1,79.24,3,Brisbane,437.58,0.0,
ORD-100824,B2B-21862,2026-07-28 12:20:43,2026-08-08 12:20:43,2026-08-09 12:20:43,1,65.34,3,Brisbane,673.76,0.0,
ORD-100825,B2B-54346,2025-11-25 19:27:28,2025-12-06 19:27:28,2025-12-08 19:27:28,2,90.78,7,Melbourne,648.51,0.0,
ORD-100826,B2B-68135,2025-11-04 00:50:02,2025-11-18 00:50:02,2025-11-17 00:50:02,-1,96.18,7,Brisbane,706.94,0.0,
ORD-100827,B2B-95375,2026-05-21 00:49:20,2026-05-29 00:49:20,2026-05-29 00:49:20,0,60.8,3,Perth,62.32,0.0,
ORD-100828,B2B-72239,2026-02-20 10:01:08,2026-02-28 10:01:08,2026-02-28 10:01:08,0,47.08,7,Perth,82.52,0.0,
ORD-100829,B2B-53868,2025-09-18 06:45:09,2025-09-25 06:45:09,2025-09-29 06:45:09,4,64.95,3,Melbourne,40.78,1.0,Late Delivery
ORD-100830,B2B-68087,2026-01-15 16:10:55,2026-01-23 16:10:55,2026-01-26 16:10:55,3,39.51,7,Adelaide,89.38,0.0,
ORD-100831,B2B-43323,2026-05-18 16:03:48,2026-05-26 16:03:48,2026-05-27 16:03:48,1,81.57,7,Melbourne,593.06,0.0,
ORD-100832,B2B-48997,2025-12-29 16:09:11,2026-01-06 16:09:11,2026-01-04 16:09:11,-2,79.2,3,Brisbane,508.18,0.0,
ORD-100833,B2B-31915,2025-09-22 18:10:11,2025-10-01 18:10:11,2025-10-04 18:10:11,3,81.0,7,Perth,291.96,0.0,
ORD-100834,B2B-99784,2026-01-02 17:03:31,2026-01-10 17:03:31,2026-01-06 17:03:31,-4,64.25,3,Adelaide,213.77,0.0,
ORD-100835,B2B-71923,2025-12-21 08:22:40,2025-12-31 08:22:40,2026-01-02 08:22:40,2,85.31,3,Brisbane,815.91,0.0,
ORD-100836,B2B-41706,2026-01-23 12:50:42,2026-02-02 12:50:42,2026-02-02 12:50:42,0,45.02,7,Adelaide,65.65,0.0,
ORD-100837,B2B-95375,2026-04-08 16:09:08,2026-04-22 16:09:08,2026-04-19 16:09:08,-3,48.4,3,Perth,62.32,0.0,
ORD-100838,B2B-6492,2026-06-16 21:46:54,2026-06-26 21:46:54,2026-06-27 21:46:54,1,65.5,3,Brisbane,348.96,1.0,Customer Service
ORD-100839,B2B-91629,2026-07-30 22:05:18,2026-08-12 22:05:18,2026-08-08 22:05:18,-4,61.43,3,Adelaide,222.93,0.0,
ORD-100840,B2B-5963,2025-12-17 20:13:51,2025-12-29 20:13:51,2025-12-29 20:13:51,0,71.51,3,Brisbane,539.47,0.0,
ORD-100841,B2B-19214,2025-08-26 13:20:58,2025-09-03 13:20:58,2025-09-08 13:20:58,5,96.8,7,Melbourne,863.96,0.0,
ORD-100842,B2B-15887,2026-01-09 21:04:07,2026-01-18 21:04:07,2026-01-23 21:04:07,5,65.49,7,Perth,234.39,0.0,
ORD-100843,B2B-50778,2026-05-26 10:47:20,2026-06-08 10:47:20,2026-06-02 10:47:20,-6,68.14,3,Brisbane,488.85,0.0,
ORD-100844,B2B-72630,2026-03-24 22:48:10,2026-04-03 22:48:10,2026-04-02 22:48:10,-1,46.6,3,Brisbane,54.03,0.0,
ORD-100845,B2B-6304,2026-06-19 13:53:48,2026-06-26 13:53:48,2026-06-24 13:53:48,-2,66.96,3,Brisbane,299.5,0.0,
ORD-100846,B2B-70481,2025-12-24 18:18:32,2025-12-31 18:18:32,2026-01-03 18:18:32,3,76.32,7,Melbourne,569.0,0.0,
ORD-100847,B2B-83562,2025-11-29 13:00:10,2025-12-12 13:00:10,2025-12-12 13:00:10,0,60.58,7,Brisbane,229.29,0.0,
ORD-100848,B2B-17449,2026-06-25 17:28:31,2026-07-04 17:28:31,2026-07-08 17:28:31,4,82.23,7,Brisbane,275.78,0.0,
ORD-100849,B2B-6304,2025-08-14 11:16:25,2025-08-26 11:16:25,2025-08-25 11:16:25,-1,61.79,3,Brisbane,299.5,0.0,
ORD-100850,B2B-58412,2026-06-13 23:36:37,2026-06-24 23:36:37,2026-06-25 23:36:37,1,73.9,7,Adelaide,543.27,0.0,
ORD-100851,B2B-69254,2025-10-09 02:11:45,2025-10-17 02:11:45,2025-10-21 02:11:45,4,77.61,7,Brisbane,391.86,0.0,
ORD-100852,B2B-5107,2026-07-16 22:52:52,2026-07-24 22:52:52,2026-07-23 22:52:52,-1,97.55,7,Brisbane,521.23,0.0,
ORD-100853,B2B-45330,2025-07-31 13:04:23,2025-08-08 13:04:23,2025-08-07 13:04:23,-1,78.14,3,Brisbane,371.39,0.0,
ORD-100854,B2B-99085,2026-02-20 16:28:15,2026-03-02 16:28:15,2026-03-05 16:28:15,3,85.78,7,Melbourne,721.6,0.0,
ORD-100855,B2B-99045,2026-03-24 18:17:53,2026-04-01 18:17:53,2026-03-29 18:17:53,-3,87.28,3,Melbourne,685.6,0.0,
ORD-100856,B2B-75752,2025-09-03 17:52:32,2025-09-12 17:52:32,2025-09-12 17:52:32,0,83.19,3,Brisbane,434.83,0.0,
ORD-100857,B2B-5941,2026-01-06 17:18:15,2026-01-19 17:18:15,2026-01-19 17:18:15,0,78.51,3,Melbourne,491.49,0.0,
ORD-100858,B2B-42643,2025-09-29 19:02:01,2025-10-09 19:02:01,2025-10-09 19:02:01,0,61.33,3,Brisbane,334.58,0.0,
ORD-100859,B2B-54672,2026-01-31 21:16:06,2026-02-08 21:16:06,2026-02-06 21:16:06,-2,79.59,3,Melbourne,550.57,0.0,
ORD-100860,B2B-13933,2026-03-11 16:56:28,2026-03-23 16:56:28,2026-03-23 16:56:28,0,77.55,3,Adelaide,265.59,0.0,
ORD-100861,B2B-28602,2026-05-13 11:17:50,2026-05-24 11:17:50,2026-05-25 11:17:50,1,63.95,3,Melbourne,223.1,1.0,Late Delivery
ORD-100862,B2B-45405,2025-08-29 05:53:31,2025-09-05 05:53:31,2025-09-05 05:53:31,0,77.6,7,Melbourne,705.59,0.0,
ORD-100863,B2B-3524,2025-08-08 08:46:02,2025-08-22 08:46:02,2025-08-22 08:46:02,0,58.01,3,Melbourne,100.69,0.0,
ORD-100864,B2B-51091,2026-03-16 15:53:29,2026-03-25 15:53:29,2026-03-24 15:53:29,-1,75.88,3,Melbourne,632.83,0.0,
ORD-100865,B2B-33897,2026-06-07 15:00:08,2026-06-19 15:00:08,2026-06-16 15:00:08,-3,76.34,7,Melbourne,555.88,0.0,
ORD-100866,B2B-62355,2026-06-25 03:03:39,2026-07-06 03:03:39,2026-07-06 03:03:39,0,57.58,3,Adelaide,200.8,0.0,
ORD-100867,B2B-19407,2025-09-26 17:36:27,2025-10-07 17:36:27,2025-10-07 17:36:27,0,62.35,3,Perth,308.14,0.0,
ORD-100868,B2B-40702,2025-09-25 05:59:47,2025-10-07 05:59:47,2025-10-07 05:59:47,0,76.18,7,Perth,229.26,0.0,
ORD-100869,B2B-10100,2026-04-21 07:00:14,2026-05-04 07:00:14,2026-05-06 07:00:14,2,54.39,3,Perth,132.58,0.0,
ORD-100870,B2B-19407,2025-11-28 01:11:20,2025-12-05 01:11:20,2025-12-05 01:11:20,0,56.81,3,Perth,308.14,0.0,
ORD-100871,B2B-37132,2026-03-03 05:42:45,2026-03-13 05:42:45,2026-03-16 05:42:45,3,79.48,7,Melbourne,667.08,0.0,
ORD-100872,B2B-83887,2025-09-06 21:48:35,2025-09-14 21:48:35,2025-09-14 21:48:35,0,56.43,7,Brisbane,45.19,0.0,
ORD-100873,B2B-1575,2025-08-11 17:35:02,2025-08-20 17:35:02,2025-08-20 17:35:02,0,67.9,3,Adelaide,313.76,0.0,
ORD-100874,B2B-81277,2026-02-22 18:29:10,2026-03-07 18:29:10,2026-03-10 18:29:10,3,90.66,3,Melbourne,659.12,0.0,
ORD-100875,B2B-12451,2026-01-21 17:09:03,2026-01-30 17:09:03,2026-01-31 17:09:03,1,49.61,3,Brisbane,110.17,0.0,
ORD-100876,B2B-29564,2026-03-25 13:20:20,2026-04-07 13:20:20,2026-04-07 13:20:20,0,52.75,3,Adelaide,179.99,0.0,
ORD-100877,B2B-31915,2025-11-03 08:15:48,2025-11-11 08:15:48,2025-11-14 08:15:48,3,73.46,7,Perth,291.96,0.0,
ORD-100878,B2B-1715,2025-10-09 14:16:00,2025-10-22 14:16:00,2025-10-25 14:16:00,3,61.14,7,Melbourne,321.45,0.0,
ORD-100879,B2B-97825,2026-05-26 22:34:40,2026-06-02 22:34:40,2026-06-02 22:34:40,0,70.9,3,Brisbane,371.6,0.0,
ORD-100880,B2B-42372,2025-12-16 14:01:51,2025-12-28 14:01:51,2025-12-27 14:01:51,-1,54.36,3,Melbourne,306.08,0.0,
ORD-100881,B2B-36874,2026-03-11 04:49:24,2026-03-23 04:49:24,2026-03-27 04:49:24,4,63.72,3,Brisbane,580.4,1.0,Late Delivery
ORD-100882,B2B-39279,2025-11-24 12:15:45,2025-12-02 12:15:45,2025-12-01 12:15:45,-1,68.51,7,Melbourne,220.21,0.0,
ORD-100883,B2B-25226,2026-07-22 23:44:07,2026-08-01 23:44:07,2026-08-01 23:44:07,0,38.49,3,Melbourne,147.8,0.0,
ORD-100884,B2B-30703,2026-07-22 20:17:12,2026-08-05 20:17:12,2026-08-03 20:17:12,-2,43.98,3,Brisbane,215.86,0.0,
ORD-100885,B2B-88998,2026-03-23 14:22:13,2026-04-06 14:22:13,2026-04-09 14:22:13,3,84.73,3,Brisbane,653.07,0.0,
ORD-100886,B2B-3443,2026-05-18 22:49:44,2026-05-26 22:49:44,2026-05-30 22:49:44,4,71.07,3,Adelaide,221.32,0.0,
ORD-100887,B2B-46368,2025-08-29 06:32:23,2025-09-08 06:32:23,2025-09-07 06:32:23,-1,77.87,7,Brisbane,226.22,0.0,
ORD-100888,B2B-80146,2026-03-18 17:12:03,2026-03-31 17:12:03,2026-03-31 17:12:03,0,87.16,7,Melbourne,723.44,0.0,
ORD-100889,B2B-84692,2025-11-27 08:35:14,2025-12-10 08:35:14,2025-12-10 08:35:14,0,87.53,3,Melbourne,682.93,0.0,
ORD-100890,B2B-55547,2026-01-03 01:12:06,2026-01-16 01:12:06,2026-01-17 01:12:06,1,76.69,3,Melbourne,437.05,0.0,
ORD-100891,B2B-69665,2025-11-17 22:00:20,2025-11-24 22:00:20,2025-11-25 22:00:20,1,82.42,3,Melbourne,585.98,0.0,
ORD-100892,B2B-21700,2026-05-28 23:04:12,2026-06-11 23:04:12,2026-06-06 23:04:12,-5,60.57,3,Perth,314.43,0.0,
ORD-100893,B2B-87928,2026-05-09 11:47:36,2026-05-18 11:47:36,2026-05-18 11:47:36,0,67.09,3,Perth,293.15,0.0,
ORD-100894,B2B-54971,2025-12-22 01:19:56,2026-01-04 01:19:56,2026-01-03 01:19:56,-1,55.56,7,Brisbane,147.06,0.0,
ORD-100895,B2B-68467,2026-02-03 11:26:41,2026-02-17 11:26:41,2026-02-18 11:26:41,1,68.22,3,Brisbane,288.51,0.0,
ORD-100896,B2B-36952,2025-09-07 21:41:19,2025-09-20 21:41:19,2025-09-20 21:41:19,0,92.26,7,Melbourne,659.01,0.0,
ORD-100897,B2B-14161,2025-12-21 20:34:55,2026-01-03 20:34:55,2026-01-06 20:34:55,3,61.12,3,Perth,220.42,1.0,Late Delivery
ORD-100898,B2B-11521,2025-12-29 18:49:58,2026-01-10 18:49:58,2026-01-08 18:49:58,-2,55.39,3,Perth,26.15,0.0,
ORD-100899,B2B-87928,2026-06-05 22:40:46,2026-06-15 22:40:46,2026-06-15 22:40:46,0,57.95,3,Perth,293.15,0.0,
ORD-100900,B2B-24529,2025-10-13 13:47:04,2025-10-24 13:47:04,2025-10-24 13:47:04,0,79.38,3,Brisbane,628.53,0.0,
ORD-100901,B2B-69672,2026-06-10 09:06:42,2026-06-21 09:06:42,2026-06-21 09:06:42,0,49.46,7,Brisbane,117.85,0.0,
ORD-100902,B2B-87571,2025-11-24 16:21:13,2025-12-06 16:21:13,2025-12-09 16:21:13,3,53.96,3,Perth,271.95,0.0,
ORD-100903,B2B-14161,2026-07-28 17:08:29,2026-08-11 17:08:29,2026-08-14 17:08:29,3,67.56,3,Perth,220.42,0.0,
ORD-100904,B2B-65084,2026-02-20 08:12:52,2026-02-27 08:12:52,2026-02-27 08:12:52,0,48.17,7,Brisbane,218.58,0.0,
ORD-100905,B2B-89899,2025-11-20 10:08:57,2025-12-02 10:08:57,2025-11-28 10:08:57,-4,77.24,3,Brisbane,618.63,0.0,
ORD-100906,B2B-47208,2025-08-03 04:32:26,2025-08-10 04:32:26,2025-08-11 04:32:26,1,69.24,3,Melbourne,563.28,0.0,
ORD-100907,B2B-35219,2026-01-20 17:20:28,2026-01-31 17:20:28,2026-01-31 17:20:28,0,47.87,3,Adelaide,290.88,0.0,
ORD-100908,B2B-81641,2026-03-24 21:48:20,2026-03-31 21:48:20,2026-03-31 21:48:20,0,79.9,3,Melbourne,298.87,0.0,
ORD-100909,B2B-58025,2026-07-19 23:37:48,2026-08-01 23:37:48,2026-08-01 23:37:48,0,60.37,3,Melbourne,333.8,0.0,
ORD-100910,B2B-75641,2026-06-14 07:36:12,2026-06-24 07:36:12,2026-06-24 07:36:12,0,34.89,3,Adelaide,39.25,0.0,
ORD-100911,B2B-76315,2026-01-31 02:15:04,2026-02-12 02:15:04,2026-02-14 02:15:04,2,97.28,3,Melbourne,617.5,0.0,
ORD-100912,B2B-35688,2026-03-18 16:40:15,2026-03-29 16:40:15,2026-03-27 16:40:15,-2,44.97,7,Adelaide,329.31,0.0,
ORD-100913,B2B-89458,2026-02-03 23:54:37,2026-02-16 23:54:37,2026-02-15 23:54:37,-1,56.63,7,Adelaide,169.02,0.0,
ORD-100914,B2B-77482,2026-05-17 04:51:19,2026-05-27 04:51:19,2026-05-31 04:51:19,4,54.25,7,Melbourne,132.64,1.0,Customer Service
ORD-100915,B2B-56992,2025-11-27 19:40:49,2025-12-06 19:40:49,2025-12-05 19:40:49,-1,45.59,3,Brisbane,164.68,0.0,
ORD-100916,B2B-57091,2026-01-03 01:52:47,2026-01-10 01:52:47,2026-01-11 01:52:47,1,59.66,3,Brisbane,159.39,0.0,
ORD-100917,B2B-90320,2026-06-08 18:46:38,2026-06-20 18:46:38,2026-06-20 18:46:38,0,76.2,7,Brisbane,519.08,0.0,
ORD-100918,B2B-76315,2026-07-17 03:14:24,2026-07-25 03:14:24,2026-07-30 03:14:24,5,76.06,3,Melbourne,617.5,0.0,
ORD-100919,B2B-76032,2025-10-19 11:14:13,2025-10-30 11:14:13,2025-11-05 11:14:13,6,106.23,3,Melbourne,668.56,0.0,
ORD-100920,B2B-45936,2025-12-27 00:29:37,2026-01-10 00:29:37,2026-01-10 00:29:37,0,77.57,3,Perth,315.79,0.0,
ORD-100921,B2B-91629,2026-03-07 20:15:34,2026-03-18 20:15:34,2026-03-18 20:15:34,0,45.94,3,Adelaide,222.93,0.0,
ORD-100922,B2B-95375,2025-09-29 09:17:08,2025-10-10 09:17:08,2025-10-10 09:17:08,0,53.2,3,Perth,62.32,0.0,
ORD-100923,B2B-20890,2026-04-25 23:32:56,2026-05-03 23:32:56,2026-05-06 23:32:56,3,57.68,7,Brisbane,275.5,0.0,
ORD-100924,B2B-25749,2025-11-20 12:31:49,2025-12-03 12:31:49,2025-11-30 12:31:49,-3,48.84,7,Perth,212.64,0.0,
ORD-100925,B2B-2258,2026-03-03 02:58:57,2026-03-10 02:58:57,2026-03-10 02:58:57,0,81.69,3,Brisbane,331.68,0.0,
ORD-100926,B2B-42372,2026-03-30 08:02:08,2026-04-11 08:02:08,2026-04-10 08:02:08,-1,76.29,3,Melbourne,306.08,0.0,
ORD-100927,B2B-84058,2025-08-08 23:04:24,2025-08-15 23:04:24,2025-08-16 23:04:24,1,58.79,3,Brisbane,322.72,0.0,
ORD-100928,B2B-87571,2025-08-11 07:40:10,2025-08-24 07:40:10,2025-08-24 07:40:10,0,60.23,3,Perth,271.95,0.0,
ORD-100929,B2B-24126,2026-02-20 06:50:29,2026-03-02 06:50:29,2026-03-04 06:50:29,2,59.47,3,Adelaide,180.35,1.0,Late Delivery
ORD-100930,B2B-51091,2026-07-13 07:13:29,2026-07-22 07:13:29,2026-07-25 07:13:29,3,94.68,3,Melbourne,632.83,1.0,Late Delivery
ORD-100931,B2B-11784,2025-11-24 07:34:43,2025-12-05 07:34:43,2025-12-05 07:34:43,0,61.04,7,Brisbane,537.63,0.0,
ORD-100932,B2B-79534,2025-11-30 17:40:35,2025-12-12 17:40:35,2025-12-10 17:40:35,-2,78.38,3,Melbourne,248.84,0.0,
ORD-100933,B2B-3615,2025-10-12 10:56:11,2025-10-21 10:56:11,2025-10-23 10:56:11,2,66.78,3,Brisbane,392.89,0.0,
ORD-100934,B2B-13926,2025-11-06 20:38:31,2025-11-20 20:38:31,2025-11-19 20:38:31,-1,70.67,3,Brisbane,662.59,0.0,
ORD-100935,B2B-56126,2025-10-26 06:17:55,2025-11-08 06:17:55,2025-11-08 06:17:55,0,76.56,3,Adelaide,432.51,0.0,
ORD-100936,B2B-21199,2025-10-01 02:43:15,2025-10-09 02:43:15,2025-10-13 02:43:15,4,59.54,3,Adelaide,136.6,1.0,Late Delivery
ORD-100937,B2B-33392,2026-07-04 12:44:29,2026-07-18 12:44:29,2026-07-18 12:44:29,0,53.38,7,Adelaide,172.39,0.0,
ORD-100938,B2B-8713,2025-12-18 02:15:22,2025-12-31 02:15:22,2025-12-31 02:15:22,0,42.77,3,Perth,254.25,0.0,
ORD-100939,B2B-475,2026-04-20 06:30:09,2026-04-30 06:30:09,2026-04-29 06:30:09,-1,50.65,3,Melbourne,206.37,0.0,
ORD-100940,B2B-77702,2026-07-04 10:06:51,2026-07-17 10:06:51,2026-07-15 10:06:51,-2,36.48,7,Brisbane,154.37,0.0,
ORD-100941,B2B-28699,2026-01-02 04:10:39,2026-01-12 04:10:39,2026-01-14 04:10:39,2,73.58,7,Perth,276.96,0.0,
ORD-100942,B2B-2258,2025-11-11 14:30:18,2025-11-20 14:30:18,2025-11-20 14:30:18,0,60.48,3,Brisbane,331.68,0.0,
ORD-100943,B2B-56992,2026-06-19 01:29:03,2026-06-27 01:29:03,2026-06-30 01:29:03,3,64.29,3,Brisbane,164.68,0.0,
ORD-100944,B2B-50778,2026-02-19 05:29:04,2026-02-27 05:29:04,2026-02-27 05:29:04,0,86.49,3,Brisbane,488.85,0.0,
ORD-100945,B2B-97825,2026-03-03 14:46:27,2026-03-12 14:46:27,2026-03-15 14:46:27,3,53.31,3,Brisbane,371.6,0.0,
ORD-100946,B2B-93117,2025-10-06 14:06:00,2025-10-14 14:06:00,2025-10-14 14:06:00,0,72.38,3,Brisbane,583.68,0.0,
ORD-100947,B2B-76032,2026-03-18 04:43:32,2026-03-28 04:43:32,2026-03-28 04:43:32,0,69.77,3,Melbourne,668.56,0.0,
ORD-100948,B2B-70465,2025-08-29 11:48:34,2025-09-05 11:48:34,2025-09-04 11:48:34,-1,60.89,3,Melbourne,465.9,0.0,
ORD-100949,B2B-7824,2025-10-31 15:55:16,2025-11-12 15:55:16,2025-11-11 15:55:16,-1,87.5,3,Brisbane,603.55,0.0,
ORD-100950,B2B-17175,2025-09-09 10:40:27,2025-09-23 10:40:27,2025-09-21 10:40:27,-2,76.04,3,Melbourne,699.29,0.0,
ORD-100951,B2B-70586,2025-09-14 21:27:44,2025-09-21 21:27:44,2025-09-22 21:27:44,1,67.4,7,Adelaide,271.32,0.0,
ORD-100952,B2B-97276,2025-12-26 23:11:55,2026-01-06 23:11:55,2026-01-09 23:11:55,3,49.47,3,Brisbane,198.51,0.0,
ORD-100953,B2B-10435,2025-08-28 00:56:32,2025-09-04 00:56:32,2025-09-04 00:56:32,0,53.9,3,Melbourne,145.35,0.0,
ORD-100954,B2B-46396,2026-03-06 06:34:45,2026-03-17 06:34:45,2026-03-14 06:34:45,-3,53.41,7,Adelaide,251.37,0.0,
ORD-100955,B2B-86225,2026-06-06 22:37:15,2026-06-15 22:37:15,2026-06-14 22:37:15,-1,72.24,3,Perth,237.6,0.0,
ORD-100956,B2B-5625,2026-04-29 12:09:56,2026-05-08 12:09:56,2026-05-08 12:09:56,0,65.86,3,Brisbane,674.77,0.0,
ORD-100957,B2B-91629,2026-06-27 00:49:47,2026-07-08 00:49:47,2026-07-09 00:49:47,1,49.61,3,Adelaide,222.93,0.0,
ORD-100958,B2B-20890,2026-04-02 22:37:59,2026-04-13 22:37:59,2026-04-14 22:37:59,1,79.34,7,Brisbane,275.5,0.0,
ORD-100959,B2B-1245,2026-06-13 02:17:13,2026-06-22 02:17:13,2026-06-17 02:17:13,-5,77.44,3,Brisbane,612.32,0.0,
ORD-100960,B2B-47096,2026-05-28 18:40:04,2026-06-09 18:40:04,2026-06-09 18:40:04,0,64.14,3,Brisbane,91.69,0.0,
ORD-100961,B2B-3524,2026-05-03 11:58:40,2026-05-13 11:58:40,2026-05-12 11:58:40,-1,55.31,3,Melbourne,100.69,0.0,
ORD-100962,B2B-916,2025-09-08 15:15:45,2025-09-19 15:15:45,2025-09-15 15:15:45,-4,58.67,3,Melbourne,189.92,0.0,
ORD-100963,B2B-69672,2025-10-27 15:09:07,2025-11-09 15:09:07,2025-11-05 15:09:07,-4,56.37,7,Brisbane,117.85,0.0,
ORD-100964,B2B-34252,2026-01-18 20:25:19,2026-02-01 20:25:19,2026-01-30 20:25:19,-2,64.44,3,Brisbane,310.33,0.0,
ORD-100965,B2B-38648,2026-04-23 12:05:07,2026-05-04 12:05:07,2026-05-04 12:05:07,0,62.36,3,Brisbane,104.04,0.0,
ORD-100966,B2B-20421,2026-01-29 23:35:20,2026-02-10 23:35:20,2026-02-12 23:35:20,2,91.75,3,Brisbane,718.6,0.0,
ORD-100967,B2B-32334,2026-05-18 13:58:01,2026-05-28 13:58:01,2026-05-29 13:58:01,1,66.59,3,Perth,496.63,0.0,
ORD-100968,B2B-58252,2025-12-16 03:26:12,2025-12-30 03:26:12,2026-01-03 03:26:12,4,69.33,3,Melbourne,190.25,1.0,Late Delivery
ORD-100969,B2B-77707,2026-04-24 20:27:16,2026-05-02 20:27:16,2026-05-01 20:27:16,-1,56.93,3,Melbourne,132.1,0.0,
ORD-100970,B2B-29564,2025-09-09 10:03:45,2025-09-21 10:03:45,2025-09-21 10:03:45,0,50.95,3,Adelaide,179.99,0.0,
ORD-100971,B2B-79534,2026-01-19 23:27:23,2026-02-02 23:27:23,2026-01-31 23:27:23,-2,63.8,3,Melbourne,248.84,0.0,
ORD-100972,B2B-41230,2026-05-18 19:31:31,2026-05-28 19:31:31,2026-05-28 19:31:31,0,59.7,3,Adelaide,106.34,0.0,
ORD-100973,B2B-67196,2026-02-22 19:33:46,2026-03-06 19:33:46,2026-03-01 19:33:46,-5,80.73,7,Brisbane,206.28,0.0,
ORD-100974,B2B-16829,2025-11-30 16:31:36,2025-12-11 16:31:36,2025-12-13 16:31:36,2,60.04,3,Melbourne,128.6,1.0,Late Delivery
ORD-100975,B2B-61154,2026-06-22 02:55:18,2026-07-02 02:55:18,2026-07-01 02:55:18,-1,78.34,3,Melbourne,527.14,0.0,
ORD-100976,B2B-35745,2025-09-05 17:47:08,2025-09-16 17:47:08,2025-09-16 17:47:08,0,53.28,7,Brisbane,188.89,0.0,
ORD-100977,B2B-3615,2025-12-01 13:05:52,2025-12-12 13:05:52,2025-12-12 13:05:52,0,75.5,3,Brisbane,392.89,0.0,
ORD-100978,B2B-34949,2026-07-28 04:22:23,2026-08-11 04:22:23,2026-08-10 04:22:23,-1,68.25,3,Adelaide,297.34,0.0,
ORD-100979,B2B-83416,2025-09-09 20:47:44,2025-09-23 20:47:44,2025-09-25 20:47:44,2,46.78,3,Adelaide,207.08,0.0,
ORD-100980,B2B-97922,2025-11-10 09:07:16,2025-11-23 09:07:16,2025-11-24 09:07:16,1,90.52,7,Brisbane,843.37,0.0,
ORD-100981,B2B-86006,2026-04-23 13:02:18,2026-05-05 13:02:18,2026-05-08 13:02:18,3,94.45,3,Melbourne,700.53,0.0,
ORD-100982,B2B-26239,2025-11-27 17:20:11,2025-12-10 17:20:11,2025-12-13 17:20:11,3,85.88,3,Brisbane,453.36,1.0,Late Delivery
ORD-100983,B2B-25749,2025-10-27 13:08:52,2025-11-05 13:08:52,2025-11-05 13:08:52,0,69.1,7,Perth,212.64,0.0,
ORD-100984,B2B-97825,2025-09-17 20:18:31,2025-09-30 20:18:31,2025-10-03 20:18:31,3,64.02,3,Brisbane,371.6,0.0,
ORD-100985,B2B-88226,2026-07-21 21:03:20,2026-08-01 21:03:20,2026-07-31 21:03:20,-1,91.22,3,Brisbane,836.71,0.0,
ORD-100986,B2B-40535,2026-07-24 22:57:50,2026-08-01 22:57:50,2026-08-03 22:57:50,2,80.7,3,Brisbane,625.16,0.0,
ORD-100987,B2B-87571,2026-06-28 00:02:18,2026-07-06 00:02:18,2026-07-06 00:02:18,0,44.1,3,Perth,271.95,0.0,
ORD-100988,B2B-65084,2025-11-15 21:20:51,2025-11-28 21:20:51,2025-11-28 21:20:51,0,63.23,7,Brisbane,218.58,0.0,
ORD-100989,B2B-70465,2026-04-03 20:45:16,2026-04-14 20:45:16,2026-04-18 20:45:16,4,62.43,3,Melbourne,465.9,1.0,Late Delivery
ORD-100990,B2B-19543,2026-02-19 08:38:32,2026-02-27 08:38:32,2026-02-25 08:38:32,-2,72.23,7,Adelaide,260.58,0.0,
ORD-100991,B2B-72466,2026-04-24 17:08:40,2026-05-05 17:08:40,2026-05-06 17:08:40,1,55.08,3,Perth,270.49,0.0,
ORD-100992,B2B-89419,2026-03-12 21:17:01,2026-03-26 21:17:01,2026-03-29 21:17:01,3,77.44,7,Perth,495.82,0.0,
ORD-100993,B2B-16506,2026-04-23 15:05:48,2026-05-04 15:05:48,2026-04-30 15:05:48,-4,48.81,3,Brisbane,422.23,0.0,
ORD-100994,B2B-6492,2025-09-13 04:35:05,2025-09-21 04:35:05,2025-09-23 04:35:05,2,72.74,3,Brisbane,348.96,1.0,Late Delivery
ORD-100995,B2B-36952,2026-03-06 14:27:42,2026-03-18 14:27:42,2026-03-21 14:27:42,3,80.23,7,Melbourne,659.01,0.0,
ORD-100996,B2B-69093,2025-08-04 05:10:19,2025-08-18 05:10:19,2025-08-19 05:10:19,1,57.45,3,Melbourne,464.74,1.0,Late Delivery
ORD-100997,B2B-75594,2026-01-15 22:00:44,2026-01-27 22:00:44,2026-01-28 22:00:44,1,68.68,3,Perth,237.46,1.0,Late Delivery
ORD-100998,B2B-9933,2025-12-01 19:11:58,2025-12-15 19:11:58,2025-12-15 19:11:58,0,77.69,7,Adelaide,318.11,0.0,
ORD-100999,B2B-46396,2026-06-21 20:22:36,2026-07-02 20:22:36,2026-07-01 20:22:36,-1,63.57,7,Adelaide,251.37,0.0,
ORD-101000,B2B-93002,2025-09-12 16:39:50,2025-09-20 16:39:50,2025-09-18 16:39:50,-2,64.19,3,Brisbane,216.77,0.0,
ORD-101001,B2B-92314,2026-01-06 06:38:37,2026-01-17 06:38:37,2026-01-19 06:38:37,2,58.94,3,Adelaide,119.55,1.0,Late Delivery
ORD-101002,B2B-10100,2026-05-26 03:55:24,2026-06-07 03:55:24,2026-06-07 03:55:24,0,50.7,3,Perth,132.58,0.0,
ORD-101003,B2B-95375,2026-03-06 01:23:47,2026-03-17 01:23:47,2026-03-15 01:23:47,-2,39.78,3,Perth,62.32,0.0,
ORD-101004,B2B-20421,2026-06-28 08:37:40,2026-07-12 08:37:40,2026-07-12 08:37:40,0,90.84,3,Brisbane,718.6,0.0,
ORD-101005,B2B-55636,2025-11-23 13:22:07,2025-12-02 13:22:07,2025-12-03 13:22:07,1,63.06,7,Adelaide,103.07,0.0,
ORD-101006,B2B-17520,2025-09-07 08:29:17,2025-09-18 08:29:17,2025-09-18 08:29:17,0,60.39,7,Melbourne,74.84,0.0,
ORD-101007,B2B-85301,2025-11-27 12:47:28,2025-12-06 12:47:28,2025-12-04 12:47:28,-2,68.4,7,Brisbane,149.09,0.0,
ORD-101008,B2B-41761,2025-10-10 07:44:04,2025-10-21 07:44:04,2025-10-20 07:44:04,-1,64.4,3,Adelaide,248.81,0.0,
ORD-101009,B2B-35688,2026-06-08 19:53:35,2026-06-18 19:53:35,2026-06-16 19:53:35,-2,54.65,7,Adelaide,329.31,0.0,
ORD-101010,B2B-35757,2026-06-07 00:27:34,2026-06-18 00:27:34,2026-06-20 00:27:34,2,50.69,3,Perth,153.49,0.0,
ORD-101011,B2B-35745,2026-01-11 14:14:33,2026-01-19 14:14:33,2026-01-21 14:14:33,2,64.98,7,Brisbane,188.89,0.0,
ORD-101012,B2B-46368,2026-06-15 17:37:35,2026-06-26 17:37:35,2026-06-27 17:37:35,1,61.27,7,Brisbane,226.22,0.0,
ORD-101013,B2B-68212,2026-01-01 02:37:44,2026-01-08 02:37:44,2026-01-08 02:37:44,0,48.69,3,Adelaide,41.47,0.0,
ORD-101014,B2B-52738,2026-01-20 04:34:00,2026-01-30 04:34:00,2026-02-01 04:34:00,2,98.23,3,Brisbane,826.49,1.0,Late Delivery
ORD-101015,B2B-91629,2025-12-31 05:44:14,2026-01-12 05:44:14,2026-01-12 05:44:14,0,62.48,3,Adelaide,222.93,0.0,
ORD-101016,B2B-45405,2026-02-22 17:33:49,2026-03-01 17:33:49,2026-03-03 17:33:49,2,77.63,7,Melbourne,705.59,0.0,
ORD-101017,B2B-83353,2025-12-16 09:34:05,2025-12-28 09:34:05,2025-12-28 09:34:05,0,85.83,3,Melbourne,532.96,0.0,
ORD-101018,B2B-88555,2026-03-20 09:01:58,2026-03-29 09:01:58,2026-03-29 09:01:58,0,90.79,3,Brisbane,560.64,0.0,
ORD-101019,B2B-75357,2026-04-09 10:32:10,2026-04-18 10:32:10,2026-04-18 10:32:10,0,87.91,3,Perth,507.79,0.0,
ORD-101020,B2B-21199,2026-03-19 16:18:18,2026-04-01 16:18:18,2026-04-01 16:18:18,0,59.53,3,Adelaide,136.6,0.0,
ORD-101021,B2B-41230,2026-03-26 16:24:53,2026-04-08 16:24:53,2026-04-09 16:24:53,1,42.66,3,Adelaide,106.34,0.0,
ORD-101022,B2B-51091,2026-07-28 23:54:33,2026-08-07 23:54:33,2026-08-12 23:54:33,5,86.39,3,Melbourne,632.83,1.0,Late Delivery
ORD-101023,B2B-91425,2025-12-06 14:05:52,2025-12-16 14:05:52,2025-12-10 14:05:52,-6,87.85,3,Brisbane,396.55,0.0,
ORD-101024,B2B-18051,2025-09-03 09:20:07,2025-09-17 09:20:07,2025-09-17 09:20:07,0,90.57,3,Melbourne,606.19,0.0,
ORD-101025,B2B-5625,2025-10-11 03:03:17,2025-10-18 03:03:17,2025-10-25 03:03:17,7,110.48,3,Brisbane,674.77,1.0,Late Delivery
ORD-101026,B2B-21647,2026-03-03 07:29:37,2026-03-17 07:29:37,2026-03-14 07:29:37,-3,46.69,3,Perth,378.29,0.0,
ORD-101027,B2B-29290,2026-01-21 23:17:34,2026-01-31 23:17:34,2026-02-01 23:17:34,1,99.16,7,Melbourne,739.67,0.0,
ORD-101028,B2B-75357,2025-10-22 23:19:25,2025-11-01 23:19:25,2025-10-31 23:19:25,-1,70.45,3,Perth,507.79,0.0,
ORD-101029,B2B-84085,2026-03-04 03:37:20,2026-03-11 03:37:20,2026-03-09 03:37:20,-2,66.4,3,Melbourne,454.16,0.0,
ORD-101030,B2B-31506,2026-04-14 06:45:44,2026-04-28 06:45:44,2026-04-30 06:45:44,2,62.36,7,Brisbane,802.14,0.0,
ORD-101031,B2B-83353,2026-07-28 00:31:27,2026-08-04 00:31:27,2026-07-31 00:31:27,-4,67.86,3,Melbourne,532.96,0.0,
ORD-101032,B2B-66471,2026-01-27 22:38:59,2026-02-06 22:38:59,2026-02-06 22:38:59,0,70.73,3,Brisbane,457.4,0.0,
ORD-101033,B2B-38826,2025-11-25 18:59:28,2025-12-04 18:59:28,2025-12-04 18:59:28,0,73.33,7,Brisbane,536.49,0.0,
ORD-101034,B2B-15993,2025-08-28 19:06:10,2025-09-07 19:06:10,2025-09-06 19:06:10,-1,56.18,3,Brisbane,270.48,0.0,
ORD-101035,B2B-88968,2025-11-18 18:48:56,2025-11-29 18:48:56,2025-11-29 18:48:56,0,109.54,7,Brisbane,928.28,0.0,
ORD-101036,B2B-90230,2026-04-24 09:57:12,2026-05-07 09:57:12,2026-05-06 09:57:12,-1,71.94,7,Brisbane,406.47,0.0,
ORD-101037,B2B-70116,2026-04-08 08:38:52,2026-04-16 08:38:52,2026-04-17 08:38:52,1,51.08,7,Brisbane,289.27,0.0,
ORD-101038,B2B-70880,2025-09-03 17:42:27,2025-09-13 17:42:27,2025-09-13 17:42:27,0,88.34,3,Brisbane,644.27,0.0,
ORD-101039,B2B-90230,2025-11-13 18:10:23,2025-11-24 18:10:23,2025-11-24 18:10:23,0,60.28,7,Brisbane,406.47,0.0,
ORD-101040,B2B-29323,2025-08-02 12:46:20,2025-08-16 12:46:20,2025-08-17 12:46:20,1,74.15,3,Melbourne,274.14,0.0,
ORD-101041,B2B-30729,2026-02-14 16:54:32,2026-02-22 16:54:32,2026-02-21 16:54:32,-1,76.87,3,Melbourne,556.38,0.0,
ORD-101042,B2B-20143,2026-01-11 13:53:00,2026-01-25 13:53:00,2026-01-25 13:53:00,0,75.78,3,Brisbane,477.8,0.0,
ORD-101043,B2B-46127,2025-12-31 00:07:18,2026-01-11 00:07:18,2026-01-13 00:07:18,2,76.3,3,Brisbane,494.33,0.0,
ORD-101044,B2B-47320,2026-06-11 23:09:12,2026-06-19 23:09:12,2026-06-19 23:09:12,0,80.14,3,Melbourne,752.74,0.0,
ORD-101045,B2B-38826,2025-11-10 13:20:27,2025-11-20 13:20:27,2025-11-20 13:20:27,0,75.49,7,Brisbane,536.49,0.0,
ORD-101046,B2B-55547,2026-04-14 16:53:00,2026-04-24 16:53:00,2026-04-24 16:53:00,0,70.05,3,Melbourne,437.05,0.0,
ORD-101047,B2B-18221,2026-03-24 09:05:25,2026-04-05 09:05:25,2026-04-02 09:05:25,-3,68.55,3,Perth,348.44,0.0,
ORD-101048,B2B-90230,2026-03-01 02:59:47,2026-03-10 02:59:47,2026-03-09 02:59:47,-1,62.21,7,Brisbane,406.47,0.0,
ORD-101049,B2B-83416,2025-11-25 23:33:02,2025-12-03 23:33:02,2025-11-30 23:33:02,-3,42.24,3,Adelaide,207.08,0.0,
ORD-101050,B2B-75357,2026-02-13 20:42:41,2026-02-20 20:42:41,2026-02-21 20:42:41,1,78.14,3,Perth,507.79,0.0,
ORD-101051,B2B-17750,2026-05-06 19:35:36,2026-05-19 19:35:36,2026-05-20 19:35:36,1,49.85,3,Perth,179.54,0.0,
ORD-101052,B2B-80015,2025-12-07 15:43:16,2025-12-17 15:43:16,2025-12-16 15:43:16,-1,66.06,3,Perth,168.28,0.0,
ORD-101053,B2B-45405,2025-09-20 02:55:30,2025-10-02 02:55:30,2025-10-01 02:55:30,-1,85.0,7,Melbourne,705.59,0.0,
ORD-101054,B2B-28688,2025-08-17 02:30:09,2025-08-31 02:30:09,2025-08-31 02:30:09,0,90.39,3,Perth,477.49,0.0,
ORD-101055,B2B-824,2025-08-16 00:39:12,2025-08-28 00:39:12,2025-08-25 00:39:12,-3,67.49,7,Brisbane,210.68,0.0,
ORD-101056,B2B-40839,2025-12-30 07:38:11,2026-01-07 07:38:11,2026-01-09 07:38:11,2,61.07,3,Brisbane,148.87,1.0,Late Delivery
ORD-101057,B2B-56992,2026-05-23 14:39:22,2026-06-01 14:39:22,2026-06-03 14:39:22,2,55.77,3,Brisbane,164.68,1.0,Late Delivery
ORD-101058,B2B-21199,2025-11-14 14:51:36,2025-11-21 14:51:36,2025-11-20 14:51:36,-1,65.19,3,Adelaide,136.6,0.0,
ORD-101059,B2B-69495,2026-05-18 12:29:23,2026-05-26 12:29:23,2026-05-26 12:29:23,0,46.96,3,Adelaide,147.01,0.0,
ORD-101060,B2B-71281,2025-10-08 01:13:36,2025-10-20 01:13:36,2025-10-18 01:13:36,-2,73.39,3,Adelaide,295.12,0.0,
ORD-101061,B2B-28699,2025-10-13 23:07:01,2025-10-21 23:07:01,2025-10-19 23:07:01,-2,58.99,7,Perth,276.96,0.0,
ORD-101062,B2B-48337,2026-07-03 08:22:09,2026-07-17 08:22:09,2026-07-18 08:22:09,1,52.2,3,Perth,217.85,0.0,
ORD-101063,B2B-45330,2026-05-14 09:59:57,2026-05-25 09:59:57,2026-05-26 09:59:57,1,69.97,3,Brisbane,371.39,0.0,
ORD-101064,B2B-68919,2026-01-07 00:43:09,2026-01-15 00:43:09,2026-01-17 00:43:09,2,32.92,7,Adelaide,182.23,0.0,
ORD-101065,B2B-34252,2026-01-26 05:54:21,2026-02-03 05:54:21,2026-02-05 05:54:21,2,73.98,3,Brisbane,310.33,0.0,
ORD-101066,B2B-18221,2026-06-10 09:44:33,2026-06-19 09:44:33,2026-06-19 09:44:33,0,73.37,3,Perth,348.44,0.0,
ORD-101067,B2B-40989,2025-12-08 11:55:33,2025-12-21 11:55:33,2025-12-19 11:55:33,-2,58.43,7,Perth,252.61,0.0,
ORD-101068,B2B-72466,2025-10-26 16:06:57,2025-11-06 16:06:57,2025-11-05 16:06:57,-1,62.5,3,Perth,270.49,0.0,
ORD-101069,B2B-27599,2026-01-02 10:16:37,2026-01-10 10:16:37,2026-01-15 10:16:37,5,91.41,3,Brisbane,705.12,0.0,
ORD-101070,B2B-1563,2026-03-02 14:58:01,2026-03-09 14:58:01,2026-03-08 14:58:01,-1,59.7,3,Adelaide,182.02,0.0,
ORD-101071,B2B-83562,2025-08-21 00:00:46,2025-08-29 00:00:46,2025-08-29 00:00:46,0,80.48,7,Brisbane,229.29,0.0,
ORD-101072,B2B-41230,2026-02-08 09:15:52,2026-02-15 09:15:52,2026-02-15 09:15:52,0,48.27,3,Adelaide,106.34,0.0,
ORD-101073,B2B-27189,2026-01-15 16:41:39,2026-01-27 16:41:39,2026-01-31 16:41:39,4,83.41,3,Brisbane,532.44,1.0,Late Delivery
ORD-101074,B2B-43536,2026-01-06 17:57:38,2026-01-14 17:57:38,2026-01-16 17:57:38,2,74.81,3,Melbourne,599.85,1.0,Late Delivery
ORD-101075,B2B-93157,2026-07-25 14:12:14,2026-08-06 14:12:14,2026-08-07 14:12:14,1,54.94,3,Perth,103.37,0.0,
ORD-101076,B2B-60586,2026-01-01 15:57:29,2026-01-13 15:57:29,2026-01-13 15:57:29,0,96.26,3,Brisbane,738.48,0.0,
ORD-101077,B2B-26559,2025-12-01 04:35:07,2025-12-09 04:35:07,2025-12-09 04:35:07,0,78.13,7,Melbourne,410.2,1.0,Packaging Damage
ORD-101078,B2B-50609,2025-10-18 16:41:21,2025-10-29 16:41:21,2025-10-29 16:41:21,0,56.93,7,Melbourne,160.69,0.0,
ORD-101079,B2B-12858,2026-03-14 01:09:52,2026-03-22 01:09:52,2026-03-22 01:09:52,0,63.9,7,Brisbane,294.08,0.0,
ORD-101080,B2B-41178,2025-10-23 15:18:09,2025-11-04 15:18:09,2025-11-06 15:18:09,2,41.9,3,Perth,124.26,0.0,
ORD-101081,B2B-11521,2025-09-19 21:46:58,2025-09-28 21:46:58,2025-09-25 21:46:58,-3,44.89,3,Perth,26.15,0.0,
ORD-101082,B2B-70283,2026-04-16 01:16:33,2026-04-27 01:16:33,2026-04-29 01:16:33,2,93.74,3,Melbourne,878.87,1.0,Late Delivery
ORD-101083,B2B-58025,2025-10-11 10:59:06,2025-10-24 10:59:06,2025-10-23 10:59:06,-1,64.78,3,Melbourne,333.8,0.0,
ORD-101084,B2B-69672,2025-08-10 00:28:44,2025-08-18 00:28:44,2025-08-18 00:28:44,0,52.39,7,Brisbane,117.85,0.0,
ORD-101085,B2B-7824,2026-05-14 04:47:01,2026-05-23 04:47:01,2026-05-24 04:47:01,1,80.28,3,Brisbane,603.55,1.0,Late Delivery
ORD-101086,B2B-35745,2025-08-24 16:13:30,2025-09-05 16:13:30,2025-09-06 16:13:30,1,69.61,7,Brisbane,188.89,0.0,
ORD-101087,B2B-74018,2026-07-02 05:43:09,2026-07-12 05:43:09,2026-07-11 05:43:09,-1,69.18,3,Brisbane,437.58,0.0,
ORD-101088,B2B-74692,2025-11-11 22:45:58,2025-11-25 22:45:58,2025-11-23 22:45:58,-2,56.27,3,Melbourne,309.02,0.0,
ORD-101089,B2B-40178,2025-09-18 12:42:07,2025-09-30 12:42:07,2025-09-30 12:42:07,0,75.37,3,Melbourne,294.57,0.0,
ORD-101090,B2B-90230,2025-11-11 22:12:56,2025-11-20 22:12:56,2025-11-23 22:12:56,3,78.23,7,Brisbane,406.47,1.0,Late Delivery
ORD-101091,B2B-80380,2026-05-03 15:31:58,2026-05-10 15:31:58,2026-05-11 15:31:58,1,68.43,3,Adelaide,545.83,1.0,Late Delivery
ORD-101092,B2B-33006,2026-02-13 22:56:39,2026-02-20 22:56:39,2026-02-19 22:56:39,-1,67.69,3,Brisbane,288.71,0.0,
ORD-101093,B2B-99085,2026-03-24 16:19:55,2026-04-04 16:19:55,2026-04-04 16:19:55,0,86.82,7,Melbourne,721.6,0.0,
ORD-101094,B2B-19214,2025-12-09 21:24:01,2025-12-19 21:24:01,2025-12-20 21:24:01,1,87.41,7,Melbourne,863.96,0.0,
ORD-101095,B2B-53943,2026-01-16 12:38:25,2026-01-30 12:38:25,2026-01-28 12:38:25,-2,76.07,3,Melbourne,648.98,0.0,
ORD-101096,B2B-20143,2026-02-19 04:21:11,2026-03-01 04:21:11,2026-03-02 04:21:11,1,59.1,3,Brisbane,477.8,0.0,
ORD-101097,B2B-17434,2026-06-10 14:54:00,2026-06-22 14:54:00,2026-06-23 14:54:00,1,65.75,3,Brisbane,572.59,0.0,
ORD-101098,B2B-44861,2026-01-07 06:10:16,2026-01-21 06:10:16,2026-01-21 06:10:16,0,66.0,3,Perth,329.47,0.0,
ORD-101099,B2B-52943,2026-04-07 15:49:30,2026-04-20 15:49:30,2026-04-16 15:49:30,-4,93.0,7,Melbourne,856.21,0.0,
ORD-101100,B2B-74684,2025-08-16 18:02:58,2025-08-23 18:02:58,2025-08-20 18:02:58,-3,87.98,3,Brisbane,548.73,0.0,
ORD-101101,B2B-28375,2026-04-19 20:42:17,2026-04-30 20:42:17,2026-05-01 20:42:17,1,78.61,3,Brisbane,465.41,0.0,
ORD-101102,B2B-43127,2025-11-12 12:47:04,2025-11-24 12:47:04,2025-11-23 12:47:04,-1,71.79,7,Melbourne,363.12,0.0,
ORD-101103,B2B-21663,2025-11-18 02:16:40,2025-12-02 02:16:40,2025-12-01 02:16:40,-1,60.89,7,Perth,430.53,0.0,
ORD-101104,B2B-84142,2026-05-23 16:08:45,2026-05-30 16:08:45,2026-06-01 16:08:45,2,66.06,3,Perth,298.29,0.0,
ORD-101105,B2B-11521,2026-06-21 02:38:00,2026-07-01 02:38:00,2026-06-30 02:38:00,-1,53.26,3,Perth,26.15,0.0,
ORD-101106,B2B-17449,2025-11-22 20:26:13,2025-12-02 20:26:13,2025-12-03 20:26:13,1,78.46,7,Brisbane,275.78,0.0,
ORD-101107,B2B-56377,2026-02-11 11:27:33,2026-02-22 11:27:33,2026-02-24 11:27:33,2,78.57,3,Perth,536.78,0.0,
ORD-101108,B2B-42934,2025-08-30 14:35:34,2025-09-13 14:35:34,2025-09-15 14:35:34,2,85.9,3,Brisbane,637.56,1.0,Late Delivery
ORD-101109,B2B-91629,2026-03-09 13:25:55,2026-03-17 13:25:55,2026-03-19 13:25:55,2,66.63,3,Adelaide,222.93,0.0,
ORD-101110,B2B-87026,2026-02-19 22:28:14,2026-03-01 22:28:14,2026-03-01 22:28:14,0,58.27,3,Melbourne,149.38,0.0,
ORD-101111,B2B-58412,2026-04-30 17:38:32,2026-05-07 17:38:32,2026-05-08 17:38:32,1,78.27,7,Adelaide,543.27,0.0,
ORD-101112,B2B-68919,2026-06-24 05:06:48,2026-07-02 05:06:48,2026-07-01 05:06:48,-1,61.99,7,Adelaide,182.23,0.0,
ORD-101113,B2B-21647,2026-05-21 13:23:07,2026-06-02 13:23:07,2026-06-05 13:23:07,3,61.34,3,Perth,378.29,0.0,
ORD-101114,B2B-50991,2026-07-16 12:01:31,2026-07-23 12:01:31,2026-07-21 12:01:31,-2,39.34,3,Adelaide,152.72,0.0,
ORD-101115,B2B-11435,2026-02-25 03:05:58,2026-03-07 03:05:58,2026-03-07 03:05:58,0,47.1,7,Melbourne,298.71,0.0,
ORD-101116,B2B-4727,2026-04-20 22:05:30,2026-04-28 22:05:30,2026-05-01 22:05:30,3,79.47,7,Adelaide,619.93,0.0,
ORD-101117,B2B-85628,2026-02-08 06:38:56,2026-02-15 06:38:56,2026-02-11 06:38:56,-4,60.9,7,Brisbane,299.31,0.0,
ORD-101118,B2B-36952,2026-07-17 22:37:40,2026-07-29 22:37:40,2026-08-05 22:37:40,7,91.55,7,Melbourne,659.01,1.0,Late Delivery
ORD-101119,B2B-21862,2025-08-24 13:54:05,2025-09-06 13:54:05,2025-09-09 13:54:05,3,78.05,3,Brisbane,673.76,0.0,
ORD-101120,B2B-35219,2025-11-11 07:59:32,2025-11-23 07:59:32,2025-11-23 07:59:32,0,57.96,3,Adelaide,290.88,0.0,
ORD-101121,B2B-41761,2026-03-22 10:34:54,2026-03-29 10:34:54,2026-03-29 10:34:54,0,64.98,3,Adelaide,248.81,0.0,
ORD-101122,B2B-67047,2026-04-28 18:09:36,2026-05-07 18:09:36,2026-05-07 18:09:36,0,64.59,3,Brisbane,131.63,0.0,
ORD-101123,B2B-51530,2025-11-04 06:13:54,2025-11-14 06:13:54,2025-11-15 06:13:54,1,63.35,3,Brisbane,257.73,0.0,
ORD-101124,B2B-53047,2025-11-19 13:27:38,2025-11-30 13:27:38,2025-12-01 13:27:38,1,70.16,3,Brisbane,465.29,0.0,
ORD-101125,B2B-90351,2025-12-26 21:31:27,2026-01-06 21:31:27,2026-01-04 21:31:27,-2,50.64,7,Perth,64.85,0.0,
ORD-101126,B2B-79866,2026-01-16 05:56:34,2026-01-30 05:56:34,2026-01-30 05:56:34,0,62.84,3,Perth,122.78,0.0,
ORD-101127,B2B-699,2025-10-08 03:45:07,2025-10-17 03:45:07,2025-10-18 03:45:07,1,65.03,3,Melbourne,312.08,0.0,
ORD-101128,B2B-41342,2026-07-23 05:08:02,2026-08-06 05:08:02,2026-08-05 05:08:02,-1,54.28,3,Adelaide,247.72,0.0,
ORD-101129,B2B-41910,2026-05-11 05:36:02,2026-05-20 05:36:02,2026-05-19 05:36:02,-1,66.09,3,Brisbane,191.25,0.0,
ORD-101130,B2B-58025,2025-09-23 11:46:45,2025-10-04 11:46:45,2025-10-04 11:46:45,0,63.33,3,Melbourne,333.8,0.0,
ORD-101131,B2B-39956,2026-03-15 20:12:53,2026-03-28 20:12:53,2026-03-30 20:12:53,2,45.8,3,Brisbane,298.72,0.0,
ORD-101132,B2B-56992,2026-01-17 14:19:24,2026-01-28 14:19:24,2026-01-28 14:19:24,0,62.38,3,Brisbane,164.68,0.0,
ORD-101133,B2B-77661,2026-01-20 21:20:37,2026-02-02 21:20:37,2026-02-06 21:20:37,4,83.89,3,Melbourne,852.66,0.0,
ORD-101134,B2B-41910,2026-01-19 18:37:54,2026-01-28 18:37:54,2026-01-28 18:37:54,0,46.28,3,Brisbane,191.25,0.0,
ORD-101135,B2B-12451,2026-04-12 07:54:50,2026-04-20 07:54:50,2026-04-20 07:54:50,0,57.92,3,Brisbane,110.17,0.0,
ORD-101136,B2B-91425,2025-11-16 05:15:25,2025-11-26 05:15:25,2025-11-23 05:15:25,-3,73.15,3,Brisbane,396.55,0.0,
ORD-101137,B2B-54672,2026-06-02 21:26:03,2026-06-09 21:26:03,2026-06-11 21:26:03,2,65.67,3,Melbourne,550.57,0.0,
ORD-101138,B2B-48439,2025-12-26 13:33:44,2026-01-07 13:33:44,2026-01-07 13:33:44,0,74.27,3,Adelaide,187.34,0.0,
ORD-101139,B2B-59929,2025-12-15 02:50:32,2025-12-24 02:50:32,2025-12-24 02:50:32,0,49.71,3,Perth,145.95,0.0,
ORD-101140,B2B-83563,2025-11-06 02:06:51,2025-11-17 02:06:51,2025-11-18 02:06:51,1,89.62,3,Perth,472.14,0.0,
ORD-101141,B2B-74695,2025-12-19 13:58:23,2025-12-29 13:58:23,2025-12-31 13:58:23,2,82.19,3,Melbourne,672.08,0.0,
ORD-101142,B2B-33392,2025-09-10 15:56:54,2025-09-19 15:56:54,2025-09-19 15:56:54,0,72.65,7,Adelaide,172.39,0.0,
ORD-101143,B2B-24529,2026-07-22 07:27:31,2026-07-31 07:27:31,2026-07-31 07:27:31,0,84.84,3,Brisbane,628.53,0.0,
ORD-101144,B2B-77562,2026-02-12 17:48:34,2026-02-25 17:48:34,2026-02-26 17:48:34,1,49.96,7,Perth,194.73,0.0,
ORD-101145,B2B-84142,2026-01-11 02:48:04,2026-01-22 02:48:04,2026-01-22 02:48:04,0,82.79,3,Perth,298.29,0.0,
ORD-101146,B2B-916,2026-01-03 02:52:31,2026-01-16 02:52:31,2026-01-17 02:52:31,1,51.64,3,Melbourne,189.92,0.0,
ORD-101147,B2B-76363,2025-10-08 15:53:05,2025-10-17 15:53:05,2025-10-17 15:53:05,0,98.79,7,Melbourne,555.75,0.0,
ORD-101148,B2B-87026,2025-09-27 10:02:39,2025-10-07 10:02:39,2025-10-05 10:02:39,-2,55.08,3,Melbourne,149.38,0.0,
ORD-101149,B2B-42372,2026-02-26 09:50:25,2026-03-09 09:50:25,2026-03-07 09:50:25,-2,75.43,3,Melbourne,306.08,0.0,
ORD-101150,B2B-39082,2026-02-04 15:37:34,2026-02-13 15:37:34,2026-02-12 15:37:34,-1,50.33,3,Melbourne,287.99,0.0,
ORD-101151,B2B-12409,2026-05-21 15:23:51,2026-05-29 15:23:51,2026-05-29 15:23:51,0,69.87,7,Adelaide,200.39,0.0,
ORD-101152,B2B-40178,2026-03-16 07:20:07,2026-03-24 07:20:07,2026-03-24 07:20:07,0,82.68,3,Melbourne,294.57,0.0,
ORD-101153,B2B-68919,2025-10-04 11:24:23,2025-10-17 11:24:23,2025-10-17 11:24:23,0,50.29,7,Adelaide,182.23,0.0,
ORD-101154,B2B-79642,2026-07-08 12:15:40,2026-07-15 12:15:40,2026-07-15 12:15:40,0,76.6,3,Melbourne,606.95,0.0,
ORD-101155,B2B-53047,2025-12-12 22:12:48,2025-12-23 22:12:48,2025-12-23 22:12:48,0,72.98,3,Brisbane,465.29,0.0,
ORD-101156,B2B-17175,2026-05-18 01:27:18,2026-05-31 01:27:18,2026-05-31 01:27:18,0,94.68,3,Melbourne,699.29,0.0,
ORD-101157,B2B-52689,2025-11-04 22:59:09,2025-11-13 22:59:09,2025-11-09 22:59:09,-4,80.4,3,Melbourne,643.13,0.0,
ORD-101158,B2B-8641,2025-09-09 20:35:43,2025-09-23 20:35:43,2025-09-24 20:35:43,1,60.36,3,Melbourne,141.06,0.0,
ORD-101159,B2B-71923,2025-09-29 15:38:08,2025-10-13 15:38:08,2025-10-13 15:38:08,0,85.7,3,Brisbane,815.91,0.0,
ORD-101160,B2B-54346,2026-06-22 20:01:56,2026-07-05 20:01:56,2026-07-05 20:01:56,0,82.82,7,Melbourne,648.51,0.0,
ORD-101161,B2B-10240,2026-02-18 11:49:16,2026-02-26 11:49:16,2026-02-24 11:49:16,-2,49.04,7,Perth,327.65,0.0,
ORD-101162,B2B-3443,2026-04-22 01:54:16,2026-05-04 01:54:16,2026-05-04 01:54:16,0,59.75,3,Adelaide,221.32,0.0,
ORD-101163,B2B-97179,2026-05-25 02:13:15,2026-06-02 02:13:15,2026-06-02 02:13:15,0,56.09,3,Melbourne,566.59,0.0,
ORD-101164,B2B-81420,2026-01-31 17:10:47,2026-02-10 17:10:47,2026-02-10 17:10:47,0,55.57,3,Melbourne,147.06,0.0,
ORD-101165,B2B-6903,2026-05-31 01:48:40,2026-06-08 01:48:40,2026-06-06 01:48:40,-2,37.26,3,Perth,112.24,0.0,
ORD-101166,B2B-49044,2025-08-28 22:33:07,2025-09-10 22:33:07,2025-09-08 22:33:07,-2,89.61,7,Brisbane,662.08,0.0,
ORD-101167,B2B-96058,2025-11-17 15:17:46,2025-11-25 15:17:46,2025-11-25 15:17:46,0,78.49,7,Melbourne,216.57,0.0,
ORD-101168,B2B-15429,2025-10-12 11:29:25,2025-10-20 11:29:25,2025-10-20 11:29:25,0,79.68,3,Brisbane,682.84,0.0,
ORD-101169,B2B-1715,2026-06-09 14:25:10,2026-06-19 14:25:10,2026-06-19 14:25:10,0,57.38,7,Melbourne,321.45,0.0,
ORD-101170,B2B-54897,2025-12-16 09:20:30,2025-12-29 09:20:30,2025-12-27 09:20:30,-2,52.32,3,Melbourne,287.59,0.0,
ORD-101171,B2B-41054,2026-04-07 02:05:14,2026-04-20 02:05:14,2026-04-20 02:05:14,0,72.5,7,Perth,470.71,0.0,
ORD-101172,B2B-26477,2026-01-17 22:46:04,2026-01-28 22:46:04,2026-01-28 22:46:04,0,73.64,3,Melbourne,267.63,0.0,
ORD-101173,B2B-12172,2026-02-11 05:34:10,2026-02-20 05:34:10,2026-02-20 05:34:10,0,61.32,7,Brisbane,499.33,0.0,
ORD-101174,B2B-99480,2025-11-20 07:34:41,2025-11-28 07:34:41,2025-11-30 07:34:41,2,69.56,3,Perth,448.58,1.0,Late Delivery
ORD-101175,B2B-53943,2026-07-30 21:01:55,2026-08-11 21:01:55,2026-08-15 21:01:55,4,94.9,3,Melbourne,648.98,1.0,Late Delivery
ORD-101176,B2B-58252,2026-04-07 02:40:22,2026-04-14 02:40:22,2026-04-15 02:40:22,1,72.54,3,Melbourne,190.25,0.0,
ORD-101177,B2B-38826,2025-12-05 05:55:59,2025-12-18 05:55:59,2025-12-18 05:55:59,0,88.6,7,Brisbane,536.49,0.0,
ORD-101178,B2B-1835,2026-04-01 23:45:29,2026-04-10 23:45:29,2026-04-09 23:45:29,-1,83.91,3,Melbourne,675.3,0.0,
ORD-101179,B2B-99069,2026-01-28 02:12:26,2026-02-04 02:12:26,2026-02-02 02:12:26,-2,73.53,3,Brisbane,505.28,0.0,
ORD-101180,B2B-16615,2025-10-17 17:57:22,2025-10-29 17:57:22,2025-10-28 17:57:22,-1,68.41,3,Brisbane,353.55,0.0,
ORD-101181,B2B-69617,2025-09-22 19:43:50,2025-10-06 19:43:50,2025-10-04 19:43:50,-2,82.35,7,Melbourne,439.75,0.0,
ORD-101182,B2B-2979,2026-06-19 07:47:27,2026-07-02 07:47:27,2026-07-01 07:47:27,-1,82.89,3,Brisbane,367.89,0.0,
ORD-101183,B2B-77707,2026-05-24 13:01:47,2026-06-02 13:01:47,2026-05-31 13:01:47,-2,60.75,3,Melbourne,132.1,0.0,
ORD-101184,B2B-51328,2025-09-23 08:32:32,2025-10-05 08:32:32,2025-10-05 08:32:32,0,78.61,3,Brisbane,571.61,0.0,
ORD-101185,B2B-51530,2025-12-17 02:13:57,2025-12-31 02:13:57,2026-01-02 02:13:57,2,66.04,3,Brisbane,257.73,0.0,
ORD-101186,B2B-24971,2025-11-29 13:04:10,2025-12-12 13:04:10,2025-12-16 13:04:10,4,63.15,3,Melbourne,288.01,1.0,Late Delivery
ORD-101187,B2B-17520,2025-10-23 14:47:03,2025-10-30 14:47:03,2025-10-28 14:47:03,-2,48.13,7,Melbourne,74.84,0.0,
ORD-101188,B2B-14626,2026-02-20 20:10:23,2026-03-03 20:10:23,2026-03-03 20:10:23,0,79.15,3,Melbourne,632.92,0.0,
ORD-101189,B2B-72219,2025-11-10 11:10:10,2025-11-24 11:10:10,2025-11-23 11:10:10,-1,85.22,7,Brisbane,428.71,0.0,
ORD-101190,B2B-9933,2026-06-15 06:36:08,2026-06-22 06:36:08,2026-06-19 06:36:08,-3,45.51,7,Adelaide,318.11,0.0,
ORD-101191,B2B-15563,2025-10-09 07:08:26,2025-10-16 07:08:26,2025-10-19 07:08:26,3,66.47,7,Brisbane,559.64,0.0,
ORD-101192,B2B-50609,2026-02-01 23:53:21,2026-02-08 23:53:21,2026-02-05 23:53:21,-3,50.92,7,Melbourne,160.69,0.0,
ORD-101193,B2B-97179,2025-10-18 22:54:43,2025-10-26 22:54:43,2025-10-30 22:54:43,4,73.55,3,Melbourne,566.59,0.0,
ORD-101194,B2B-82861,2026-07-12 21:27:35,2026-07-24 21:27:35,2026-07-23 21:27:35,-1,66.52,7,Brisbane,269.58,0.0,
ORD-101195,B2B-28375,2026-01-12 13:27:31,2026-01-25 13:27:31,2026-01-28 13:27:31,3,78.41,3,Brisbane,465.41,0.0,
ORD-101196,B2B-58522,2026-03-30 00:25:25,2026-04-13 00:25:25,2026-04-13 00:25:25,0,90.97,3,Melbourne,613.4,0.0,
ORD-101197,B2B-72630,2026-03-06 23:10:05,2026-03-13 23:10:05,2026-03-13 23:10:05,0,47.42,3,Brisbane,54.03,0.0,
ORD-101198,B2B-54945,2026-07-28 23:12:30,2026-08-11 23:12:30,2026-08-12 23:12:30,1,61.89,7,Brisbane,251.33,0.0,
ORD-101199,B2B-69495,2026-03-03 23:53:57,2026-03-14 23:53:57,2026-03-12 23:53:57,-2,50.77,3,Adelaide,147.01,0.0,
ORD-101200,B2B-5208,2026-05-20 23:53:05,2026-06-03 23:53:05,2026-06-03 23:53:05,0,83.13,3,Brisbane,483.35,0.0,
ORD-101201,B2B-84692,2026-07-23 17:32:41,2026-08-03 17:32:41,2026-08-05 17:32:41,2,77.78,3,Melbourne,682.93,1.0,Late Delivery
ORD-101202,B2B-74018,2025-09-15 13:17:44,2025-09-28 13:17:44,2025-09-27 13:17:44,-1,71.94,3,Brisbane,437.58,0.0,
ORD-101203,B2B-15987,2026-03-11 21:55:01,2026-03-21 21:55:01,2026-03-19 21:55:01,-2,86.91,3,Melbourne,646.88,0.0,
ORD-101204,B2B-1530,2026-02-18 01:16:05,2026-03-04 01:16:05,2026-03-04 01:16:05,0,71.98,3,Brisbane,38.68,0.0,
ORD-101205,B2B-68926,2025-11-23 06:03:06,2025-12-04 06:03:06,2025-12-04 06:03:06,0,71.95,3,Brisbane,258.66,0.0,
ORD-101206,B2B-35323,2026-03-05 21:31:34,2026-03-14 21:31:34,2026-03-19 21:31:34,5,55.56,3,Perth,248.47,1.0,Late Delivery
ORD-101207,B2B-12689,2026-03-08 10:59:11,2026-03-20 10:59:11,2026-03-19 10:59:11,-1,65.89,7,Melbourne,125.28,0.0,
ORD-101208,B2B-40012,2026-02-11 07:01:10,2026-02-23 07:01:10,2026-02-23 07:01:10,0,45.41,7,Adelaide,70.68,0.0,
ORD-101209,B2B-20421,2026-07-11 09:16:20,2026-07-18 09:16:20,2026-07-18 09:16:20,0,67.91,3,Brisbane,718.6,0.0,
ORD-101210,B2B-37007,2026-06-23 05:21:48,2026-07-07 05:21:48,2026-07-10 05:21:48,3,66.61,3,Adelaide,369.48,1.0,Late Delivery
ORD-101211,B2B-33181,2026-07-09 11:55:39,2026-07-23 11:55:39,2026-07-23 11:55:39,0,65.73,3,Adelaide,257.39,0.0,
ORD-101212,B2B-47320,2026-07-27 20:00:27,2026-08-10 20:00:27,2026-08-08 20:00:27,-2,76.42,3,Melbourne,752.74,0.0,
ORD-101213,B2B-21862,2025-10-31 04:51:13,2025-11-11 04:51:13,2025-11-14 04:51:13,3,79.79,3,Brisbane,673.76,0.0,
ORD-101214,B2B-4952,2025-09-19 14:19:04,2025-10-02 14:19:04,2025-10-02 14:19:04,0,54.93,3,Brisbane,366.81,0.0,
ORD-101215,B2B-77702,2026-01-10 00:11:27,2026-01-24 00:11:27,2026-01-24 00:11:27,0,59.99,7,Brisbane,154.37,0.0,
ORD-101216,B2B-1530,2026-02-11 01:23:22,2026-02-23 01:23:22,2026-02-23 01:23:22,0,54.83,3,Brisbane,38.68,0.0,
ORD-101217,B2B-17750,2026-06-26 04:22:34,2026-07-04 04:22:34,2026-07-04 04:22:34,0,42.72,3,Perth,179.54,0.0,
ORD-101218,B2B-760,2025-12-03 09:55:51,2025-12-14 09:55:51,2025-12-15 09:55:51,1,46.88,3,Adelaide,248.77,0.0,
ORD-101219,B2B-89062,2026-05-26 13:53:56,2026-06-08 13:53:56,2026-06-11 13:53:56,3,57.32,7,Perth,129.41,1.0,Late Delivery
ORD-101220,B2B-62843,2025-12-23 14:27:06,2026-01-03 14:27:06,2026-01-04 14:27:06,1,52.84,7,Melbourne,82.28,0.0,
ORD-101221,B2B-17520,2025-12-11 12:19:11,2025-12-25 12:19:11,2025-12-27 12:19:11,2,63.77,7,Melbourne,74.84,0.0,
ORD-101222,B2B-41706,2026-07-21 14:21:41,2026-07-30 14:21:41,2026-07-28 14:21:41,-2,59.01,7,Adelaide,65.65,1.0,Quality Issue
ORD-101223,B2B-10240,2025-10-10 18:17:32,2025-10-18 18:17:32,2025-10-15 18:17:32,-3,60.81,7,Perth,327.65,0.0,
ORD-101224,B2B-6337,2026-04-03 18:44:08,2026-04-11 18:44:08,2026-04-11 18:44:08,0,62.89,7,Melbourne,362.09,0.0,
ORD-101225,B2B-19617,2025-11-23 00:01:17,2025-12-06 00:01:17,2025-12-06 00:01:17,0,67.91,7,Adelaide,408.26,0.0,
ORD-101226,B2B-5963,2026-05-27 06:09:17,2026-06-06 06:09:17,2026-06-04 06:09:17,-2,68.67,3,Brisbane,539.47,0.0,
ORD-101227,B2B-16719,2026-04-22 03:34:58,2026-05-04 03:34:58,2026-05-03 03:34:58,-1,66.99,7,Perth,326.27,0.0,
ORD-101228,B2B-16829,2026-02-15 20:27:11,2026-02-22 20:27:11,2026-02-23 20:27:11,1,68.34,3,Melbourne,128.6,0.0,
ORD-101229,B2B-50609,2026-01-08 15:58:26,2026-01-17 15:58:26,2026-01-17 15:58:26,0,58.82,7,Melbourne,160.69,0.0,
ORD-101230,B2B-2979,2026-05-11 23:06:32,2026-05-24 23:06:32,2026-05-24 23:06:32,0,76.45,3,Brisbane,367.89,0.0,
ORD-101231,B2B-10435,2026-05-22 03:14:10,2026-06-05 03:14:10,2026-06-03 03:14:10,-2,58.08,3,Melbourne,145.35,0.0,
ORD-101232,B2B-45330,2025-10-05 04:21:31,2025-10-14 04:21:31,2025-10-20 04:21:31,6,65.23,3,Brisbane,371.39,0.0,
ORD-101233,B2B-4182,2025-08-20 17:01:06,2025-09-02 17:01:06,2025-09-02 17:01:06,0,55.25,3,Melbourne,385.92,0.0,
ORD-101234,B2B-33006,2026-04-02 16:40:03,2026-04-12 16:40:03,2026-04-10 16:40:03,-2,45.45,3,Brisbane,288.71,0.0,
ORD-101235,B2B-27599,2026-02-20 03:09:03,2026-02-27 03:09:03,2026-02-24 03:09:03,-3,93.42,3,Brisbane,705.12,0.0,
ORD-101236,B2B-75395,2025-10-15 07:19:22,2025-10-28 07:19:22,2025-10-28 07:19:22,0,45.38,7,Brisbane,95.08,0.0,
ORD-101237,B2B-75641,2026-07-25 06:29:18,2026-08-07 06:29:18,2026-08-08 06:29:18,1,45.13,3,Adelaide,39.25,0.0,
ORD-101238,B2B-4919,2026-07-04 15:28:23,2026-07-17 15:28:23,2026-07-17 15:28:23,0,46.75,3,Perth,100.95,0.0,
ORD-101239,B2B-47096,2025-10-17 18:54:49,2025-10-24 18:54:49,2025-10-24 18:54:49,0,55.56,3,Brisbane,91.69,0.0,
ORD-101240,B2B-14370,2025-09-17 10:04:02,2025-09-26 10:04:02,2025-09-26 10:04:02,0,67.1,7,Brisbane,314.39,0.0,
ORD-101241,B2B-69665,2026-03-23 03:37:55,2026-03-30 03:37:55,2026-03-31 03:37:55,1,83.83,3,Melbourne,585.98,0.0,
ORD-101242,B2B-58097,2026-04-15 01:33:33,2026-04-26 01:33:33,2026-04-28 01:33:33,2,71.86,3,Melbourne,527.36,0.0,
ORD-101243,B2B-582,2026-02-09 00:23:09,2026-02-22 00:23:09,2026-02-21 00:23:09,-1,55.61,3,Perth,244.06,0.0,
ORD-101244,B2B-24529,2026-01-28 20:23:54,2026-02-08 20:23:54,2026-02-08 20:23:54,0,92.01,3,Brisbane,628.53,0.0,
ORD-101245,B2B-54070,2025-10-27 10:23:24,2025-11-07 10:23:24,2025-11-09 10:23:24,2,71.99,3,Brisbane,415.03,1.0,Late Delivery
ORD-101246,B2B-41910,2026-01-17 22:24:13,2026-01-29 22:24:13,2026-01-30 22:24:13,1,47.8,3,Brisbane,191.25,0.0,
ORD-101247,B2B-13496,2026-06-27 10:20:58,2026-07-06 10:20:58,2026-07-12 10:20:58,6,61.7,3,Melbourne,404.5,1.0,Late Delivery
ORD-101248,B2B-36952,2025-10-30 17:40:02,2025-11-11 17:40:02,2025-11-11 17:40:02,0,65.4,7,Melbourne,659.01,0.0,
ORD-101249,B2B-89458,2025-11-08 23:04:07,2025-11-15 23:04:07,2025-11-15 23:04:07,0,87.63,7,Adelaide,169.02,0.0,
ORD-101250,B2B-83562,2026-02-12 22:48:42,2026-02-20 22:48:42,2026-02-16 22:48:42,-4,54.72,7,Brisbane,229.29,0.0,
ORD-101251,B2B-45405,2026-01-17 09:31:19,2026-01-28 09:31:19,2026-01-28 09:31:19,0,85.44,7,Melbourne,705.59,0.0,
ORD-101252,B2B-50991,2026-06-18 23:55:10,2026-06-25 23:55:10,2026-06-24 23:55:10,-1,71.68,3,Adelaide,152.72,0.0,
ORD-101253,B2B-5625,2025-11-05 10:50:37,2025-11-17 10:50:37,2025-11-16 10:50:37,-1,72.46,3,Brisbane,674.77,0.0,
ORD-101254,B2B-89458,2025-10-04 21:56:11,2025-10-12 21:56:11,2025-10-10 21:56:11,-2,61.01,7,Adelaide,169.02,0.0,
ORD-101255,B2B-99501,2026-02-04 20:07:10,2026-02-16 20:07:10,2026-02-18 20:07:10,2,100.17,3,Melbourne,643.12,0.0,
ORD-101256,B2B-28602,2025-08-25 02:46:52,2025-09-07 02:46:52,2025-09-10 02:46:52,3,41.2,3,Melbourne,223.1,0.0,
ORD-101257,B2B-77482,2026-04-06 03:31:57,2026-04-13 03:31:57,2026-04-13 03:31:57,0,52.17,7,Melbourne,132.64,0.0,
ORD-101258,B2B-41547,2025-11-06 02:11:20,2025-11-20 02:11:20,2025-11-19 02:11:20,-1,49.67,3,Brisbane,272.28,0.0,
ORD-101259,B2B-53047,2025-10-26 08:21:45,2025-11-04 08:21:45,2025-11-04 08:21:45,0,75.4,3,Brisbane,465.29,0.0,
ORD-101260,B2B-50991,2026-01-23 04:52:16,2026-02-04 04:52:16,2026-02-03 04:52:16,-1,33.09,3,Adelaide,152.72,0.0,
ORD-101261,B2B-18221,2026-03-15 08:26:51,2026-03-26 08:26:51,2026-03-27 08:26:51,1,61.51,3,Perth,348.44,0.0,
ORD-101262,B2B-20126,2025-10-24 09:25:19,2025-11-05 09:25:19,2025-11-04 09:25:19,-1,55.53,3,Brisbane,415.01,0.0,
ORD-101263,B2B-40085,2025-12-05 00:40:54,2025-12-12 00:40:54,2025-12-11 00:40:54,-1,74.14,3,Adelaide,297.66,0.0,
ORD-101264,B2B-57770,2026-04-06 13:06:21,2026-04-16 13:06:21,2026-04-17 13:06:21,1,68.39,3,Perth,398.92,0.0,
ORD-101265,B2B-4952,2025-09-04 07:46:21,2025-09-18 07:46:21,2025-09-24 07:46:21,6,76.61,3,Brisbane,366.81,1.0,Late Delivery
ORD-101266,B2B-16185,2026-02-12 17:08:35,2026-02-26 17:08:35,2026-02-26 17:08:35,0,69.2,3,Melbourne,106.42,0.0,
ORD-101267,B2B-57541,2025-11-29 10:54:44,2025-12-07 10:54:44,2025-12-07 10:54:44,0,56.12,3,Brisbane,338.12,0.0,
ORD-101268,B2B-91629,2025-12-10 02:00:04,2025-12-20 02:00:04,2025-12-21 02:00:04,1,57.2,3,Adelaide,222.93,0.0,
ORD-101269,B2B-36952,2025-12-20 11:45:30,2025-12-27 11:45:30,2025-12-28 11:45:30,1,77.88,7,Melbourne,659.01,0.0,
ORD-101270,B2B-88750,2026-01-19 01:35:25,2026-01-26 01:35:25,2026-01-26 01:35:25,0,38.32,7,Melbourne,232.31,0.0,
ORD-101271,B2B-65273,2026-01-10 00:28:04,2026-01-24 00:28:04,2026-01-24 00:28:04,0,67.04,3,Melbourne,526.64,0.0,
ORD-101272,B2B-93157,2026-07-08 23:03:30,2026-07-17 23:03:30,2026-07-19 23:03:30,2,56.86,3,Perth,103.37,0.0,
ORD-101273,B2B-45936,2025-10-03 08:22:15,2025-10-11 08:22:15,2025-10-12 08:22:15,1,75.37,3,Perth,315.79,1.0,Late Delivery
ORD-101274,B2B-15987,2026-05-21 07:18:08,2026-05-29 07:18:08,2026-05-28 07:18:08,-1,99.01,3,Melbourne,646.88,0.0,
ORD-101275,B2B-12858,2026-01-21 07:17:48,2026-02-03 07:17:48,2026-02-04 07:17:48,1,85.39,7,Brisbane,294.08,1.0,Customer Service
ORD-101276,B2B-35745,2026-03-28 16:08:28,2026-04-11 16:08:28,2026-04-12 16:08:28,1,56.75,7,Brisbane,188.89,0.0,
ORD-101277,B2B-28109,2025-11-30 12:16:39,2025-12-11 12:16:39,2025-12-11 12:16:39,0,44.26,7,Melbourne,53.68,0.0,
ORD-101278,B2B-81420,2025-10-15 16:37:43,2025-10-28 16:37:43,2025-10-28 16:37:43,0,71.92,3,Melbourne,147.06,0.0,
ORD-101279,B2B-84142,2025-12-27 06:07:44,2026-01-10 06:07:44,2026-01-09 06:07:44,-1,49.33,3,Perth,298.29,0.0,
ORD-101280,B2B-92368,2025-08-23 02:18:06,2025-09-02 02:18:06,2025-09-02 02:18:06,0,62.27,3,Brisbane,113.13,0.0,
ORD-101281,B2B-13363,2026-03-07 06:31:31,2026-03-15 06:31:31,2026-03-14 06:31:31,-1,53.01,3,Perth,167.98,0.0,
ORD-101282,B2B-84509,2026-07-25 07:31:40,2026-08-04 07:31:40,2026-08-01 07:31:40,-3,65.82,3,Brisbane,417.09,0.0,
ORD-101283,B2B-5963,2025-10-01 22:44:47,2025-10-13 22:44:47,2025-10-13 22:44:47,0,69.59,3,Brisbane,539.47,0.0,
ORD-101284,B2B-96058,2025-09-17 14:23:28,2025-10-01 14:23:28,2025-09-27 14:23:28,-4,53.34,7,Melbourne,216.57,0.0,
ORD-101285,B2B-84058,2025-10-19 03:58:14,2025-10-30 03:58:14,2025-10-30 03:58:14,0,70.31,3,Brisbane,322.72,0.0,
ORD-101286,B2B-11884,2026-01-22 11:58:27,2026-02-01 11:58:27,2026-01-31 11:58:27,-1,91.27,3,Brisbane,732.96,0.0,
ORD-101287,B2B-99646,2026-04-25 14:56:27,2026-05-07 14:56:27,2026-05-09 14:56:27,2,48.86,7,Perth,86.76,1.0,Late Delivery
ORD-101288,B2B-11435,2026-05-14 08:33:31,2026-05-23 08:33:31,2026-05-24 08:33:31,1,74.62,7,Melbourne,298.71,0.0,
ORD-101289,B2B-72765,2025-10-27 22:16:50,2025-11-08 22:16:50,2025-11-12 22:16:50,4,119.57,3,Melbourne,873.91,0.0,
ORD-101290,B2B-72239,2026-05-13 23:26:27,2026-05-20 23:26:27,2026-05-21 23:26:27,1,50.36,7,Perth,82.52,0.0,
ORD-101291,B2B-57435,2026-01-12 10:05:20,2026-01-23 10:05:20,2026-01-20 10:05:20,-3,52.04,3,Perth,293.3,0.0,
ORD-101292,B2B-72474,2025-11-16 23:19:41,2025-11-25 23:19:41,2025-11-27 23:19:41,2,72.4,7,Melbourne,663.97,0.0,
ORD-101293,B2B-80168,2026-03-25 11:44:23,2026-04-08 11:44:23,2026-04-12 11:44:23,4,77.54,3,Brisbane,467.72,0.0,
ORD-101294,B2B-53868,2025-12-04 05:34:28,2025-12-11 05:34:28,2025-12-13 05:34:28,2,46.8,3,Melbourne,40.78,0.0,
ORD-101295,B2B-65614,2026-03-30 07:53:23,2026-04-06 07:53:23,2026-04-10 07:53:23,4,70.54,3,Melbourne,319.56,0.0,
ORD-101296,B2B-58522,2025-10-19 09:36:55,2025-10-28 09:36:55,2025-10-28 09:36:55,0,61.99,3,Melbourne,613.4,0.0,
ORD-101297,B2B-65084,2026-06-27 20:10:48,2026-07-04 20:10:48,2026-07-04 20:10:48,0,68.52,7,Brisbane,218.58,0.0,
ORD-101298,B2B-70992,2026-07-10 13:01:41,2026-07-20 13:01:41,2026-07-21 13:01:41,1,47.9,7,Melbourne,154.1,0.0,
ORD-101299,B2B-21199,2026-06-27 07:37:56,2026-07-05 07:37:56,2026-07-05 07:37:56,0,67.65,3,Adelaide,136.6,0.0,
ORD-101300,B2B-73790,2025-08-05 15:40:35,2025-08-19 15:40:35,2025-08-16 15:40:35,-3,64.25,3,Melbourne,354.4,0.0,
ORD-101301,B2B-11435,2025-09-17 04:08:24,2025-10-01 04:08:24,2025-10-01 04:08:24,0,77.27,7,Melbourne,298.71,0.0,
ORD-101302,B2B-41024,2026-01-28 23:14:37,2026-02-11 23:14:37,2026-02-11 23:14:37,0,65.11,3,Brisbane,433.53,0.0,
ORD-101303,B2B-90351,2026-03-22 08:43:16,2026-04-02 08:43:16,2026-03-30 08:43:16,-3,51.04,7,Perth,64.85,0.0,
ORD-101304,B2B-57541,2026-07-27 19:47:28,2026-08-10 19:47:28,2026-08-11 19:47:28,1,57.55,3,Brisbane,338.12,1.0,Late Delivery
ORD-101305,B2B-54070,2026-02-18 20:56:21,2026-02-25 20:56:21,2026-02-23 20:56:21,-2,68.93,3,Brisbane,415.03,0.0,
ORD-101306,B2B-52106,2026-02-25 15:16:21,2026-03-06 15:16:21,2026-03-08 15:16:21,2,95.23,3,Brisbane,665.15,0.0,
ORD-101307,B2B-52522,2026-06-09 03:05:51,2026-06-20 03:05:51,2026-06-21 03:05:51,1,69.12,3,Melbourne,313.94,0.0,
ORD-101308,B2B-83416,2025-08-09 17:05:39,2025-08-19 17:05:39,2025-08-18 17:05:39,-1,63.74,3,Adelaide,207.08,0.0,
ORD-101309,B2B-75594,2025-09-09 03:55:40,2025-09-16 03:55:40,2025-09-14 03:55:40,-2,65.12,3,Perth,237.46,0.0,
ORD-101310,B2B-5218,2026-01-16 08:57:17,2026-01-23 08:57:17,2026-01-23 08:57:17,0,64.31,3,Brisbane,370.92,0.0,
ORD-101311,B2B-69860,2026-02-14 15:17:46,2026-02-27 15:17:46,2026-02-26 15:17:46,-1,80.88,3,Melbourne,629.23,0.0,
ORD-101312,B2B-83901,2026-07-07 05:26:34,2026-07-16 05:26:34,2026-07-15 05:26:34,-1,70.46,3,Brisbane,378.74,0.0,
ORD-101313,B2B-88555,2026-06-12 15:26:59,2026-06-19 15:26:59,2026-06-25 15:26:59,6,94.41,3,Brisbane,560.64,1.0,Late Delivery
ORD-101314,B2B-99501,2025-09-11 08:34:31,2025-09-21 08:34:31,2025-09-18 08:34:31,-3,89.02,3,Melbourne,643.12,0.0,
ORD-101315,B2B-45936,2026-03-20 23:45:33,2026-04-03 23:45:33,2026-04-06 23:45:33,3,66.31,3,Perth,315.79,1.0,Late Delivery
ORD-101316,B2B-23088,2025-09-09 11:23:28,2025-09-21 11:23:28,2025-09-23 11:23:28,2,56.85,3,Brisbane,52.74,0.0,
ORD-101317,B2B-81420,2026-06-15 16:41:54,2026-06-23 16:41:54,2026-06-21 16:41:54,-2,59.92,3,Melbourne,147.06,0.0,
ORD-101318,B2B-89419,2026-02-20 17:47:07,2026-03-05 17:47:07,2026-03-11 17:47:07,6,86.24,7,Perth,495.82,1.0,Late Delivery
ORD-101319,B2B-6754,2026-07-24 14:19:53,2026-08-04 14:19:53,2026-08-08 14:19:53,4,71.77,3,Perth,533.44,1.0,Late Delivery
ORD-101320,B2B-51530,2026-03-23 00:42:10,2026-04-02 00:42:10,2026-04-02 00:42:10,0,73.81,3,Brisbane,257.73,0.0,
ORD-101321,B2B-20143,2026-06-04 17:04:25,2026-06-15 17:04:25,2026-06-14 17:04:25,-1,70.28,3,Brisbane,477.8,0.0,
ORD-101322,B2B-45405,2026-04-11 09:00:18,2026-04-18 09:00:18,2026-04-16 09:00:18,-2,93.95,7,Melbourne,705.59,0.0,
ORD-101323,B2B-96462,2026-03-16 15:55:20,2026-03-29 15:55:20,2026-04-02 15:55:20,4,70.2,3,Brisbane,172.15,1.0,Late Delivery
ORD-101324,B2B-68919,2026-04-08 18:26:48,2026-04-17 18:26:48,2026-04-20 18:26:48,3,60.91,7,Adelaide,182.23,0.0,
ORD-101325,B2B-48997,2025-08-26 09:15:17,2025-09-08 09:15:17,2025-09-06 09:15:17,-2,78.0,3,Brisbane,508.18,0.0,
ORD-101326,B2B-56992,2025-12-05 18:07:50,2025-12-17 18:07:50,2025-12-17 18:07:50,0,54.04,3,Brisbane,164.68,0.0,
ORD-101327,B2B-46372,2026-07-18 18:31:45,2026-07-25 18:31:45,2026-07-24 18:31:45,-1,92.56,3,Melbourne,848.56,0.0,
ORD-101328,B2B-70992,2026-07-05 20:35:48,2026-07-17 20:35:48,2026-07-17 20:35:48,0,64.27,7,Melbourne,154.1,0.0,
ORD-101329,B2B-42643,2025-08-19 00:21:17,2025-09-01 00:21:17,2025-09-03 00:21:17,2,74.94,3,Brisbane,334.58,0.0,
ORD-101330,B2B-54971,2026-07-16 08:46:22,2026-07-24 08:46:22,2026-07-24 08:46:22,0,50.24,7,Brisbane,147.06,0.0,
ORD-101331,B2B-30184,2026-02-20 20:53:34,2026-03-02 20:53:34,2026-03-02 20:53:34,0,76.38,7,Brisbane,318.79,0.0,
ORD-101332,B2B-6337,2025-08-24 17:20:46,2025-09-07 17:20:46,2025-09-07 17:20:46,0,73.89,7,Melbourne,362.09,0.0,
ORD-101333,B2B-24922,2026-01-16 09:33:21,2026-01-29 09:33:21,2026-01-30 09:33:21,1,74.7,7,Melbourne,637.48,0.0,
ORD-101334,B2B-57435,2026-01-06 16:11:11,2026-01-16 16:11:11,2026-01-20 16:11:11,4,80.76,3,Perth,293.3,0.0,
ORD-101335,B2B-34548,2026-07-27 00:16:06,2026-08-04 00:16:06,2026-08-04 00:16:06,0,100.15,7,Melbourne,666.29,0.0,
ORD-101336,B2B-75395,2025-10-03 05:40:56,2025-10-12 05:40:56,2025-10-12 05:40:56,0,63.56,7,Brisbane,95.08,0.0,
ORD-101337,B2B-90351,2025-08-11 21:15:35,2025-08-22 21:15:35,2025-08-24 21:15:35,2,50.28,7,Perth,64.85,0.0,
ORD-101338,B2B-42595,2025-08-03 22:58:59,2025-08-17 22:58:59,2025-08-21 22:58:59,4,58.91,3,Melbourne,363.92,1.0,Late Delivery
ORD-101339,B2B-97922,2026-07-26 11:26:19,2026-08-02 11:26:19,2026-08-02 11:26:19,0,82.35,7,Brisbane,843.37,0.0,
ORD-101340,B2B-84085,2025-11-11 15:50:20,2025-11-23 15:50:20,2025-11-21 15:50:20,-2,66.65,3,Melbourne,454.16,0.0,
ORD-101341,B2B-5208,2026-06-13 18:28:24,2026-06-22 18:28:24,2026-06-22 18:28:24,0,80.89,3,Brisbane,483.35,0.0,
ORD-101342,B2B-70880,2026-04-13 10:18:15,2026-04-26 10:18:15,2026-04-24 10:18:15,-2,93.63,3,Brisbane,644.27,0.0,
ORD-101343,B2B-24529,2026-04-01 12:13:31,2026-04-15 12:13:31,2026-04-15 12:13:31,0,74.53,3,Brisbane,628.53,0.0,
ORD-101344,B2B-56560,2025-10-20 06:02:47,2025-10-31 06:02:47,2025-10-30 06:02:47,-1,67.45,3,Brisbane,103.28,0.0,
ORD-101345,B2B-88555,2025-09-19 11:36:53,2025-10-03 11:36:53,2025-10-03 11:36:53,0,59.81,3,Brisbane,560.64,0.0,
ORD-101346,B2B-81420,2026-02-11 19:10:40,2026-02-25 19:10:40,2026-03-01 19:10:40,4,56.03,3,Melbourne,147.06,1.0,Late Delivery
ORD-101347,B2B-16020,2025-12-25 04:50:10,2026-01-01 04:50:10,2026-01-03 04:50:10,2,52.79,3,Adelaide,32.56,0.0,
ORD-101348,B2B-76315,2025-12-12 02:21:06,2025-12-21 02:21:06,2025-12-21 02:21:06,0,93.17,3,Melbourne,617.5,0.0,
ORD-101349,B2B-73618,2025-09-29 06:29:39,2025-10-10 06:29:39,2025-10-03 06:29:39,-7,77.76,3,Perth,263.71,0.0,
ORD-101350,B2B-47320,2026-05-09 04:01:15,2026-05-22 04:01:15,2026-05-22 04:01:15,0,103.95,3,Melbourne,752.74,1.0,Quality Issue
ORD-101351,B2B-80015,2026-01-23 11:43:44,2026-01-31 11:43:44,2026-01-31 11:43:44,0,56.04,3,Perth,168.28,0.0,
ORD-101352,B2B-39539,2025-10-08 06:54:41,2025-10-20 06:54:41,2025-10-26 06:54:41,6,78.7,3,Brisbane,614.75,1.0,Late Delivery
ORD-101353,B2B-13005,2026-06-14 19:58:43,2026-06-24 19:58:43,2026-06-27 19:58:43,3,74.66,3,Melbourne,364.43,1.0,Customer Service
ORD-101354,B2B-5218,2025-12-16 04:03:58,2025-12-29 04:03:58,2025-12-27 04:03:58,-2,60.06,3,Brisbane,370.92,0.0,
ORD-101355,B2B-55930,2026-01-27 05:51:22,2026-02-05 05:51:22,2026-02-07 05:51:22,2,60.83,3,Adelaide,264.74,0.0,
ORD-101356,B2B-70283,2025-11-22 17:45:26,2025-12-03 17:45:26,2025-12-01 17:45:26,-2,109.18,3,Melbourne,878.87,0.0,
ORD-101357,B2B-71281,2025-11-12 23:29:10,2025-11-26 23:29:10,2025-11-27 23:29:10,1,84.91,3,Adelaide,295.12,0.0,
ORD-101358,B2B-42641,2026-05-15 01:58:23,2026-05-28 01:58:23,2026-05-29 01:58:23,1,67.76,3,Melbourne,304.19,1.0,Customer Service
ORD-101359,B2B-88998,2025-08-10 06:04:36,2025-08-21 06:04:36,2025-08-27 06:04:36,6,89.03,3,Brisbane,653.07,1.0,Late Delivery
ORD-101360,B2B-56126,2025-09-05 02:27:27,2025-09-15 02:27:27,2025-09-17 02:27:27,2,61.97,3,Adelaide,432.51,0.0,
ORD-101361,B2B-74695,2026-05-18 03:29:30,2026-05-30 03:29:30,2026-05-31 03:29:30,1,105.22,3,Melbourne,672.08,0.0,
ORD-101362,B2B-35745,2025-09-28 17:13:56,2025-10-07 17:13:56,2025-10-07 17:13:56,0,52.99,7,Brisbane,188.89,0.0,
ORD-101363,B2B-54070,2026-05-18 08:10:15,2026-05-26 08:10:15,2026-05-22 08:10:15,-4,82.36,3,Brisbane,415.03,0.0,
ORD-101364,B2B-50778,2026-03-07 10:42:14,2026-03-19 10:42:14,2026-03-21 10:42:14,2,57.89,3,Brisbane,488.85,0.0,
ORD-101365,B2B-55930,2025-09-11 08:39:02,2025-09-22 08:39:02,2025-09-23 08:39:02,1,59.68,3,Adelaide,264.74,0.0,
ORD-101366,B2B-35219,2025-08-17 14:38:24,2025-08-28 14:38:24,2025-08-27 14:38:24,-1,72.09,3,Adelaide,290.88,0.0,
ORD-101367,B2B-55207,2026-01-18 07:01:02,2026-02-01 07:01:02,2026-02-01 07:01:02,0,53.3,3,Brisbane,245.68,0.0,
ORD-101368,B2B-92314,2026-01-28 09:50:50,2026-02-11 09:50:50,2026-02-09 09:50:50,-2,73.92,3,Adelaide,119.55,0.0,
ORD-101369,B2B-27599,2025-09-20 11:05:55,2025-10-03 11:05:55,2025-10-04 11:05:55,1,61.78,3,Brisbane,705.12,0.0,
ORD-101370,B2B-93157,2025-10-07 05:54:54,2025-10-14 05:54:54,2025-10-14 05:54:54,0,65.48,3,Perth,103.37,0.0,
ORD-101371,B2B-33392,2025-09-24 00:46:38,2025-10-06 00:46:38,2025-10-05 00:46:38,-1,56.55,7,Adelaide,172.39,0.0,
ORD-101372,B2B-52689,2026-06-08 20:40:20,2026-06-20 20:40:20,2026-06-25 20:40:20,5,92.25,3,Melbourne,643.13,1.0,Late Delivery
ORD-101373,B2B-46396,2025-11-24 09:34:45,2025-12-06 09:34:45,2025-12-05 09:34:45,-1,57.34,7,Adelaide,251.37,0.0,
ORD-101374,B2B-2979,2025-12-06 02:34:57,2025-12-13 02:34:57,2025-12-12 02:34:57,-1,64.81,3,Brisbane,367.89,0.0,
ORD-101375,B2B-90471,2026-05-23 02:07:19,2026-05-31 02:07:19,2026-06-05 02:07:19,5,84.81,3,Brisbane,681.93,1.0,Late Delivery
ORD-101376,B2B-1715,2025-10-04 21:38:28,2025-10-16 21:38:28,2025-10-16 21:38:28,0,45.91,7,Melbourne,321.45,0.0,
ORD-101377,B2B-475,2026-06-25 18:40:11,2026-07-08 18:40:11,2026-07-10 18:40:11,2,56.65,3,Melbourne,206.37,0.0,
ORD-101378,B2B-43127,2026-06-02 09:30:39,2026-06-15 09:30:39,2026-06-18 09:30:39,3,57.79,7,Melbourne,363.12,1.0,Late Delivery
ORD-101379,B2B-67196,2026-05-17 21:25:55,2026-05-29 21:25:55,2026-05-29 21:25:55,0,69.1,7,Brisbane,206.28,0.0,
ORD-101380,B2B-33671,2026-03-31 00:34:15,2026-04-09 00:34:15,2026-04-12 00:34:15,3,97.2,7,Brisbane,831.52,1.0,Late Delivery
ORD-101381,B2B-99085,2026-05-25 18:39:41,2026-06-03 18:39:41,2026-06-01 18:39:41,-2,102.24,7,Melbourne,721.6,0.0,
ORD-101382,B2B-475,2026-03-03 08:10:17,2026-03-16 08:10:17,2026-03-15 08:10:17,-1,75.86,3,Melbourne,206.37,0.0,
ORD-101383,B2B-57908,2025-09-29 17:02:37,2025-10-08 17:02:37,2025-10-06 17:02:37,-2,70.32,3,Brisbane,246.06,0.0,
ORD-101384,B2B-99784,2026-01-05 03:34:38,2026-01-13 03:34:38,2026-01-14 03:34:38,1,49.31,3,Adelaide,213.77,0.0,
ORD-101385,B2B-14370,2025-11-18 19:25:08,2025-12-01 19:25:08,2025-12-01 19:25:08,0,69.14,7,Brisbane,314.39,0.0,
ORD-101386,B2B-31506,2026-06-01 20:58:57,2026-06-08 20:58:57,2026-06-11 20:58:57,3,85.83,7,Brisbane,802.14,0.0,
ORD-101387,B2B-9928,2026-04-12 06:07:46,2026-04-26 06:07:46,2026-04-25 06:07:46,-1,52.6,3,Perth,85.7,0.0,
ORD-101388,B2B-96332,2025-12-13 07:32:10,2025-12-25 07:32:10,2025-12-27 07:32:10,2,51.42,3,Brisbane,296.44,0.0,
ORD-101389,B2B-77067,2026-07-10 18:50:54,2026-07-20 18:50:54,2026-07-20 18:50:54,0,72.58,7,Melbourne,322.91,0.0,
ORD-101390,B2B-14161,2026-05-22 07:55:23,2026-05-29 07:55:23,2026-05-29 07:55:23,0,61.07,3,Perth,220.42,0.0,
ORD-101391,B2B-47208,2025-12-22 08:54:33,2026-01-03 08:54:33,2026-01-04 08:54:33,1,73.01,3,Melbourne,563.28,0.0,
ORD-101392,B2B-2773,2025-08-26 09:38:02,2025-09-02 09:38:02,2025-09-02 09:38:02,0,64.38,3,Perth,223.95,0.0,
ORD-101393,B2B-41178,2026-05-14 01:05:39,2026-05-28 01:05:39,2026-05-27 01:05:39,-1,65.03,3,Perth,124.26,0.0,
ORD-101394,B2B-24922,2026-03-06 18:14:17,2026-03-19 18:14:17,2026-03-19 18:14:17,0,64.48,7,Melbourne,637.48,0.0,
ORD-101395,B2B-40702,2026-02-20 15:03:51,2026-02-27 15:03:51,2026-03-04 15:03:51,5,44.02,7,Perth,229.26,0.0,
ORD-101396,B2B-99156,2026-02-14 06:51:28,2026-02-22 06:51:28,2026-02-22 06:51:28,0,59.55,3,Melbourne,196.4,0.0,
ORD-101397,B2B-76315,2026-02-18 11:51:24,2026-02-28 11:51:24,2026-03-06 11:51:24,6,71.43,3,Melbourne,617.5,1.0,Late Delivery
ORD-101398,B2B-42595,2026-07-03 20:08:21,2026-07-16 20:08:21,2026-07-14 20:08:21,-2,52.31,3,Melbourne,363.92,0.0,
ORD-101399,B2B-582,2026-02-26 15:51:44,2026-03-07 15:51:44,2026-03-07 15:51:44,0,70.25,3,Perth,244.06,0.0,
ORD-101400,B2B-54346,2026-07-07 16:51:20,2026-07-17 16:51:20,2026-07-19 16:51:20,2,76.55,7,Melbourne,648.51,0.0,
ORD-101401,B2B-5107,2025-11-14 01:13:48,2025-11-28 01:13:48,2025-11-28 01:13:48,0,76.31,7,Brisbane,521.23,0.0,
ORD-101402,B2B-73101,2026-01-25 01:01:10,2026-02-08 01:01:10,2026-02-06 01:01:10,-2,55.51,3,Melbourne,574.65,0.0,
ORD-101403,B2B-24529,2026-05-21 13:31:29,2026-05-31 13:31:29,2026-05-31 13:31:29,0,77.04,3,Brisbane,628.53,0.0,
ORD-101404,B2B-47096,2026-01-28 04:24:02,2026-02-06 04:24:02,2026-02-06 04:24:02,0,56.6,3,Brisbane,91.69,0.0,
ORD-101405,B2B-41580,2026-02-12 17:19:28,2026-02-22 17:19:28,2026-02-22 17:19:28,0,78.66,7,Brisbane,585.24,0.0,
ORD-101406,B2B-73752,2025-12-01 04:16:27,2025-12-14 04:16:27,2025-12-17 04:16:27,3,74.06,7,Perth,578.14,0.0,
ORD-101407,B2B-76315,2025-08-11 05:15:00,2025-08-23 05:15:00,2025-08-23 05:15:00,0,61.14,3,Melbourne,617.5,0.0,
ORD-101408,B2B-36874,2026-07-27 15:49:27,2026-08-04 15:49:27,2026-08-05 15:49:27,1,79.32,3,Brisbane,580.4,0.0,
ORD-101409,B2B-35323,2026-07-22 00:21:17,2026-08-03 00:21:17,2026-08-03 00:21:17,0,60.65,3,Perth,248.47,0.0,
ORD-101410,B2B-57435,2026-06-17 12:39:25,2026-06-30 12:39:25,2026-07-01 12:39:25,1,59.52,3,Perth,293.3,1.0,Customer Service
ORD-101411,B2B-86819,2025-11-06 10:04:00,2025-11-16 10:04:00,2025-11-15 10:04:00,-1,80.0,3,Brisbane,531.68,0.0,
ORD-101412,B2B-29290,2026-04-13 15:50:05,2026-04-24 15:50:05,2026-04-29 15:50:05,5,86.55,7,Melbourne,739.67,1.0,Late Delivery
ORD-101413,B2B-15993,2025-09-16 00:19:53,2025-09-24 00:19:53,2025-09-24 00:19:53,0,61.82,3,Brisbane,270.48,0.0,
ORD-101414,B2B-77707,2026-03-07 21:50:29,2026-03-14 21:50:29,2026-03-12 21:50:29,-2,55.76,3,Melbourne,132.1,0.0,
ORD-101415,B2B-50991,2026-02-17 01:39:54,2026-03-02 01:39:54,2026-03-02 01:39:54,0,66.19,3,Adelaide,152.72,0.0,
ORD-101416,B2B-48337,2026-06-30 11:48:32,2026-07-13 11:48:32,2026-07-14 11:48:32,1,72.68,3,Perth,217.85,0.0,
ORD-101417,B2B-51284,2026-01-31 17:36:50,2026-02-14 17:36:50,2026-02-13 17:36:50,-1,61.23,3,Perth,206.47,0.0,
ORD-101418,B2B-71321,2025-08-09 14:21:07,2025-08-18 14:21:07,2025-08-20 14:21:07,2,75.72,7,Melbourne,460.1,0.0,
ORD-101419,B2B-77067,2025-09-22 13:36:09,2025-10-03 13:36:09,2025-10-06 13:36:09,3,71.96,7,Melbourne,322.91,0.0,
ORD-101420,B2B-83901,2026-02-27 09:48:47,2026-03-09 09:48:47,2026-03-11 09:48:47,2,63.34,3,Brisbane,378.74,1.0,Customer Service
ORD-101421,B2B-69678,2025-08-31 04:45:44,2025-09-12 04:45:44,2025-09-08 04:45:44,-4,56.39,3,Melbourne,207.28,0.0,
ORD-101422,B2B-39734,2025-07-31 21:33:29,2025-08-10 21:33:29,2025-08-09 21:33:29,-1,95.67,3,Melbourne,599.79,0.0,
ORD-101423,B2B-58025,2026-06-08 09:18:51,2026-06-19 09:18:51,2026-06-21 09:18:51,2,76.81,3,Melbourne,333.8,0.0,
ORD-101424,B2B-88968,2025-09-27 09:59:13,2025-10-08 09:59:13,2025-10-08 09:59:13,0,107.7,7,Brisbane,928.28,0.0,
ORD-101425,B2B-29165,2026-02-19 18:49:09,2026-02-27 18:49:09,2026-02-27 18:49:09,0,34.95,3,Melbourne,23.01,0.0,
ORD-101426,B2B-25226,2026-06-18 16:48:03,2026-06-27 16:48:03,2026-06-30 16:48:03,3,50.67,3,Melbourne,147.8,1.0,Late Delivery
ORD-101427,B2B-73790,2025-10-29 00:11:36,2025-11-12 00:11:36,2025-11-12 00:11:36,0,67.6,3,Melbourne,354.4,0.0,
ORD-101428,B2B-93117,2026-05-17 21:16:22,2026-05-25 21:16:22,2026-05-25 21:16:22,0,64.4,3,Brisbane,583.68,0.0,
ORD-101429,B2B-16615,2026-06-17 07:04:52,2026-06-27 07:04:52,2026-06-30 07:04:52,3,63.2,3,Brisbane,353.55,0.0,
ORD-101430,B2B-58252,2026-01-24 05:52:23,2026-02-03 05:52:23,2026-01-31 05:52:23,-3,72.85,3,Melbourne,190.25,0.0,
ORD-101431,B2B-11784,2025-10-27 08:08:00,2025-11-08 08:08:00,2025-11-11 08:08:00,3,97.58,7,Brisbane,537.63,0.0,
ORD-101432,B2B-88360,2026-03-10 17:36:13,2026-03-18 17:36:13,2026-03-16 17:36:13,-2,56.21,7,Brisbane,120.26,0.0,
ORD-101433,B2B-56377,2025-12-02 03:33:51,2025-12-11 03:33:51,2025-12-09 03:33:51,-2,78.07,3,Perth,536.78,0.0,
ORD-101434,B2B-31915,2026-04-14 05:34:52,2026-04-27 05:34:52,2026-04-26 05:34:52,-1,61.18,7,Perth,291.96,0.0,
ORD-101435,B2B-73752,2025-08-14 13:50:49,2025-08-26 13:50:49,2025-08-26 13:50:49,0,71.53,7,Perth,578.14,0.0,
ORD-101436,B2B-80146,2025-08-02 13:39:09,2025-08-11 13:39:09,2025-08-15 13:39:09,4,81.2,7,Melbourne,723.44,1.0,Late Delivery
ORD-101437,B2B-41910,2026-07-21 16:18:22,2026-07-29 16:18:22,2026-07-28 16:18:22,-1,51.99,3,Brisbane,191.25,0.0,
ORD-101438,B2B-89899,2025-12-21 13:34:31,2026-01-02 13:34:31,2026-01-03 13:34:31,1,70.46,3,Brisbane,618.63,0.0,
ORD-101439,B2B-53897,2026-04-19 19:59:29,2026-04-30 19:59:29,2026-05-01 19:59:29,1,67.46,3,Brisbane,321.22,0.0,
ORD-101440,B2B-29283,2025-09-03 08:40:50,2025-09-16 08:40:50,2025-09-16 08:40:50,0,59.26,3,Perth,334.32,0.0,
ORD-101441,B2B-84982,2026-02-11 10:23:12,2026-02-21 10:23:12,2026-02-21 10:23:12,0,58.19,3,Adelaide,168.92,0.0,
ORD-101442,B2B-58252,2026-01-11 00:00:47,2026-01-24 00:00:47,2026-01-24 00:00:47,0,53.47,3,Melbourne,190.25,0.0,
ORD-101443,B2B-80015,2026-03-27 17:12:59,2026-04-06 17:12:59,2026-04-11 17:12:59,5,52.89,3,Perth,168.28,1.0,Late Delivery
ORD-101444,B2B-5625,2025-10-31 12:03:46,2025-11-12 12:03:46,2025-11-11 12:03:46,-1,102.73,3,Brisbane,674.77,0.0,
ORD-101445,B2B-7824,2025-12-02 16:56:20,2025-12-14 16:56:20,2025-12-10 16:56:20,-4,82.85,3,Brisbane,603.55,0.0,
ORD-101446,B2B-89291,2026-03-12 15:04:43,2026-03-24 15:04:43,2026-03-26 15:04:43,2,71.76,3,Melbourne,355.57,0.0,
ORD-101447,B2B-54672,2025-08-21 04:06:30,2025-08-28 04:06:30,2025-08-29 04:06:30,1,80.73,3,Melbourne,550.57,0.0,
ORD-101448,B2B-89419,2026-04-25 23:27:30,2026-05-04 23:27:30,2026-05-05 23:27:30,1,72.17,7,Perth,495.82,0.0,
ORD-101449,B2B-41054,2026-02-08 16:18:20,2026-02-17 16:18:20,2026-02-16 16:18:20,-1,74.27,7,Perth,470.71,0.0,
ORD-101450,B2B-42595,2025-10-01 03:34:00,2025-10-09 03:34:00,2025-10-09 03:34:00,0,85.42,3,Melbourne,363.92,0.0,
ORD-101451,B2B-69254,2026-03-11 18:31:22,2026-03-20 18:31:22,2026-03-21 18:31:22,1,59.26,7,Brisbane,391.86,0.0,
ORD-101452,B2B-14626,2025-09-21 00:31:52,2025-10-03 00:31:52,2025-10-03 00:31:52,0,69.5,3,Melbourne,632.92,0.0,
ORD-101453,B2B-57770,2025-10-16 00:02:57,2025-10-30 00:02:57,2025-10-27 00:02:57,-3,58.88,3,Perth,398.92,0.0,
ORD-101454,B2B-10589,2026-06-18 19:26:37,2026-07-02 19:26:37,2026-07-02 19:26:37,0,60.76,7,Adelaide,206.53,0.0,
ORD-101455,B2B-46372,2026-03-21 13:37:40,2026-03-29 13:37:40,2026-03-29 13:37:40,0,99.59,3,Melbourne,848.56,0.0,
ORD-101456,B2B-25537,2026-06-06 15:13:42,2026-06-17 15:13:42,2026-06-19 15:13:42,2,95.82,7,Brisbane,634.04,1.0,Customer Service
ORD-101457,B2B-3615,2026-07-19 11:06:05,2026-07-26 11:06:05,2026-07-24 11:06:05,-2,74.87,3,Brisbane,392.89,0.0,
ORD-101458,B2B-79642,2026-05-05 10:55:41,2026-05-12 10:55:41,2026-05-08 10:55:41,-4,84.01,3,Melbourne,606.95,0.0,
ORD-101459,B2B-76315,2026-05-17 06:00:06,2026-05-31 06:00:06,2026-06-01 06:00:06,1,88.42,3,Melbourne,617.5,0.0,
ORD-101460,B2B-29323,2025-12-30 01:02:02,2026-01-06 01:02:02,2026-01-06 01:02:02,0,58.12,3,Melbourne,274.14,0.0,
ORD-101461,B2B-37533,2026-04-01 09:21:00,2026-04-09 09:21:00,2026-04-10 09:21:00,1,88.85,3,Melbourne,626.0,0.0,
ORD-101462,B2B-55682,2025-10-21 17:25:23,2025-11-01 17:25:23,2025-10-29 17:25:23,-3,86.59,3,Melbourne,551.53,0.0,
ORD-101463,B2B-11265,2026-04-02 05:00:18,2026-04-09 05:00:18,2026-04-09 05:00:18,0,64.19,3,Brisbane,241.54,0.0,
ORD-101464,B2B-34252,2026-05-19 21:10:21,2026-05-28 21:10:21,2026-05-28 21:10:21,0,83.82,3,Brisbane,310.33,0.0,
ORD-101465,B2B-72918,2025-10-28 02:20:49,2025-11-05 02:20:49,2025-11-05 02:20:49,0,47.48,3,Brisbane,181.99,0.0,
ORD-101466,B2B-52072,2025-10-25 06:48:10,2025-11-08 06:48:10,2025-11-07 06:48:10,-1,87.48,7,Brisbane,696.94,0.0,
ORD-101467,B2B-88750,2025-11-03 01:13:00,2025-11-17 01:13:00,2025-11-17 01:13:00,0,66.6,7,Melbourne,232.31,0.0,
ORD-101468,B2B-50778,2026-06-15 16:06:17,2026-06-22 16:06:17,2026-06-20 16:06:17,-2,70.04,3,Brisbane,488.85,0.0,
ORD-101469,B2B-31915,2026-05-13 23:08:04,2026-05-22 23:08:04,2026-05-24 23:08:04,2,76.82,7,Perth,291.96,1.0,Late Delivery
ORD-101470,B2B-80015,2026-07-15 14:37:07,2026-07-24 14:37:07,2026-07-24 14:37:07,0,49.62,3,Perth,168.28,0.0,
ORD-101471,B2B-74692,2026-03-06 01:17:18,2026-03-13 01:17:18,2026-03-13 01:17:18,0,53.87,3,Melbourne,309.02,0.0,
ORD-101472,B2B-37132,2026-07-14 10:46:35,2026-07-26 10:46:35,2026-07-25 10:46:35,-1,64.67,7,Melbourne,667.08,0.0,
ORD-101473,B2B-73618,2025-08-21 13:47:03,2025-09-02 13:47:03,2025-09-02 13:47:03,0,53.96,3,Perth,263.71,0.0,
ORD-101474,B2B-52738,2025-11-27 11:28:21,2025-12-06 11:28:21,2025-12-07 11:28:21,1,106.1,3,Brisbane,826.49,1.0,Late Delivery
ORD-101475,B2B-38398,2026-01-05 21:07:38,2026-01-12 21:07:38,2026-01-10 21:07:38,-2,85.81,3,Brisbane,610.12,0.0,
ORD-101476,B2B-93002,2025-09-06 09:51:54,2025-09-18 09:51:54,2025-09-16 09:51:54,-2,68.55,3,Brisbane,216.77,0.0,
ORD-101477,B2B-35323,2026-01-06 03:40:42,2026-01-13 03:40:42,2026-01-11 03:40:42,-2,78.47,3,Perth,248.47,0.0,
ORD-101478,B2B-40178,2026-06-24 11:08:25,2026-07-01 11:08:25,2026-06-30 11:08:25,-1,69.49,3,Melbourne,294.57,0.0,
ORD-101479,B2B-69617,2026-07-19 21:12:45,2026-07-30 21:12:45,2026-07-28 21:12:45,-2,72.35,7,Melbourne,439.75,0.0,
ORD-101480,B2B-53943,2026-07-09 06:24:48,2026-07-17 06:24:48,2026-07-13 06:24:48,-4,84.24,3,Melbourne,648.98,0.0,
ORD-101481,B2B-16876,2026-01-17 23:22:26,2026-01-25 23:22:26,2026-01-23 23:22:26,-2,69.12,3,Brisbane,560.95,0.0,
ORD-101482,B2B-41910,2025-08-29 20:32:38,2025-09-07 20:32:38,2025-09-05 20:32:38,-2,52.31,3,Brisbane,191.25,0.0,
ORD-101483,B2B-79866,2026-02-28 14:54:02,2026-03-07 14:54:02,2026-03-07 14:54:02,0,76.14,3,Perth,122.78,0.0,
ORD-101484,B2B-84982,2026-03-23 01:57:31,2026-03-31 01:57:31,2026-03-31 01:57:31,0,70.05,3,Adelaide,168.92,0.0,
ORD-101485,B2B-54971,2026-01-25 07:24:48,2026-02-03 07:24:48,2026-02-04 07:24:48,1,54.25,7,Brisbane,147.06,0.0,
ORD-101486,B2B-47096,2026-04-23 05:47:01,2026-04-30 05:47:01,2026-05-02 05:47:01,2,45.69,3,Brisbane,91.69,0.0,
ORD-101487,B2B-67244,2025-11-26 11:12:22,2025-12-07 11:12:22,2025-12-08 11:12:22,1,72.48,3,Brisbane,698.62,1.0,Late Delivery
ORD-101488,B2B-79786,2025-11-07 09:12:33,2025-11-17 09:12:33,2025-11-19 09:12:33,2,85.37,7,Melbourne,588.46,0.0,
ORD-101489,B2B-41024,2025-09-19 07:15:37,2025-09-28 07:15:37,2025-09-30 07:15:37,2,57.01,3,Brisbane,433.53,0.0,
ORD-101490,B2B-20890,2025-08-02 09:35:41,2025-08-15 09:35:41,2025-08-16 09:35:41,1,30.81,7,Brisbane,275.5,0.0,
ORD-101491,B2B-41329,2025-11-07 21:31:21,2025-11-17 21:31:21,2025-11-15 21:31:21,-2,97.25,7,Adelaide,225.17,0.0,
ORD-101492,B2B-91629,2026-01-01 00:47:01,2026-01-14 00:47:01,2026-01-10 00:47:01,-4,52.21,3,Adelaide,222.93,0.0,
ORD-101493,B2B-89419,2025-08-14 20:02:28,2025-08-25 20:02:28,2025-08-28 20:02:28,3,63.51,7,Perth,495.82,0.0,
ORD-101494,B2B-86225,2026-03-09 13:39:40,2026-03-19 13:39:40,2026-03-18 13:39:40,-1,55.79,3,Perth,237.6,0.0,
ORD-101495,B2B-74692,2026-04-05 20:04:06,2026-04-13 20:04:06,2026-04-11 20:04:06,-2,86.41,3,Melbourne,309.02,0.0,
ORD-101496,B2B-75357,2025-09-14 21:31:34,2025-09-22 21:31:34,2025-09-21 21:31:34,-1,79.51,3,Perth,507.79,0.0,
ORD-101497,B2B-21862,2026-01-06 21:41:42,2026-01-16 21:41:42,2026-01-21 21:41:42,5,85.68,3,Brisbane,673.76,1.0,Late Delivery
ORD-101498,B2B-41054,2025-10-01 04:09:12,2025-10-14 04:09:12,2025-10-15 04:09:12,1,80.0,7,Perth,470.71,0.0,
ORD-101499,B2B-19595,2025-11-29 10:45:18,2025-12-08 10:45:18,2025-12-08 10:45:18,0,54.26,7,Brisbane,342.82,0.0,
ORD-101500,B2B-55596,2025-11-30 10:19:39,2025-12-10 10:19:39,2025-12-10 10:19:39,0,64.09,3,Brisbane,37.19,0.0,
ORD-101501,B2B-48439,2025-08-23 03:47:54,2025-09-03 03:47:54,2025-09-03 03:47:54,0,60.97,3,Adelaide,187.34,0.0,
ORD-101502,B2B-24909,2025-12-14 10:29:32,2025-12-26 10:29:32,2025-12-27 10:29:32,1,69.72,3,Melbourne,303.24,0.0,
ORD-101503,B2B-84961,2026-06-11 02:00:55,2026-06-24 02:00:55,2026-06-25 02:00:55,1,68.8,7,Melbourne,445.61,0.0,
ORD-101504,B2B-20315,2025-10-15 01:19:33,2025-10-26 01:19:33,2025-10-26 01:19:33,0,64.3,3,Perth,92.54,0.0,
ORD-101505,B2B-36206,2026-02-22 00:17:06,2026-03-08 00:17:06,2026-03-07 00:17:06,-1,71.13,3,Perth,423.79,0.0,
ORD-101506,B2B-74836,2025-09-27 09:07:17,2025-10-07 09:07:17,2025-10-08 09:07:17,1,82.64,3,Adelaide,437.22,0.0,
ORD-101507,B2B-53943,2026-06-01 13:11:42,2026-06-13 13:11:42,2026-06-14 13:11:42,1,91.51,3,Melbourne,648.98,0.0,
ORD-101508,B2B-89291,2026-03-12 16:20:30,2026-03-19 16:20:30,2026-03-20 16:20:30,1,71.18,3,Melbourne,355.57,0.0,
ORD-101509,B2B-3443,2026-03-09 10:25:52,2026-03-16 10:25:52,2026-03-14 10:25:52,-2,48.54,3,Adelaide,221.32,0.0,
ORD-101510,B2B-58097,2025-12-29 21:50:48,2026-01-12 21:50:48,2026-01-12 21:50:48,0,73.17,3,Melbourne,527.36,0.0,
ORD-101511,B2B-38826,2025-11-13 11:35:35,2025-11-24 11:35:35,2025-11-24 11:35:35,0,77.02,7,Brisbane,536.49,0.0,
ORD-101512,B2B-39487,2025-08-14 08:55:21,2025-08-22 08:55:21,2025-08-22 08:55:21,0,54.66,3,Brisbane,103.63,0.0,
ORD-101513,B2B-48439,2026-06-16 20:48:42,2026-06-29 20:48:42,2026-06-28 20:48:42,-1,67.77,3,Adelaide,187.34,0.0,
ORD-101514,B2B-88555,2025-12-06 02:20:38,2025-12-13 02:20:38,2025-12-14 02:20:38,1,85.99,3,Brisbane,560.64,0.0,
ORD-101515,B2B-532,2025-08-19 18:17:58,2025-08-31 18:17:58,2025-08-30 18:17:58,-1,45.96,7,Adelaide,57.73,0.0,
ORD-101516,B2B-71923,2025-09-03 09:57:47,2025-09-16 09:57:47,2025-09-20 09:57:47,4,90.91,3,Brisbane,815.91,1.0,Late Delivery
ORD-101517,B2B-14570,2026-03-28 16:15:12,2026-04-11 16:15:12,2026-04-12 16:15:12,1,56.0,3,Brisbane,633.84,0.0,
ORD-101518,B2B-11435,2025-08-25 03:09:59,2025-09-01 03:09:59,2025-09-03 03:09:59,2,58.21,7,Melbourne,298.71,0.0,
ORD-101519,B2B-17740,2026-05-05 08:20:02,2026-05-13 08:20:02,2026-05-11 08:20:02,-2,66.43,3,Perth,162.38,0.0,
ORD-101520,B2B-4727,2026-05-04 14:12:43,2026-05-11 14:12:43,2026-05-12 14:12:43,1,72.02,7,Adelaide,619.93,1.0,Late Delivery
ORD-101521,B2B-54945,2026-07-05 13:09:26,2026-07-18 13:09:26,2026-07-17 13:09:26,-1,54.61,7,Brisbane,251.33,0.0,
ORD-101522,B2B-52689,2025-08-27 21:00:24,2025-09-03 21:00:24,2025-09-03 21:00:24,0,76.8,3,Melbourne,643.13,0.0,
ORD-101523,B2B-69617,2026-07-28 03:37:20,2026-08-05 03:37:20,2026-08-09 03:37:20,4,76.4,7,Melbourne,439.75,0.0,
ORD-101524,B2B-97276,2025-08-09 18:10:36,2025-08-20 18:10:36,2025-08-23 18:10:36,3,77.84,3,Brisbane,198.51,0.0,
ORD-101525,B2B-15887,2025-11-30 16:36:24,2025-12-07 16:36:24,2025-12-05 16:36:24,-2,69.43,7,Perth,234.39,0.0,
ORD-101526,B2B-96173,2026-05-29 17:21:02,2026-06-09 17:21:02,2026-06-09 17:21:02,0,68.6,3,Melbourne,452.85,0.0,
ORD-101527,B2B-53897,2026-04-29 05:46:40,2026-05-06 05:46:40,2026-05-07 05:46:40,1,74.4,3,Brisbane,321.22,1.0,Customer Service
ORD-101528,B2B-30703,2026-02-28 09:09:28,2026-03-14 09:09:28,2026-03-12 09:09:28,-2,43.62,3,Brisbane,215.86,0.0,
ORD-101529,B2B-30230,2026-05-26 15:05:58,2026-06-02 15:05:58,2026-06-03 15:05:58,1,87.36,3,Brisbane,742.12,0.0,
ORD-101530,B2B-37533,2026-06-16 14:31:03,2026-06-27 14:31:03,2026-06-29 14:31:03,2,76.02,3,Melbourne,626.0,0.0,
ORD-101531,B2B-20256,2026-07-30 13:37:11,2026-08-12 13:37:11,2026-08-12 13:37:11,0,69.84,3,Adelaide,276.38,0.0,
ORD-101532,B2B-41342,2025-08-20 04:30:46,2025-09-03 04:30:46,2025-09-08 04:30:46,5,56.44,3,Adelaide,247.72,1.0,Late Delivery
ORD-101533,B2B-19543,2026-05-13 06:25:42,2026-05-20 06:25:42,2026-05-20 06:25:42,0,49.27,7,Adelaide,260.58,0.0,
ORD-101534,B2B-84982,2025-11-08 22:28:54,2025-11-22 22:28:54,2025-11-23 22:28:54,1,66.4,3,Adelaide,168.92,0.0,
ORD-101535,B2B-52585,2025-09-24 07:02:58,2025-10-05 07:02:58,2025-10-06 07:02:58,1,68.88,7,Brisbane,496.03,0.0,
ORD-101536,B2B-5625,2025-09-22 14:39:31,2025-10-03 14:39:31,2025-10-03 14:39:31,0,79.96,3,Brisbane,674.77,0.0,
ORD-101537,B2B-77482,2026-03-02 10:02:38,2026-03-16 10:02:38,2026-03-17 10:02:38,1,50.25,7,Melbourne,132.64,0.0,
ORD-101538,B2B-73101,2026-07-04 17:09:31,2026-07-18 17:09:31,2026-07-19 17:09:31,1,66.72,3,Melbourne,574.65,1.0,Late Delivery
ORD-101539,B2B-14570,2026-01-24 21:12:19,2026-02-02 21:12:19,2026-02-03 21:12:19,1,86.56,3,Brisbane,633.84,0.0,
ORD-101540,B2B-19407,2026-06-22 20:22:06,2026-07-01 20:22:06,2026-07-01 20:22:06,0,55.04,3,Perth,308.14,0.0,
ORD-101541,B2B-61154,2026-01-07 04:37:40,2026-01-21 04:37:40,2026-01-23 04:37:40,2,71.2,3,Melbourne,527.14,0.0,
ORD-101542,B2B-81277,2026-07-24 00:55:04,2026-07-31 00:55:04,2026-08-02 00:55:04,2,82.13,3,Melbourne,659.12,0.0,
ORD-101543,B2B-99045,2026-06-09 22:32:59,2026-06-18 22:32:59,2026-06-19 22:32:59,1,85.66,3,Melbourne,685.6,0.0,
ORD-101544,B2B-51328,2025-12-18 07:19:30,2025-12-27 07:19:30,2025-12-29 07:19:30,2,69.84,3,Brisbane,571.61,0.0,
ORD-101545,B2B-30067,2026-01-11 00:09:39,2026-01-25 00:09:39,2026-01-26 00:09:39,1,54.79,7,Brisbane,209.94,0.0,
ORD-101546,B2B-12409,2026-01-01 00:00:45,2026-01-08 00:00:45,2026-01-09 00:00:45,1,65.6,7,Adelaide,200.39,0.0,
ORD-101547,B2B-11848,2026-02-03 11:38:06,2026-02-15 11:38:06,2026-02-16 11:38:06,1,88.03,3,Melbourne,509.37,0.0,
ORD-101548,B2B-86465,2025-09-26 03:28:24,2025-10-09 03:28:24,2025-10-09 03:28:24,0,82.8,7,Brisbane,662.66,0.0,
ORD-101549,B2B-90230,2025-11-09 12:30:48,2025-11-23 12:30:48,2025-11-22 12:30:48,-1,73.05,7,Brisbane,406.47,0.0,
ORD-101550,B2B-89892,2026-06-17 05:27:54,2026-06-26 05:27:54,2026-06-29 05:27:54,3,51.84,3,Melbourne,259.72,1.0,Customer Service
ORD-101551,B2B-72630,2026-01-29 05:49:29,2026-02-08 05:49:29,2026-02-08 05:49:29,0,41.93,3,Brisbane,54.03,0.0,
ORD-101552,B2B-90230,2026-03-01 05:12:53,2026-03-14 05:12:53,2026-03-14 05:12:53,0,71.21,7,Brisbane,406.47,0.0,
ORD-101553,B2B-36771,2026-01-28 09:10:07,2026-02-05 09:10:07,2026-02-07 09:10:07,2,73.53,3,Brisbane,443.33,0.0,
ORD-101554,B2B-45405,2026-02-16 02:27:33,2026-03-02 02:27:33,2026-03-02 02:27:33,0,81.06,7,Melbourne,705.59,0.0,
ORD-101555,B2B-3029,2026-03-09 20:38:27,2026-03-20 20:38:27,2026-03-21 20:38:27,1,75.11,3,Adelaide,244.75,0.0,
ORD-101556,B2B-28120,2026-06-16 21:18:21,2026-06-26 21:18:21,2026-07-01 21:18:21,5,70.48,3,Perth,444.72,0.0,
ORD-101557,B2B-68919,2026-04-04 00:08:56,2026-04-18 00:08:56,2026-04-21 00:08:56,3,62.01,7,Adelaide,182.23,1.0,Customer Service
ORD-101558,B2B-17624,2026-06-18 07:58:21,2026-06-25 07:58:21,2026-06-25 07:58:21,0,60.83,3,Brisbane,231.66,0.0,
ORD-101559,B2B-12409,2026-05-09 07:17:27,2026-05-20 07:17:27,2026-05-20 07:17:27,0,58.07,7,Adelaide,200.39,0.0,
ORD-101560,B2B-49044,2026-02-09 20:52:23,2026-02-23 20:52:23,2026-02-23 20:52:23,0,91.41,7,Brisbane,662.08,0.0,
ORD-101561,B2B-48337,2025-08-01 07:29:29,2025-08-08 07:29:29,2025-08-08 07:29:29,0,61.22,3,Perth,217.85,0.0,
ORD-101562,B2B-47887,2026-03-13 16:32:23,2026-03-21 16:32:23,2026-03-21 16:32:23,0,82.83,3,Brisbane,421.59,0.0,
ORD-101563,B2B-45405,2025-09-07 00:16:53,2025-09-18 00:16:53,2025-09-18 00:16:53,0,75.68,7,Melbourne,705.59,0.0,
ORD-101564,B2B-13005,2026-01-12 11:27:16,2026-01-21 11:27:16,2026-01-21 11:27:16,0,71.53,3,Melbourne,364.43,0.0,
ORD-101565,B2B-87571,2025-08-17 17:23:05,2025-08-30 17:23:05,2025-08-26 17:23:05,-4,65.62,3,Perth,271.95,0.0,
ORD-101566,B2B-89419,2026-06-13 11:54:55,2026-06-26 11:54:55,2026-06-30 11:54:55,4,95.79,7,Perth,495.82,0.0,
ORD-101567,B2B-17894,2025-12-27 12:55:18,2026-01-07 12:55:18,2026-01-03 12:55:18,-4,70.56,7,Perth,412.29,0.0,
ORD-101568,B2B-72474,2025-08-06 03:48:03,2025-08-13 03:48:03,2025-08-17 03:48:03,4,91.24,7,Melbourne,663.97,0.0,
ORD-101569,B2B-75299,2026-03-31 22:36:04,2026-04-08 22:36:04,2026-04-07 22:36:04,-1,75.2,3,Brisbane,418.34,0.0,
ORD-101570,B2B-89892,2026-05-23 13:56:52,2026-06-02 13:56:52,2026-05-31 13:56:52,-2,65.22,3,Melbourne,259.72,0.0,
ORD-101571,B2B-41329,2026-06-26 02:24:30,2026-07-05 02:24:30,2026-07-07 02:24:30,2,51.19,7,Adelaide,225.17,0.0,
ORD-101572,B2B-99045,2026-04-06 06:14:36,2026-04-17 06:14:36,2026-04-17 06:14:36,0,79.38,3,Melbourne,685.6,0.0,
ORD-101573,B2B-26559,2026-01-03 08:42:52,2026-01-13 08:42:52,2026-01-12 08:42:52,-1,81.6,7,Melbourne,410.2,0.0,
ORD-101574,B2B-93833,2025-09-21 01:09:07,2025-10-01 01:09:07,2025-10-01 01:09:07,0,70.78,3,Brisbane,418.51,0.0,
ORD-101575,B2B-30230,2025-09-10 17:45:21,2025-09-21 17:45:21,2025-09-20 17:45:21,-1,68.32,3,Brisbane,742.12,0.0,
ORD-101576,B2B-38398,2025-11-29 23:38:47,2025-12-11 23:38:47,2025-12-10 23:38:47,-1,81.65,3,Brisbane,610.12,0.0,
ORD-101577,B2B-33392,2026-05-23 23:12:17,2026-06-01 23:12:17,2026-05-31 23:12:17,-1,62.95,7,Adelaide,172.39,0.0,
ORD-101578,B2B-93543,2025-11-17 08:24:12,2025-11-28 08:24:12,2025-11-28 08:24:12,0,72.8,7,Adelaide,576.39,0.0,
ORD-101579,B2B-89419,2025-09-18 22:46:29,2025-10-02 22:46:29,2025-10-02 22:46:29,0,65.28,7,Perth,495.82,0.0,
ORD-101580,B2B-44861,2025-09-09 16:48:39,2025-09-23 16:48:39,2025-09-23 16:48:39,0,60.22,3,Perth,329.47,1.0,Quality Issue
ORD-101581,B2B-70994,2026-02-26 00:19:37,2026-03-11 00:19:37,2026-03-14 00:19:37,3,63.4,7,Melbourne,301.53,0.0,
ORD-101582,B2B-89062,2025-12-11 01:20:17,2025-12-21 01:20:17,2025-12-21 01:20:17,0,60.98,7,Perth,129.41,0.0,
ORD-101583,B2B-582,2026-03-10 13:13:09,2026-03-24 13:13:09,2026-03-24 13:13:09,0,72.53,3,Perth,244.06,0.0,
ORD-101584,B2B-72214,2026-03-04 08:02:26,2026-03-13 08:02:26,2026-03-14 08:02:26,1,76.73,3,Melbourne,211.97,0.0,
ORD-101585,B2B-7824,2025-12-26 21:39:11,2026-01-09 21:39:11,2026-01-08 21:39:11,-1,84.1,3,Brisbane,603.55,0.0,
ORD-101586,B2B-20315,2025-12-22 10:13:22,2026-01-05 10:13:22,2026-01-04 10:13:22,-1,53.9,3,Perth,92.54,0.0,
ORD-101587,B2B-93543,2026-01-01 09:43:07,2026-01-09 09:43:07,2026-01-13 09:43:07,4,76.56,7,Adelaide,576.39,1.0,Customer Service
ORD-101588,B2B-824,2026-03-09 20:54:32,2026-03-19 20:54:32,2026-03-25 20:54:32,6,68.61,7,Brisbane,210.68,0.0,
ORD-101589,B2B-78279,2025-12-26 12:22:25,2026-01-07 12:22:25,2026-01-07 12:22:25,0,56.68,3,Adelaide,40.95,0.0,
ORD-101590,B2B-33671,2026-06-25 13:21:38,2026-07-05 13:21:38,2026-07-07 13:21:38,2,92.79,7,Brisbane,831.52,0.0,
ORD-101591,B2B-8916,2026-06-14 03:15:48,2026-06-27 03:15:48,2026-06-24 03:15:48,-3,75.05,3,Adelaide,335.64,0.0,
ORD-101592,B2B-70408,2026-06-17 03:26:21,2026-06-26 03:26:21,2026-06-27 03:26:21,1,60.77,3,Brisbane,324.91,1.0,Late Delivery
ORD-101593,B2B-760,2026-01-03 19:23:43,2026-01-15 19:23:43,2026-01-13 19:23:43,-2,70.79,3,Adelaide,248.77,0.0,
ORD-101594,B2B-46372,2026-03-19 14:17:54,2026-03-30 14:17:54,2026-04-03 14:17:54,4,86.72,3,Melbourne,848.56,1.0,Late Delivery
ORD-101595,B2B-17750,2026-04-01 00:09:50,2026-04-12 00:09:50,2026-04-06 00:09:50,-6,70.57,3,Perth,179.54,0.0,
ORD-101596,B2B-54346,2026-07-16 03:17:13,2026-07-26 03:17:13,2026-07-26 03:17:13,0,89.26,7,Melbourne,648.51,0.0,
ORD-101597,B2B-73790,2026-02-14 10:00:25,2026-02-26 10:00:25,2026-03-01 10:00:25,3,89.81,3,Melbourne,354.4,0.0,
ORD-101598,B2B-52943,2025-11-25 10:22:22,2025-12-02 10:22:22,2025-12-08 10:22:22,6,83.97,7,Melbourne,856.21,1.0,Customer Service
ORD-101599,B2B-58522,2025-09-18 09:00:25,2025-09-25 09:00:25,2025-09-25 09:00:25,0,74.51,3,Melbourne,613.4,0.0,
ORD-101600,B2B-91091,2026-01-23 02:01:55,2026-01-30 02:01:55,2026-02-01 02:01:55,2,87.04,3,Brisbane,651.18,1.0,Late Delivery
ORD-101601,B2B-19214,2026-06-18 00:10:54,2026-06-27 00:10:54,2026-06-24 00:10:54,-3,89.44,7,Melbourne,863.96,0.0,
ORD-101602,B2B-39734,2025-11-24 08:45:38,2025-12-03 08:45:38,2025-12-03 08:45:38,0,88.7,3,Melbourne,599.79,0.0,
ORD-101603,B2B-68919,2025-10-11 04:38:58,2025-10-19 04:38:58,2025-10-17 04:38:58,-2,41.39,7,Adelaide,182.23,0.0,
ORD-101604,B2B-3524,2026-04-24 16:21:08,2026-05-06 16:21:08,2026-05-08 16:21:08,2,53.49,3,Melbourne,100.69,0.0,
ORD-101605,B2B-18051,2025-12-04 06:34:42,2025-12-13 06:34:42,2025-12-15 06:34:42,2,61.09,3,Melbourne,606.19,0.0,
ORD-101606,B2B-75641,2026-06-07 03:41:07,2026-06-21 03:41:07,2026-06-21 03:41:07,0,38.76,3,Adelaide,39.25,0.0,
ORD-101607,B2B-33680,2026-04-23 18:35:40,2026-05-05 18:35:40,2026-05-10 18:35:40,5,54.54,3,Perth,278.55,1.0,Late Delivery
ORD-101608,B2B-54945,2026-02-16 10:05:59,2026-03-02 10:05:59,2026-03-04 10:05:59,2,59.51,7,Brisbane,251.33,0.0,
ORD-101609,B2B-760,2025-12-16 22:21:45,2025-12-25 22:21:45,2025-12-24 22:21:45,-1,61.42,3,Adelaide,248.77,0.0,
ORD-101610,B2B-582,2025-11-20 21:49:44,2025-12-04 21:49:44,2025-12-05 21:49:44,1,73.87,3,Perth,244.06,0.0,
ORD-101611,B2B-31915,2025-08-14 03:06:56,2025-08-26 03:06:56,2025-08-24 03:06:56,-2,64.43,7,Perth,291.96,0.0,
ORD-101612,B2B-99501,2025-11-04 07:00:52,2025-11-11 07:00:52,2025-11-14 07:00:52,3,71.39,3,Melbourne,643.12,0.0,
ORD-101613,B2B-57908,2025-08-16 04:20:59,2025-08-26 04:20:59,2025-08-26 04:20:59,0,43.39,3,Brisbane,246.06,0.0,
ORD-101614,B2B-24529,2026-04-06 22:07:15,2026-04-14 22:07:15,2026-04-11 22:07:15,-3,76.66,3,Brisbane,628.53,0.0,
ORD-101615,B2B-85301,2026-04-27 10:43:06,2026-05-06 10:43:06,2026-05-03 10:43:06,-3,67.68,7,Brisbane,149.09,0.0,
ORD-101616,B2B-91425,2026-04-15 02:38:35,2026-04-25 02:38:35,2026-04-25 02:38:35,0,58.86,3,Brisbane,396.55,0.0,
ORD-101617,B2B-96173,2026-01-21 08:28:25,2026-01-28 08:28:25,2026-01-28 08:28:25,0,82.38,3,Melbourne,452.85,0.0,
ORD-101618,B2B-6304,2025-10-04 12:53:51,2025-10-15 12:53:51,2025-10-13 12:53:51,-2,80.8,3,Brisbane,299.5,0.0,
ORD-101619,B2B-56126,2025-10-11 09:27:29,2025-10-18 09:27:29,2025-10-23 09:27:29,5,53.01,3,Adelaide,432.51,1.0,Late Delivery
ORD-101620,B2B-58025,2026-03-10 12:10:08,2026-03-19 12:10:08,2026-03-19 12:10:08,0,53.64,3,Melbourne,333.8,0.0,
ORD-101621,B2B-6903,2026-06-15 04:03:30,2026-06-26 04:03:30,2026-06-24 04:03:30,-2,52.51,3,Perth,112.24,0.0,
ORD-101622,B2B-56564,2026-03-10 18:06:02,2026-03-19 18:06:02,2026-03-19 18:06:02,0,73.12,7,Adelaide,188.33,0.0,
ORD-101623,B2B-18051,2025-09-18 17:10:18,2025-09-28 17:10:18,2025-09-25 17:10:18,-3,62.6,3,Melbourne,606.19,0.0,
ORD-101624,B2B-17750,2026-03-15 21:26:46,2026-03-23 21:26:46,2026-03-25 21:26:46,2,52.21,3,Perth,179.54,0.0,
ORD-101625,B2B-49044,2025-09-20 20:54:55,2025-10-01 20:54:55,2025-09-30 20:54:55,-1,82.82,7,Brisbane,662.08,0.0,
ORD-101626,B2B-58252,2026-02-03 00:53:26,2026-02-17 00:53:26,2026-02-19 00:53:26,2,53.53,3,Melbourne,190.25,0.0,
ORD-101627,B2B-58025,2026-06-27 19:21:51,2026-07-10 19:21:51,2026-07-11 19:21:51,1,77.17,3,Melbourne,333.8,0.0,
ORD-101628,B2B-69254,2026-07-17 17:36:10,2026-07-26 17:36:10,2026-07-30 17:36:10,4,62.69,7,Brisbane,391.86,0.0,
ORD-101629,B2B-65084,2026-02-23 11:18:29,2026-03-09 11:18:29,2026-03-09 11:18:29,0,76.14,7,Brisbane,218.58,0.0,
ORD-101630,B2B-39279,2025-09-03 00:11:11,2025-09-12 00:11:11,2025-09-11 00:11:11,-1,63.93,7,Melbourne,220.21,0.0,
ORD-101631,B2B-84098,2025-10-22 02:15:02,2025-11-01 02:15:02,2025-10-30 02:15:02,-2,46.5,7,Adelaide,156.59,0.0,
ORD-101632,B2B-12689,2026-01-06 03:29:32,2026-01-13 03:29:32,2026-01-13 03:29:32,0,48.04,7,Melbourne,125.28,0.0,
ORD-101633,B2B-17175,2026-04-14 04:57:20,2026-04-21 04:57:20,2026-04-22 04:57:20,1,80.26,3,Melbourne,699.29,0.0,
ORD-101634,B2B-49044,2025-11-14 00:10:33,2025-11-25 00:10:33,2025-11-23 00:10:33,-2,81.71,7,Brisbane,662.08,0.0,
ORD-101635,B2B-14626,2026-02-04 13:00:06,2026-02-15 13:00:06,2026-02-15 13:00:06,0,75.64,3,Melbourne,632.92,0.0,
ORD-101636,B2B-77661,2025-09-07 13:40:54,2025-09-14 13:40:54,2025-09-14 13:40:54,0,88.91,3,Melbourne,852.66,0.0,
ORD-101637,B2B-72630,2025-11-26 14:47:13,2025-12-06 14:47:13,2025-12-07 14:47:13,1,63.82,3,Brisbane,54.03,0.0,
ORD-101638,B2B-40535,2026-03-26 14:10:27,2026-04-05 14:10:27,2026-04-08 14:10:27,3,88.12,3,Brisbane,625.16,0.0,
ORD-101639,B2B-42641,2026-07-11 14:33:56,2026-07-24 14:33:56,2026-07-25 14:33:56,1,79.81,3,Melbourne,304.19,1.0,Customer Service
ORD-101640,B2B-7824,2025-08-05 23:33:36,2025-08-15 23:33:36,2025-08-18 23:33:36,3,96.25,3,Brisbane,603.55,0.0,
ORD-101641,B2B-73790,2025-11-21 12:31:12,2025-11-29 12:31:12,2025-11-29 12:31:12,0,66.48,3,Melbourne,354.4,0.0,
ORD-101642,B2B-86465,2026-01-26 22:12:49,2026-02-07 22:12:49,2026-02-07 22:12:49,0,89.84,7,Brisbane,662.66,0.0,
ORD-101643,B2B-99784,2026-06-28 10:12:08,2026-07-09 10:12:08,2026-07-10 10:12:08,1,72.92,3,Adelaide,213.77,0.0,
ORD-101644,B2B-21541,2025-08-26 11:12:08,2025-09-04 11:12:08,2025-09-01 11:12:08,-3,50.48,3,Adelaide,112.75,0.0,
ORD-101645,B2B-75594,2026-01-03 11:08:36,2026-01-11 11:08:36,2026-01-13 11:08:36,2,57.08,3,Perth,237.46,0.0,
ORD-101646,B2B-11265,2025-12-23 11:08:19,2026-01-04 11:08:19,2026-01-03 11:08:19,-1,65.95,3,Brisbane,241.54,0.0,
ORD-101647,B2B-64224,2025-09-27 03:52:27,2025-10-09 03:52:27,2025-10-09 03:52:27,0,72.71,3,Brisbane,300.91,0.0,
ORD-101648,B2B-34548,2026-01-04 10:10:36,2026-01-11 10:10:36,2026-01-11 10:10:36,0,87.37,7,Melbourne,666.29,0.0,
ORD-101649,B2B-15993,2026-03-29 06:30:43,2026-04-08 06:30:43,2026-04-10 06:30:43,2,53.09,3,Brisbane,270.48,0.0,
ORD-101650,B2B-89458,2026-06-02 10:18:49,2026-06-14 10:18:49,2026-06-12 10:18:49,-2,45.37,7,Adelaide,169.02,0.0,
ORD-101651,B2B-16615,2026-06-01 17:09:26,2026-06-09 17:09:26,2026-06-09 17:09:26,0,58.98,3,Brisbane,353.55,0.0,
ORD-101652,B2B-71281,2026-04-23 17:51:27,2026-05-07 17:51:27,2026-05-07 17:51:27,0,66.36,3,Adelaide,295.12,0.0,
ORD-101653,B2B-1575,2026-05-01 00:16:37,2026-05-11 00:16:37,2026-05-11 00:16:37,0,76.79,3,Adelaide,313.76,0.0,
ORD-101654,B2B-5218,2026-04-20 21:04:01,2026-05-02 21:04:01,2026-04-29 21:04:01,-3,60.58,3,Brisbane,370.92,0.0,
ORD-101655,B2B-29323,2026-06-14 18:06:47,2026-06-27 18:06:47,2026-06-29 18:06:47,2,54.12,3,Melbourne,274.14,0.0,
ORD-101656,B2B-52689,2026-02-28 00:55:52,2026-03-08 00:55:52,2026-03-07 00:55:52,-1,70.15,3,Melbourne,643.13,0.0,
ORD-101657,B2B-70465,2026-03-23 14:59:05,2026-04-03 14:59:05,2026-04-07 14:59:05,4,70.25,3,Melbourne,465.9,1.0,Late Delivery
ORD-101658,B2B-69860,2025-12-25 18:49:15,2026-01-05 18:49:15,2026-01-02 18:49:15,-3,95.65,3,Melbourne,629.23,0.0,
ORD-101659,B2B-46396,2025-10-04 12:14:40,2025-10-15 12:14:40,2025-10-14 12:14:40,-1,71.35,7,Adelaide,251.37,0.0,
ORD-101660,B2B-89291,2025-10-24 16:42:37,2025-11-01 16:42:37,2025-10-31 16:42:37,-1,68.27,3,Melbourne,355.57,0.0,
ORD-101661,B2B-21323,2026-01-20 10:26:01,2026-02-03 10:26:01,2026-02-03 10:26:01,0,50.79,3,Brisbane,105.37,0.0,
ORD-101662,B2B-3029,2026-04-16 05:06:56,2026-04-29 05:06:56,2026-04-29 05:06:56,0,44.77,3,Adelaide,244.75,0.0,
ORD-101663,B2B-25226,2025-10-31 02:54:50,2025-11-09 02:54:50,2025-11-08 02:54:50,-1,55.86,3,Melbourne,147.8,0.0,
ORD-101664,B2B-8916,2026-05-10 13:08:38,2026-05-24 13:08:38,2026-05-24 13:08:38,0,73.55,3,Adelaide,335.64,0.0,
ORD-101665,B2B-58025,2025-11-24 09:24:09,2025-12-01 09:24:09,2025-11-29 09:24:09,-2,61.76,3,Melbourne,333.8,0.0,
ORD-101666,B2B-475,2025-10-30 12:20:41,2025-11-06 12:20:41,2025-11-08 12:20:41,2,56.22,3,Melbourne,206.37,0.0,
ORD-101667,B2B-5107,2026-07-05 11:46:37,2026-07-15 11:46:37,2026-07-11 11:46:37,-4,63.23,7,Brisbane,521.23,0.0,
ORD-101668,B2B-26239,2026-05-03 00:26:26,2026-05-14 00:26:26,2026-05-16 00:26:26,2,67.16,3,Brisbane,453.36,0.0,
ORD-101669,B2B-16185,2026-04-05 20:22:19,2026-04-13 20:22:19,2026-04-12 20:22:19,-1,51.67,3,Melbourne,106.42,0.0,
ORD-101670,B2B-52072,2025-11-30 07:02:20,2025-12-08 07:02:20,2025-12-08 07:02:20,0,79.66,7,Brisbane,696.94,0.0,
ORD-101671,B2B-24203,2026-01-29 00:27:35,2026-02-10 00:27:35,2026-02-13 00:27:35,3,61.85,3,Brisbane,156.46,0.0,
ORD-101672,B2B-99105,2025-09-28 10:43:25,2025-10-11 10:43:25,2025-10-14 10:43:25,3,69.02,3,Brisbane,503.69,0.0,
ORD-101673,B2B-62940,2026-01-09 16:25:40,2026-01-19 16:25:40,2026-01-19 16:25:40,0,63.52,3,Perth,79.42,0.0,
ORD-101674,B2B-31915,2026-05-27 13:56:55,2026-06-03 13:56:55,2026-06-05 13:56:55,2,61.92,7,Perth,291.96,0.0,
ORD-101675,B2B-10100,2026-05-10 12:08:35,2026-05-20 12:08:35,2026-05-19 12:08:35,-1,43.36,3,Perth,132.58,0.0,
ORD-101676,B2B-87026,2026-03-13 10:16:28,2026-03-25 10:16:28,2026-03-23 10:16:28,-2,59.27,3,Melbourne,149.38,0.0,
ORD-101677,B2B-53047,2025-12-14 20:01:06,2025-12-25 20:01:06,2025-12-25 20:01:06,0,81.24,3,Brisbane,465.29,0.0,
ORD-101678,B2B-6754,2026-01-19 08:48:16,2026-01-31 08:48:16,2026-01-31 08:48:16,0,71.94,3,Perth,533.44,0.0,
ORD-101679,B2B-4727,2025-11-30 23:01:49,2025-12-08 23:01:49,2025-12-07 23:01:49,-1,94.69,7,Adelaide,619.93,0.0,
ORD-101680,B2B-41329,2026-07-26 16:14:22,2026-08-05 16:14:22,2026-08-03 16:14:22,-2,58.06,7,Adelaide,225.17,0.0,
ORD-101681,B2B-99156,2026-04-16 23:48:39,2026-04-27 23:48:39,2026-04-26 23:48:39,-1,63.57,3,Melbourne,196.4,0.0,
ORD-101682,B2B-37132,2026-03-26 09:42:42,2026-04-04 09:42:42,2026-04-04 09:42:42,0,79.55,7,Melbourne,667.08,0.0,
ORD-101683,B2B-5107,2025-08-26 22:31:24,2025-09-04 22:31:24,2025-09-03 22:31:24,-1,87.17,7,Brisbane,521.23,0.0,
ORD-101684,B2B-11521,2026-06-09 05:39:46,2026-06-23 05:39:46,2026-06-25 05:39:46,2,55.58,3,Perth,26.15,0.0,
ORD-101685,B2B-41777,2026-02-21 07:20:24,2026-03-04 07:20:24,2026-03-04 07:20:24,0,51.88,7,Melbourne,60.38,0.0,
ORD-101686,B2B-64224,2026-04-12 07:34:15,2026-04-23 07:34:15,2026-04-24 07:34:15,1,60.05,3,Brisbane,300.91,1.0,Late Delivery
ORD-101687,B2B-31506,2026-01-31 18:16:15,2026-02-09 18:16:15,2026-02-17 18:16:15,8,98.18,7,Brisbane,802.14,1.0,Late Delivery
ORD-101688,B2B-89291,2026-07-18 23:02:17,2026-07-29 23:02:17,2026-08-01 23:02:17,3,66.53,3,Melbourne,355.57,0.0,
ORD-101689,B2B-84982,2026-05-31 07:52:20,2026-06-11 07:52:20,2026-06-13 07:52:20,2,43.07,3,Adelaide,168.92,0.0,
ORD-101690,B2B-83884,2025-09-09 18:22:01,2025-09-21 18:22:01,2025-09-23 18:22:01,2,64.45,7,Perth,339.04,0.0,
ORD-101691,B2B-14570,2025-09-14 09:42:12,2025-09-22 09:42:12,2025-09-22 09:42:12,0,80.74,3,Brisbane,633.84,0.0,
ORD-101692,B2B-760,2026-07-03 00:36:01,2026-07-10 00:36:01,2026-07-09 00:36:01,-1,65.89,3,Adelaide,248.77,0.0,
ORD-101693,B2B-53943,2026-02-13 20:13:31,2026-02-27 20:13:31,2026-02-26 20:13:31,-1,94.86,3,Melbourne,648.98,0.0,
ORD-101694,B2B-39487,2025-08-24 04:14:11,2025-09-02 04:14:11,2025-08-31 04:14:11,-2,61.11,3,Brisbane,103.63,0.0,
ORD-101695,B2B-88968,2026-03-09 07:08:41,2026-03-23 07:08:41,2026-03-24 07:08:41,1,90.38,7,Brisbane,928.28,1.0,Late Delivery
ORD-101696,B2B-25749,2025-09-13 03:12:46,2025-09-21 03:12:46,2025-09-22 03:12:46,1,78.77,7,Perth,212.64,0.0,
ORD-101697,B2B-67047,2025-11-03 08:25:03,2025-11-11 08:25:03,2025-11-15 08:25:03,4,55.88,3,Brisbane,131.63,1.0,Late Delivery
ORD-101698,B2B-48997,2026-05-08 23:56:59,2026-05-21 23:56:59,2026-05-21 23:56:59,0,76.37,3,Brisbane,508.18,0.0,
ORD-101699,B2B-58252,2026-06-23 11:10:26,2026-07-02 11:10:26,2026-07-05 11:10:26,3,71.64,3,Melbourne,190.25,0.0,
ORD-101700,B2B-54672,2025-08-06 11:11:27,2025-08-20 11:11:27,2025-08-22 11:11:27,2,65.53,3,Melbourne,550.57,0.0,
ORD-101701,B2B-99547,2026-07-10 14:32:41,2026-07-22 14:32:41,2026-07-22 14:32:41,0,66.18,3,Perth,179.33,0.0,
ORD-101702,B2B-41329,2026-04-22 20:32:34,2026-05-01 20:32:34,2026-04-30 20:32:34,-1,49.65,7,Adelaide,225.17,0.0,
ORD-101703,B2B-20890,2025-12-16 10:48:57,2025-12-23 10:48:57,2025-12-20 10:48:57,-3,64.93,7,Brisbane,275.5,0.0,
ORD-101704,B2B-90351,2026-04-25 07:48:28,2026-05-03 07:48:28,2026-05-03 07:48:28,0,45.57,7,Perth,64.85,0.0,
ORD-101705,B2B-39539,2026-01-26 03:35:15,2026-02-07 03:35:15,2026-02-06 03:35:15,-1,68.56,3,Brisbane,614.75,0.0,
ORD-101706,B2B-13005,2026-04-23 04:17:59,2026-05-07 04:17:59,2026-05-11 04:17:59,4,75.74,3,Melbourne,364.43,1.0,Late Delivery
ORD-101707,B2B-69665,2026-06-24 15:09:43,2026-07-03 15:09:43,2026-07-07 15:09:43,4,74.42,3,Melbourne,585.98,0.0,
ORD-101708,B2B-72918,2026-01-04 19:18:58,2026-01-18 19:18:58,2026-01-18 19:18:58,0,65.71,3,Brisbane,181.99,0.0,
ORD-101709,B2B-56377,2026-03-02 12:55:48,2026-03-10 12:55:48,2026-03-09 12:55:48,-1,90.57,3,Perth,536.78,0.0,
ORD-101710,B2B-54672,2026-05-07 13:09:47,2026-05-21 13:09:47,2026-05-22 13:09:47,1,79.16,3,Melbourne,550.57,1.0,Late Delivery
ORD-101711,B2B-37132,2026-03-31 01:04:12,2026-04-08 01:04:12,2026-04-10 01:04:12,2,63.08,7,Melbourne,667.08,0.0,
ORD-101712,B2B-52689,2026-05-15 14:09:32,2026-05-24 14:09:32,2026-05-25 14:09:32,1,72.2,3,Melbourne,643.13,0.0,
ORD-101713,B2B-29323,2026-04-19 11:47:01,2026-04-29 11:47:01,2026-04-29 11:47:01,0,49.64,3,Melbourne,274.14,0.0,
ORD-101714,B2B-21663,2025-12-02 11:39:04,2025-12-13 11:39:04,2025-12-12 11:39:04,-1,73.44,7,Perth,430.53,0.0,
ORD-101715,B2B-91425,2025-11-21 11:55:19,2025-12-02 11:55:19,2025-12-04 11:55:19,2,76.46,3,Brisbane,396.55,0.0,
ORD-101716,B2B-33680,2025-12-17 07:57:26,2025-12-29 07:57:26,2025-12-30 07:57:26,1,56.12,3,Perth,278.55,0.0,
ORD-101717,B2B-62940,2026-03-18 15:10:18,2026-04-01 15:10:18,2026-04-01 15:10:18,0,50.39,3,Perth,79.42,0.0,
ORD-101718,B2B-93833,2026-06-30 02:05:15,2026-07-13 02:05:15,2026-07-11 02:05:15,-2,77.52,3,Brisbane,418.51,0.0,
ORD-101719,B2B-28602,2026-03-31 12:43:35,2026-04-09 12:43:35,2026-04-11 12:43:35,2,58.57,3,Melbourne,223.1,0.0,
ORD-101720,B2B-13933,2026-05-12 02:13:33,2026-05-19 02:13:33,2026-05-19 02:13:33,0,65.37,3,Adelaide,265.59,0.0,
ORD-101721,B2B-41580,2026-01-15 13:54:37,2026-01-26 13:54:37,2026-01-24 13:54:37,-2,93.51,7,Brisbane,585.24,0.0,
ORD-101722,B2B-80380,2025-11-01 02:46:58,2025-11-08 02:46:58,2025-11-06 02:46:58,-2,90.22,3,Adelaide,545.83,0.0,
ORD-101723,B2B-97276,2026-04-18 02:37:46,2026-04-27 02:37:46,2026-04-27 02:37:46,0,52.89,3,Brisbane,198.51,0.0,
ORD-101724,B2B-99784,2025-11-10 21:02:51,2025-11-20 21:02:51,2025-11-20 21:02:51,0,77.69,3,Adelaide,213.77,0.0,
ORD-101725,B2B-12409,2026-03-05 13:36:41,2026-03-12 13:36:41,2026-03-12 13:36:41,0,59.27,7,Adelaide,200.39,0.0,
ORD-101726,B2B-39279,2025-08-08 18:30:30,2025-08-22 18:30:30,2025-08-24 18:30:30,2,43.61,7,Melbourne,220.21,1.0,Late Delivery
ORD-101727,B2B-69254,2025-12-16 23:53:34,2025-12-27 23:53:34,2025-12-27 23:53:34,0,69.18,7,Brisbane,391.86,0.0,
ORD-101728,B2B-35806,2026-07-24 08:15:36,2026-08-03 08:15:36,2026-08-04 08:15:36,1,58.46,3,Adelaide,167.05,0.0,
ORD-101729,B2B-13363,2025-11-07 09:16:29,2025-11-17 09:16:29,2025-11-18 09:16:29,1,63.0,3,Perth,167.98,0.0,
ORD-101730,B2B-52585,2026-07-03 07:27:28,2026-07-14 07:27:28,2026-07-14 07:27:28,0,75.48,7,Brisbane,496.03,0.0,
ORD-101731,B2B-69672,2026-04-01 17:49:10,2026-04-12 17:49:10,2026-04-11 17:49:10,-1,64.1,7,Brisbane,117.85,0.0,
ORD-101732,B2B-41580,2025-09-01 14:21:03,2025-09-13 14:21:03,2025-09-13 14:21:03,0,74.34,7,Brisbane,585.24,0.0,
ORD-101733,B2B-45330,2025-10-10 01:30:42,2025-10-24 01:30:42,2025-10-25 01:30:42,1,41.82,3,Brisbane,371.39,0.0,
ORD-101734,B2B-15987,2026-02-01 08:35:22,2026-02-10 08:35:22,2026-02-07 08:35:22,-3,98.01,3,Melbourne,646.88,0.0,
ORD-101735,B2B-93209,2026-07-09 17:45:49,2026-07-18 17:45:49,2026-07-19 17:45:49,1,66.53,3,Perth,214.25,0.0,
ORD-101736,B2B-88226,2025-12-09 12:34:29,2025-12-22 12:34:29,2025-12-20 12:34:29,-2,91.69,3,Brisbane,836.71,0.0,
ORD-101737,B2B-50778,2025-07-31 18:51:45,2025-08-14 18:51:45,2025-08-14 18:51:45,0,60.41,3,Brisbane,488.85,0.0,
ORD-101738,B2B-4919,2026-05-21 12:16:48,2026-06-01 12:16:48,2026-06-01 12:16:48,0,56.26,3,Perth,100.95,0.0,
ORD-101739,B2B-88226,2025-10-21 08:38:29,2025-11-01 08:38:29,2025-11-01 08:38:29,0,102.96,3,Brisbane,836.71,0.0,
ORD-101740,B2B-54945,2026-07-28 11:41:30,2026-08-09 11:41:30,2026-08-12 11:41:30,3,67.37,7,Brisbane,251.33,1.0,Late Delivery
ORD-101741,B2B-77067,2026-07-02 13:00:46,2026-07-10 13:00:46,2026-07-10 13:00:46,0,80.86,7,Melbourne,322.91,0.0,
ORD-101742,B2B-72466,2025-10-10 03:56:42,2025-10-24 03:56:42,2025-10-18 03:56:42,-6,52.63,3,Perth,270.49,0.0,
ORD-101743,B2B-8916,2025-11-24 07:16:04,2025-12-02 07:16:04,2025-12-02 07:16:04,0,79.67,3,Adelaide,335.64,0.0,
ORD-101744,B2B-16966,2025-11-15 09:31:22,2025-11-29 09:31:22,2025-11-30 09:31:22,1,61.29,3,Melbourne,232.76,0.0,
ORD-101745,B2B-80015,2026-02-11 13:02:31,2026-02-25 13:02:31,2026-03-01 13:02:31,4,53.72,3,Perth,168.28,1.0,Late Delivery
ORD-101746,B2B-60586,2026-05-01 18:13:57,2026-05-15 18:13:57,2026-05-12 18:13:57,-3,89.13,3,Brisbane,738.48,0.0,
ORD-101747,B2B-23833,2025-11-28 11:58:01,2025-12-07 11:58:01,2025-12-08 11:58:01,1,53.15,3,Melbourne,421.56,0.0,
ORD-101748,B2B-39956,2026-01-24 05:24:30,2026-02-02 05:24:30,2026-02-03 05:24:30,1,60.85,3,Brisbane,298.72,0.0,
ORD-101749,B2B-78955,2026-06-02 13:40:56,2026-06-16 13:40:56,2026-06-16 13:40:56,0,41.2,3,Adelaide,132.63,0.0,
ORD-101750,B2B-47887,2025-09-06 01:24:49,2025-09-16 01:24:49,2025-09-16 01:24:49,0,86.53,3,Brisbane,421.59,0.0,
ORD-101751,B2B-29165,2026-07-23 02:20:05,2026-07-30 02:20:05,2026-07-29 02:20:05,-1,53.84,3,Melbourne,23.01,0.0,
ORD-101752,B2B-44951,2026-07-26 11:00:28,2026-08-06 11:00:28,2026-08-01 11:00:28,-5,79.2,3,Melbourne,832.42,0.0,
ORD-101753,B2B-64472,2025-10-07 17:33:31,2025-10-15 17:33:31,2025-10-11 17:33:31,-4,83.78,3,Melbourne,409.98,1.0,Packaging Damage
ORD-101754,B2B-55267,2025-12-01 07:07:59,2025-12-10 07:07:59,2025-12-11 07:07:59,1,56.36,3,Brisbane,417.67,0.0,
ORD-101755,B2B-72466,2025-11-01 16:08:34,2025-11-10 16:08:34,2025-11-08 16:08:34,-2,64.11,3,Perth,270.49,0.0,
ORD-101756,B2B-53868,2025-08-29 10:57:01,2025-09-11 10:57:01,2025-09-11 10:57:01,0,58.56,3,Melbourne,40.78,0.0,
ORD-101757,B2B-58025,2026-03-19 22:35:44,2026-03-31 22:35:44,2026-03-30 22:35:44,-1,68.57,3,Melbourne,333.8,0.0,
ORD-101758,B2B-65412,2026-07-03 05:49:21,2026-07-14 05:49:21,2026-07-16 05:49:21,2,75.31,3,Adelaide,368.85,0.0,
ORD-101759,B2B-469,2025-10-29 16:41:43,2025-11-08 16:41:43,2025-11-06 16:41:43,-2,100.41,7,Brisbane,568.96,0.0,
ORD-101760,B2B-15887,2026-05-24 04:12:27,2026-06-07 04:12:27,2026-06-07 04:12:27,0,67.73,7,Perth,234.39,0.0,
ORD-101761,B2B-15987,2026-07-23 14:48:22,2026-08-05 14:48:22,2026-08-08 14:48:22,3,106.0,3,Melbourne,646.88,1.0,Late Delivery
ORD-101762,B2B-20143,2026-06-25 09:39:38,2026-07-06 09:39:38,2026-07-06 09:39:38,0,57.67,3,Brisbane,477.8,0.0,
ORD-101763,B2B-3615,2025-10-07 16:46:22,2025-10-16 16:46:22,2025-10-17 16:46:22,1,69.25,3,Brisbane,392.89,0.0,
ORD-101764,B2B-49876,2026-01-06 14:13:01,2026-01-15 14:13:01,2026-01-13 14:13:01,-2,59.39,3,Adelaide,216.16,0.0,
ORD-101765,B2B-58522,2026-04-03 02:47:08,2026-04-16 02:47:08,2026-04-17 02:47:08,1,95.22,3,Melbourne,613.4,0.0,
ORD-101766,B2B-23088,2025-11-16 03:45:17,2025-11-23 03:45:17,2025-11-23 03:45:17,0,41.29,3,Brisbane,52.74,0.0,
ORD-101767,B2B-55930,2025-09-27 14:27:07,2025-10-07 14:27:07,2025-10-07 14:27:07,0,55.61,3,Adelaide,264.74,0.0,
ORD-101768,B2B-65273,2026-02-04 07:41:20,2026-02-13 07:41:20,2026-02-13 07:41:20,0,72.94,3,Melbourne,526.64,0.0,
ORD-101769,B2B-47096,2026-02-19 16:01:46,2026-03-02 16:01:46,2026-03-02 16:01:46,0,54.17,3,Brisbane,91.69,0.0,
ORD-101770,B2B-29283,2025-09-04 08:08:51,2025-09-14 08:08:51,2025-09-11 08:08:51,-3,60.8,3,Perth,334.32,0.0,
ORD-101771,B2B-41869,2026-06-17 21:07:46,2026-06-28 21:07:46,2026-06-26 21:07:46,-2,98.42,7,Brisbane,608.63,0.0,
ORD-101772,B2B-93543,2025-10-29 02:50:06,2025-11-08 02:50:06,2025-11-10 02:50:06,2,96.92,7,Adelaide,576.39,0.0,
ORD-101773,B2B-51328,2026-03-28 15:55:52,2026-04-11 15:55:52,2026-04-12 15:55:52,1,75.14,3,Brisbane,571.61,0.0,
ORD-101774,B2B-65412,2025-08-12 21:36:48,2025-08-25 21:36:48,2025-08-26 21:36:48,1,61.59,3,Adelaide,368.85,0.0,
ORD-101775,B2B-70408,2026-04-24 00:56:39,2026-05-05 00:56:39,2026-05-03 00:56:39,-2,81.61,3,Brisbane,324.91,0.0,
ORD-101776,B2B-86006,2026-02-02 13:05:09,2026-02-16 13:05:09,2026-02-17 13:05:09,1,84.18,3,Melbourne,700.53,0.0,
ORD-101777,B2B-20315,2026-01-28 09:19:33,2026-02-11 09:19:33,2026-02-12 09:19:33,1,48.32,3,Perth,92.54,0.0,
ORD-101778,B2B-39487,2025-10-22 06:31:40,2025-11-02 06:31:40,2025-11-02 06:31:40,0,39.29,3,Brisbane,103.63,0.0,
ORD-101779,B2B-19402,2025-11-25 08:15:34,2025-12-08 08:15:34,2025-12-07 08:15:34,-1,50.7,7,Brisbane,198.91,0.0,
ORD-101780,B2B-699,2025-09-04 03:01:26,2025-09-14 03:01:26,2025-09-14 03:01:26,0,64.67,3,Melbourne,312.08,0.0,
ORD-101781,B2B-83884,2026-06-30 14:15:43,2026-07-12 14:15:43,2026-07-12 14:15:43,0,60.3,7,Perth,339.04,0.0,
ORD-101782,B2B-52522,2026-01-19 11:22:57,2026-02-01 11:22:57,2026-02-01 11:22:57,0,41.08,3,Melbourne,313.94,0.0,
ORD-101783,B2B-30230,2025-08-11 13:04:11,2025-08-25 13:04:11,2025-08-26 13:04:11,1,90.2,3,Brisbane,742.12,0.0,
ORD-101784,B2B-58412,2026-03-03 09:52:52,2026-03-14 09:52:52,2026-03-14 09:52:52,0,68.19,7,Adelaide,543.27,0.0,
ORD-101785,B2B-57770,2025-11-06 11:54:57,2025-11-14 11:54:57,2025-11-15 11:54:57,1,65.05,3,Perth,398.92,0.0,
ORD-101786,B2B-74684,2026-05-27 02:07:11,2026-06-03 02:07:11,2026-06-05 02:07:11,2,76.93,3,Brisbane,548.73,0.0,
ORD-101787,B2B-19402,2026-04-04 22:45:57,2026-04-11 22:45:57,2026-04-09 22:45:57,-2,62.05,7,Brisbane,198.91,0.0,
ORD-101788,B2B-56564,2025-11-14 06:15:50,2025-11-23 06:15:50,2025-11-20 06:15:50,-3,52.47,7,Adelaide,188.33,0.0,
ORD-101789,B2B-37132,2025-10-07 07:22:58,2025-10-21 07:22:58,2025-10-23 07:22:58,2,85.15,7,Melbourne,667.08,0.0,
ORD-101790,B2B-14570,2026-04-24 08:25:29,2026-05-01 08:25:29,2026-05-03 08:25:29,2,70.9,3,Brisbane,633.84,1.0,Late Delivery
ORD-101791,B2B-72630,2026-06-10 16:47:38,2026-06-23 16:47:38,2026-06-21 16:47:38,-2,64.34,3,Brisbane,54.03,0.0,
ORD-101792,B2B-46372,2025-09-28 05:41:22,2025-10-09 05:41:22,2025-10-13 05:41:22,4,90.96,3,Melbourne,848.56,1.0,Late Delivery
ORD-101793,B2B-97922,2025-12-02 16:27:56,2025-12-12 16:27:56,2025-12-10 16:27:56,-2,89.61,7,Brisbane,843.37,0.0,
ORD-101794,B2B-27189,2025-10-12 16:03:17,2025-10-25 16:03:17,2025-10-25 16:03:17,0,76.95,3,Brisbane,532.44,0.0,
ORD-101795,B2B-15563,2026-07-26 19:52:18,2026-08-04 19:52:18,2026-08-06 19:52:18,2,88.68,7,Brisbane,559.64,0.0,
ORD-101796,B2B-74684,2025-11-13 06:50:48,2025-11-20 06:50:48,2025-11-24 06:50:48,4,80.28,3,Brisbane,548.73,1.0,Late Delivery
ORD-101797,B2B-58497,2025-08-02 12:32:50,2025-08-10 12:32:50,2025-08-09 12:32:50,-1,55.23,3,Adelaide,185.01,0.0,
ORD-101798,B2B-5107,2025-11-02 23:11:07,2025-11-13 23:11:07,2025-11-16 23:11:07,3,75.25,7,Brisbane,521.23,0.0,
ORD-101799,B2B-15887,2026-03-13 21:05:57,2026-03-23 21:05:57,2026-03-25 21:05:57,2,67.64,7,Perth,234.39,0.0,
ORD-101800,B2B-41329,2026-03-30 04:14:26,2026-04-13 04:14:26,2026-04-13 04:14:26,0,36.33,7,Adelaide,225.17,0.0,
ORD-101801,B2B-12858,2026-04-24 22:56:27,2026-05-07 22:56:27,2026-05-05 22:56:27,-2,49.1,7,Brisbane,294.08,0.0,
ORD-101802,B2B-6337,2026-07-22 03:45:07,2026-08-05 03:45:07,2026-08-03 03:45:07,-2,85.94,7,Melbourne,362.09,0.0,
ORD-101803,B2B-95375,2025-08-21 08:17:32,2025-08-29 08:17:32,2025-08-29 08:17:32,0,55.07,3,Perth,62.32,0.0,
ORD-101804,B2B-88385,2026-06-22 16:35:06,2026-07-02 16:35:06,2026-07-03 16:35:06,1,67.01,3,Melbourne,238.32,0.0,
ORD-101805,B2B-71923,2026-07-13 00:22:57,2026-07-23 00:22:57,2026-07-24 00:22:57,1,98.19,3,Brisbane,815.91,1.0,Late Delivery
ORD-101806,B2B-2402,2025-09-26 18:40:28,2025-10-06 18:40:28,2025-10-13 18:40:28,7,59.7,3,Perth,399.68,1.0,Late Delivery
ORD-101807,B2B-35688,2025-10-04 11:04:15,2025-10-14 11:04:15,2025-10-14 11:04:15,0,75.66,7,Adelaide,329.31,0.0,
ORD-101808,B2B-56564,2025-10-12 03:04:50,2025-10-22 03:04:50,2025-10-19 03:04:50,-3,44.49,7,Adelaide,188.33,0.0,
ORD-101809,B2B-33680,2026-03-12 20:18:30,2026-03-25 20:18:30,2026-03-26 20:18:30,1,59.7,3,Perth,278.55,0.0,
ORD-101810,B2B-6492,2025-11-15 09:52:43,2025-11-27 09:52:43,2025-11-26 09:52:43,-1,72.63,3,Brisbane,348.96,0.0,
ORD-101811,B2B-11435,2026-05-30 10:20:20,2026-06-06 10:20:20,2026-06-06 10:20:20,0,63.18,7,Melbourne,298.71,0.0,
ORD-101812,B2B-4182,2025-09-18 12:42:08,2025-09-27 12:42:08,2025-09-27 12:42:08,0,72.95,3,Melbourne,385.92,0.0,
ORD-101813,B2B-65084,2025-08-31 03:18:54,2025-09-07 03:18:54,2025-09-09 03:18:54,2,60.08,7,Brisbane,218.58,1.0,Late Delivery
ORD-101814,B2B-36874,2025-07-31 21:39:18,2025-08-07 21:39:18,2025-08-13 21:39:18,6,80.6,3,Brisbane,580.4,1.0,Late Delivery
ORD-101815,B2B-73790,2026-02-03 13:39:14,2026-02-13 13:39:14,2026-02-13 13:39:14,0,67.6,3,Melbourne,354.4,0.0,
ORD-101816,B2B-58097,2026-01-21 06:10:07,2026-02-01 06:10:07,2026-02-02 06:10:07,1,93.04,3,Melbourne,527.36,0.0,
ORD-101817,B2B-80489,2026-02-19 02:08:12,2026-02-26 02:08:12,2026-02-27 02:08:12,1,61.87,3,Brisbane,668.13,1.0,Customer Service
ORD-101818,B2B-20256,2025-11-13 16:05:54,2025-11-26 16:05:54,2025-11-30 16:05:54,4,57.53,3,Adelaide,276.38,1.0,Late Delivery
ORD-101819,B2B-33392,2026-05-28 15:00:35,2026-06-09 15:00:35,2026-06-09 15:00:35,0,46.73,7,Adelaide,172.39,0.0,
ORD-101820,B2B-75594,2026-01-15 01:49:42,2026-01-27 01:49:42,2026-01-25 01:49:42,-2,70.09,3,Perth,237.46,0.0,
ORD-101821,B2B-28688,2025-10-26 06:41:04,2025-11-05 06:41:04,2025-11-02 06:41:04,-3,62.72,3,Perth,477.49,0.0,
ORD-101822,B2B-86465,2025-09-25 02:47:48,2025-10-02 02:47:48,2025-10-05 02:47:48,3,84.7,7,Brisbane,662.66,0.0,
ORD-101823,B2B-57770,2025-08-16 18:03:52,2025-08-30 18:03:52,2025-09-04 18:03:52,5,71.72,3,Perth,398.92,1.0,Late Delivery
ORD-101824,B2B-82861,2025-10-13 03:13:29,2025-10-20 03:13:29,2025-10-20 03:13:29,0,74.9,7,Brisbane,269.58,0.0,
ORD-101825,B2B-89892,2026-03-05 02:32:42,2026-03-14 02:32:42,2026-03-16 02:32:42,2,67.3,3,Melbourne,259.72,1.0,Late Delivery
ORD-101826,B2B-71568,2026-07-23 16:27:52,2026-08-03 16:27:52,2026-08-01 16:27:52,-2,57.21,3,Perth,305.9,0.0,
ORD-101827,B2B-39082,2025-08-19 17:18:03,2025-08-28 17:18:03,2025-08-25 17:18:03,-3,62.39,3,Melbourne,287.99,0.0,
ORD-101828,B2B-9376,2026-04-23 17:59:03,2026-04-30 17:59:03,2026-04-30 17:59:03,0,54.45,3,Perth,81.95,0.0,
ORD-101829,B2B-17449,2026-06-25 17:54:38,2026-07-04 17:54:38,2026-07-05 17:54:38,1,64.59,7,Brisbane,275.78,0.0,
ORD-101830,B2B-29283,2026-06-08 14:42:03,2026-06-21 14:42:03,2026-06-21 14:42:03,0,74.96,3,Perth,334.32,0.0,
ORD-101831,B2B-68218,2025-12-09 15:55:25,2025-12-20 15:55:25,2025-12-22 15:55:25,2,33.4,3,Melbourne,117.02,0.0,
ORD-101832,B2B-15563,2026-01-08 00:48:09,2026-01-15 00:48:09,2026-01-11 00:48:09,-4,77.62,7,Brisbane,559.64,0.0,
ORD-101833,B2B-80380,2026-03-25 21:51:30,2026-04-07 21:51:30,2026-04-04 21:51:30,-3,93.47,3,Adelaide,545.83,0.0,
ORD-101834,B2B-6492,2026-03-18 03:05:21,2026-03-27 03:05:21,2026-03-25 03:05:21,-2,67.44,3,Brisbane,348.96,0.0,
ORD-101835,B2B-1715,2026-05-09 07:06:52,2026-05-20 07:06:52,2026-05-22 07:06:52,2,65.57,7,Melbourne,321.45,0.0,
ORD-101836,B2B-4727,2026-07-19 22:12:18,2026-08-02 22:12:18,2026-08-02 22:12:18,0,87.24,7,Adelaide,619.93,0.0,
ORD-101837,B2B-48439,2026-03-22 06:13:12,2026-04-03 06:13:12,2026-04-03 06:13:12,0,59.67,3,Adelaide,187.34,0.0,
ORD-101838,B2B-48439,2025-09-29 00:07:57,2025-10-09 00:07:57,2025-10-09 00:07:57,0,44.12,3,Adelaide,187.34,0.0,
ORD-101839,B2B-28109,2026-03-21 10:48:37,2026-03-29 10:48:37,2026-04-03 10:48:37,5,52.6,7,Melbourne,53.68,1.0,Late Delivery
ORD-101840,B2B-41024,2025-10-24 00:45:47,2025-11-03 00:45:47,2025-11-05 00:45:47,2,69.61,3,Brisbane,433.53,0.0,
ORD-101841,B2B-9272,2026-05-30 00:51:42,2026-06-10 00:51:42,2026-06-14 00:51:42,4,61.18,3,Brisbane,404.59,1.0,Late Delivery
ORD-101842,B2B-48439,2026-05-11 06:14:58,2026-05-21 06:14:58,2026-05-19 06:14:58,-2,69.85,3,Adelaide,187.34,0.0,
ORD-101843,B2B-54897,2025-10-20 20:43:39,2025-10-28 20:43:39,2025-10-28 20:43:39,0,64.6,3,Melbourne,287.59,0.0,
ORD-101844,B2B-38826,2026-06-17 19:48:46,2026-06-27 19:48:46,2026-06-25 19:48:46,-2,53.48,7,Brisbane,536.49,0.0,
ORD-101845,B2B-84961,2025-09-12 03:47:10,2025-09-20 03:47:10,2025-09-23 03:47:10,3,77.91,7,Melbourne,445.61,1.0,Customer Service
ORD-101846,B2B-63735,2025-11-18 09:52:01,2025-11-30 09:52:01,2025-12-01 09:52:01,1,63.57,3,Brisbane,225.01,0.0,
ORD-101847,B2B-73101,2026-03-29 16:43:40,2026-04-11 16:43:40,2026-04-09 16:43:40,-2,85.34,3,Melbourne,574.65,0.0,
ORD-101848,B2B-83563,2026-06-05 19:19:42,2026-06-13 19:19:42,2026-06-18 19:19:42,5,74.12,3,Perth,472.14,1.0,Late Delivery
ORD-101849,B2B-46372,2025-11-24 10:05:39,2025-12-05 10:05:39,2025-12-07 10:05:39,2,97.12,3,Melbourne,848.56,0.0,
ORD-101850,B2B-52522,2025-09-27 18:25:23,2025-10-04 18:25:23,2025-10-07 18:25:23,3,76.22,3,Melbourne,313.94,1.0,Customer Service
ORD-101851,B2B-16719,2025-08-16 14:50:22,2025-08-23 14:50:22,2025-08-26 14:50:22,3,77.54,7,Perth,326.27,0.0,
ORD-101852,B2B-72765,2025-11-28 03:57:01,2025-12-12 03:57:01,2025-12-11 03:57:01,-1,112.21,3,Melbourne,873.91,0.0,
ORD-101853,B2B-20421,2025-08-05 10:30:36,2025-08-19 10:30:36,2025-08-19 10:30:36,0,99.91,3,Brisbane,718.6,0.0,
ORD-101854,B2B-9933,2025-08-06 06:19:07,2025-08-20 06:19:07,2025-08-20 06:19:07,0,47.81,7,Adelaide,318.11,0.0,
ORD-101855,B2B-65614,2025-11-01 04:44:57,2025-11-08 04:44:57,2025-11-08 04:44:57,0,56.01,3,Melbourne,319.56,1.0,Quality Issue
ORD-101856,B2B-42595,2026-05-05 08:29:27,2026-05-15 08:29:27,2026-05-15 08:29:27,0,60.4,3,Melbourne,363.92,0.0,
ORD-101857,B2B-76363,2026-05-29 09:05:55,2026-06-06 09:05:55,2026-06-10 09:05:55,4,83.93,7,Melbourne,555.75,1.0,Late Delivery
ORD-101858,B2B-21647,2026-07-14 02:35:52,2026-07-23 02:35:52,2026-07-23 02:35:52,0,72.64,3,Perth,378.29,0.0,
ORD-101859,B2B-58412,2026-07-03 08:08:36,2026-07-14 08:08:36,2026-07-16 08:08:36,2,70.62,7,Adelaide,543.27,0.0,
ORD-101860,B2B-26477,2026-06-08 05:30:31,2026-06-17 05:30:31,2026-06-15 05:30:31,-2,57.53,3,Melbourne,267.63,0.0,
ORD-101861,B2B-46127,2026-06-30 18:42:26,2026-07-14 18:42:26,2026-07-14 18:42:26,0,90.31,3,Brisbane,494.33,0.0,
ORD-101862,B2B-3443,2025-11-02 13:56:29,2025-11-15 13:56:29,2025-11-15 13:56:29,0,59.19,3,Adelaide,221.32,0.0,
ORD-101863,B2B-58097,2025-11-17 01:19:29,2025-11-24 01:19:29,2025-11-25 01:19:29,1,61.46,3,Melbourne,527.36,0.0,
ORD-101864,B2B-14161,2025-12-14 19:24:41,2025-12-21 19:24:41,2025-12-23 19:24:41,2,61.85,3,Perth,220.42,0.0,
ORD-101865,B2B-79534,2026-02-04 20:18:10,2026-02-17 20:18:10,2026-02-16 20:18:10,-1,62.33,3,Melbourne,248.84,0.0,
ORD-101866,B2B-73101,2026-03-05 21:40:47,2026-03-18 21:40:47,2026-03-16 21:40:47,-2,91.44,3,Melbourne,574.65,1.0,Packaging Damage
ORD-101867,B2B-76983,2025-12-01 04:04:35,2025-12-08 04:04:35,2025-12-10 04:04:35,2,50.83,7,Brisbane,167.27,0.0,
ORD-101868,B2B-10603,2025-10-30 11:34:30,2025-11-07 11:34:30,2025-11-07 11:34:30,0,99.51,3,Brisbane,792.16,0.0,
ORD-101869,B2B-97179,2026-07-19 00:45:37,2026-07-30 00:45:37,2026-07-27 00:45:37,-3,56.6,3,Melbourne,566.59,0.0,
ORD-101870,B2B-33392,2025-09-09 05:52:20,2025-09-20 05:52:20,2025-09-20 05:52:20,0,57.22,7,Adelaide,172.39,0.0,
ORD-101871,B2B-89921,2026-06-24 03:08:19,2026-07-08 03:08:19,2026-07-08 03:08:19,0,65.59,7,Perth,329.39,0.0,
ORD-101872,B2B-74692,2026-04-29 06:30:45,2026-05-11 06:30:45,2026-05-08 06:30:45,-3,78.44,3,Melbourne,309.02,0.0,
ORD-101873,B2B-47320,2025-10-18 23:55:23,2025-11-01 23:55:23,2025-11-01 23:55:23,0,83.28,3,Melbourne,752.74,0.0,
ORD-101874,B2B-39539,2025-09-28 18:00:30,2025-10-05 18:00:30,2025-10-06 18:00:30,1,74.7,3,Brisbane,614.75,0.0,
ORD-101875,B2B-6337,2025-08-05 17:28:41,2025-08-19 17:28:41,2025-08-18 17:28:41,-1,63.93,7,Melbourne,362.09,0.0,
ORD-101876,B2B-28120,2025-11-21 12:12:39,2025-12-03 12:12:39,2025-12-02 12:12:39,-1,81.86,3,Perth,444.72,0.0,
ORD-101877,B2B-95375,2025-11-14 19:07:32,2025-11-25 19:07:32,2025-11-23 19:07:32,-2,53.89,3,Perth,62.32,0.0,
ORD-101878,B2B-23088,2026-01-14 07:46:40,2026-01-25 07:46:40,2026-01-24 07:46:40,-1,54.61,3,Brisbane,52.74,0.0,
ORD-101879,B2B-1575,2025-10-27 13:54:46,2025-11-08 13:54:46,2025-11-05 13:54:46,-3,74.38,3,Adelaide,313.76,0.0,
ORD-101880,B2B-9933,2026-05-06 16:36:35,2026-05-17 16:36:35,2026-05-16 16:36:35,-1,76.8,7,Adelaide,318.11,0.0,
ORD-101881,B2B-37007,2025-10-17 23:27:19,2025-10-26 23:27:19,2025-10-27 23:27:19,1,55.29,3,Adelaide,369.48,0.0,
ORD-101882,B2B-21097,2025-10-17 02:56:52,2025-10-31 02:56:52,2025-10-31 02:56:52,0,46.35,3,Melbourne,138.29,0.0,
ORD-101883,B2B-91425,2025-08-05 01:46:43,2025-08-16 01:46:43,2025-08-19 01:46:43,3,71.05,3,Brisbane,396.55,0.0,
ORD-101884,B2B-71923,2026-03-02 19:21:01,2026-03-16 19:21:01,2026-03-17 19:21:01,1,85.73,3,Brisbane,815.91,0.0,
ORD-101885,B2B-29564,2026-02-02 11:42:37,2026-02-14 11:42:37,2026-02-15 11:42:37,1,70.25,3,Adelaide,179.99,0.0,
ORD-101886,B2B-91754,2026-02-10 05:13:39,2026-02-23 05:13:39,2026-02-24 05:13:39,1,44.86,7,Adelaide,26.35,0.0,
ORD-101887,B2B-41869,2026-07-29 16:15:56,2026-08-05 16:15:56,2026-08-02 16:15:56,-3,70.56,7,Brisbane,608.63,0.0,
ORD-101888,B2B-70992,2025-10-03 12:25:22,2025-10-15 12:25:22,2025-10-15 12:25:22,0,55.38,7,Melbourne,154.1,0.0,
ORD-101889,B2B-15987,2025-08-13 16:23:51,2025-08-21 16:23:51,2025-08-21 16:23:51,0,75.17,3,Melbourne,646.88,0.0,
ORD-101890,B2B-35806,2026-04-12 00:51:58,2026-04-25 00:51:58,2026-04-25 00:51:58,0,58.21,3,Adelaide,167.05,0.0,
ORD-101891,B2B-16020,2026-06-12 05:38:00,2026-06-21 05:38:00,2026-06-20 05:38:00,-1,53.98,3,Adelaide,32.56,0.0,
ORD-101892,B2B-4919,2025-08-15 01:37:32,2025-08-28 01:37:32,2025-08-29 01:37:32,1,50.1,3,Perth,100.95,0.0,
ORD-101893,B2B-76411,2025-08-30 02:21:18,2025-09-11 02:21:18,2025-09-13 02:21:18,2,98.38,3,Melbourne,806.71,0.0,
ORD-101894,B2B-68926,2026-02-27 19:59:31,2026-03-12 19:59:31,2026-03-12 19:59:31,0,48.96,3,Brisbane,258.66,0.0,
ORD-101895,B2B-13496,2025-08-24 16:25:06,2025-09-06 16:25:06,2025-09-09 16:25:06,3,78.99,3,Melbourne,404.5,0.0,
ORD-101896,B2B-86819,2026-06-16 03:59:09,2026-06-29 03:59:09,2026-06-27 03:59:09,-2,78.62,3,Brisbane,531.68,0.0,
ORD-101897,B2B-2144,2025-10-31 22:08:27,2025-11-08 22:08:27,2025-11-04 22:08:27,-4,77.8,7,Brisbane,421.59,0.0,
ORD-101898,B2B-93117,2026-06-29 23:27:28,2026-07-11 23:27:28,2026-07-11 23:27:28,0,72.43,3,Brisbane,583.68,0.0,
ORD-101899,B2B-30729,2025-08-07 20:40:25,2025-08-21 20:40:25,2025-08-21 20:40:25,0,65.68,3,Melbourne,556.38,0.0,
ORD-101900,B2B-29283,2025-09-27 18:27:58,2025-10-10 18:27:58,2025-10-10 18:27:58,0,74.76,3,Perth,334.32,0.0,
ORD-101901,B2B-87026,2026-02-21 10:00:08,2026-02-28 10:00:08,2026-02-27 10:00:08,-1,57.51,3,Melbourne,149.38,0.0,
ORD-101902,B2B-24971,2026-05-05 08:40:20,2026-05-18 08:40:20,2026-05-14 08:40:20,-4,67.53,3,Melbourne,288.01,0.0,
ORD-101903,B2B-582,2025-08-28 23:42:37,2025-09-08 23:42:37,2025-09-09 23:42:37,1,40.22,3,Perth,244.06,0.0,
ORD-101904,B2B-1575,2026-01-07 04:04:28,2026-01-19 04:04:28,2026-01-18 04:04:28,-1,69.03,3,Adelaide,313.76,0.0,
ORD-101905,B2B-89291,2026-04-25 05:16:33,2026-05-03 05:16:33,2026-05-01 05:16:33,-2,64.63,3,Melbourne,355.57,0.0,
ORD-101906,B2B-72630,2025-10-06 07:21:57,2025-10-18 07:21:57,2025-10-18 07:21:57,0,55.01,3,Brisbane,54.03,0.0,
ORD-101907,B2B-11265,2025-10-15 20:00:25,2025-10-29 20:00:25,2025-11-01 20:00:25,3,68.68,3,Brisbane,241.54,0.0,
ORD-101908,B2B-6337,2025-08-01 12:31:53,2025-08-15 12:31:53,2025-08-15 12:31:53,0,69.39,7,Melbourne,362.09,0.0,
ORD-101909,B2B-75641,2025-11-02 11:38:10,2025-11-16 11:38:10,2025-11-19 11:38:10,3,52.15,3,Adelaide,39.25,0.0,
ORD-101910,B2B-5941,2026-07-26 22:45:49,2026-08-08 22:45:49,2026-08-11 22:45:49,3,77.53,3,Melbourne,491.49,0.0,
ORD-101911,B2B-16876,2025-10-15 11:59:57,2025-10-25 11:59:57,2025-10-25 11:59:57,0,68.77,3,Brisbane,560.95,0.0,
ORD-101912,B2B-24126,2025-08-15 17:23:00,2025-08-23 17:23:00,2025-08-23 17:23:00,0,56.8,3,Adelaide,180.35,0.0,
ORD-101913,B2B-47208,2026-05-29 22:13:48,2026-06-10 22:13:48,2026-06-08 22:13:48,-2,92.52,3,Melbourne,563.28,0.0,
ORD-101914,B2B-5218,2025-10-05 16:51:07,2025-10-18 16:51:07,2025-10-20 16:51:07,2,62.69,3,Brisbane,370.92,1.0,Late Delivery
ORD-101915,B2B-1245,2026-01-14 03:18:28,2026-01-27 03:18:28,2026-01-29 03:18:28,2,75.6,3,Brisbane,612.32,0.0,
ORD-101916,B2B-35806,2025-09-26 20:32:14,2025-10-06 20:32:14,2025-10-03 20:32:14,-3,62.74,3,Adelaide,167.05,0.0,
ORD-101917,B2B-760,2026-07-13 07:42:12,2026-07-24 07:42:12,2026-07-25 07:42:12,1,55.95,3,Adelaide,248.77,0.0,
ORD-101918,B2B-29564,2026-05-25 13:20:44,2026-06-05 13:20:44,2026-06-02 13:20:44,-3,62.1,3,Adelaide,179.99,0.0,
ORD-101919,B2B-37533,2026-05-22 11:00:00,2026-06-04 11:00:00,2026-06-03 11:00:00,-1,86.99,3,Melbourne,626.0,0.0,
ORD-101920,B2B-53943,2026-07-30 09:56:07,2026-08-06 09:56:07,2026-08-07 09:56:07,1,83.76,3,Melbourne,648.98,1.0,Late Delivery
ORD-101921,B2B-88360,2026-05-07 07:17:13,2026-05-18 07:17:13,2026-05-18 07:17:13,0,69.99,7,Brisbane,120.26,0.0,
ORD-101922,B2B-19407,2025-12-17 16:43:47,2025-12-29 16:43:47,2026-01-01 16:43:47,3,43.55,3,Perth,308.14,0.0,
ORD-101923,B2B-75357,2026-05-17 08:04:38,2026-05-28 08:04:38,2026-05-25 08:04:38,-3,90.98,3,Perth,507.79,0.0,
ORD-101924,B2B-58252,2026-02-21 11:58:32,2026-03-03 11:58:32,2026-03-04 11:58:32,1,50.65,3,Melbourne,190.25,0.0,
ORD-101925,B2B-2258,2026-07-08 02:49:23,2026-07-20 02:49:23,2026-07-18 02:49:23,-2,81.29,3,Brisbane,331.68,0.0,
ORD-101926,B2B-1245,2025-09-24 10:11:15,2025-10-03 10:11:15,2025-10-05 10:11:15,2,87.92,3,Brisbane,612.32,0.0,
ORD-101927,B2B-41054,2026-07-06 15:39:11,2026-07-15 15:39:11,2026-07-12 15:39:11,-3,87.34,7,Perth,470.71,0.0,
ORD-101928,B2B-79534,2025-09-24 20:11:38,2025-10-06 20:11:38,2025-10-07 20:11:38,1,71.37,3,Melbourne,248.84,0.0,
ORD-101929,B2B-82260,2025-12-03 12:15:36,2025-12-10 12:15:36,2025-12-16 12:15:36,6,75.55,7,Melbourne,634.11,0.0,
ORD-101930,B2B-26819,2026-04-06 01:47:43,2026-04-17 01:47:43,2026-04-22 01:47:43,5,75.91,7,Brisbane,325.12,0.0,
ORD-101931,B2B-40085,2026-01-12 13:35:07,2026-01-22 13:35:07,2026-01-24 13:35:07,2,44.73,3,Adelaide,297.66,1.0,Late Delivery
ORD-101932,B2B-68919,2026-07-09 13:18:05,2026-07-20 13:18:05,2026-07-22 13:18:05,2,63.59,7,Adelaide,182.23,0.0,
ORD-101933,B2B-21097,2025-09-03 11:38:40,2025-09-10 11:38:40,2025-09-05 11:38:40,-5,64.77,3,Melbourne,138.29,0.0,
ORD-101934,B2B-15563,2026-05-01 20:45:55,2026-05-10 20:45:55,2026-05-11 20:45:55,1,73.35,7,Brisbane,559.64,0.0,
ORD-101935,B2B-93117,2026-03-20 11:52:20,2026-04-01 11:52:20,2026-04-07 11:52:20,6,73.85,3,Brisbane,583.68,0.0,
ORD-101936,B2B-20130,2026-06-04 17:05:34,2026-06-15 17:05:34,2026-06-15 17:05:34,0,62.64,7,Adelaide,297.52,0.0,
ORD-101937,B2B-35757,2025-11-21 07:42:25,2025-11-28 07:42:25,2025-11-25 07:42:25,-3,65.25,3,Perth,153.49,0.0,
ORD-101938,B2B-73752,2026-05-03 19:51:56,2026-05-12 19:51:56,2026-05-12 19:51:56,0,80.9,7,Perth,578.14,0.0,
ORD-101939,B2B-75357,2026-05-27 22:24:48,2026-06-06 22:24:48,2026-06-10 22:24:48,4,75.73,3,Perth,507.79,1.0,Late Delivery
ORD-101940,B2B-54945,2025-10-05 15:30:37,2025-10-18 15:30:37,2025-10-17 15:30:37,-1,54.39,7,Brisbane,251.33,0.0,
ORD-101941,B2B-67047,2026-06-12 10:17:49,2026-06-19 10:17:49,2026-06-19 10:17:49,0,52.41,3,Brisbane,131.63,0.0,
ORD-101942,B2B-47208,2025-12-31 22:50:01,2026-01-14 22:50:01,2026-01-19 22:50:01,5,84.68,3,Melbourne,563.28,1.0,Late Delivery
ORD-101943,B2B-77702,2025-11-06 08:01:56,2025-11-14 08:01:56,2025-11-11 08:01:56,-3,40.55,7,Brisbane,154.37,0.0,
ORD-101944,B2B-99480,2026-01-03 15:54:19,2026-01-13 15:54:19,2026-01-13 15:54:19,0,93.5,3,Perth,448.58,0.0,
ORD-101945,B2B-68467,2026-03-26 21:42:30,2026-04-07 21:42:30,2026-04-07 21:42:30,0,64.19,3,Brisbane,288.51,0.0,
ORD-101946,B2B-9589,2026-02-13 11:06:21,2026-02-21 11:06:21,2026-02-20 11:06:21,-1,78.98,3,Brisbane,646.64,0.0,
ORD-101947,B2B-93833,2026-07-08 21:58:44,2026-07-20 21:58:44,2026-07-21 21:58:44,1,69.25,3,Brisbane,418.51,1.0,Late Delivery
ORD-101948,B2B-41777,2026-04-18 09:56:32,2026-04-30 09:56:32,2026-05-01 09:56:32,1,36.17,7,Melbourne,60.38,0.0,
ORD-101949,B2B-34949,2025-09-10 15:22:59,2025-09-21 15:22:59,2025-09-22 15:22:59,1,72.56,3,Adelaide,297.34,0.0,
ORD-101950,B2B-69665,2025-11-01 22:26:36,2025-11-15 22:26:36,2025-11-16 22:26:36,1,75.09,3,Melbourne,585.98,0.0,
ORD-101951,B2B-9928,2025-08-30 11:58:02,2025-09-09 11:58:02,2025-09-09 11:58:02,0,59.04,3,Perth,85.7,0.0,
ORD-101952,B2B-80489,2025-09-14 13:21:41,2025-09-23 13:21:41,2025-09-18 13:21:41,-5,86.43,3,Brisbane,668.13,0.0,
ORD-101953,B2B-86845,2026-04-06 21:04:24,2026-04-14 21:04:24,2026-04-15 21:04:24,1,67.33,3,Melbourne,198.3,1.0,Late Delivery
ORD-101954,B2B-824,2026-05-28 09:47:17,2026-06-04 09:47:17,2026-06-03 09:47:17,-1,49.52,7,Brisbane,210.68,0.0,
ORD-101955,B2B-71568,2025-12-08 14:32:54,2025-12-19 14:32:54,2025-12-22 14:32:54,3,57.54,3,Perth,305.9,0.0,
ORD-101956,B2B-35745,2025-10-20 13:44:17,2025-10-31 13:44:17,2025-10-31 13:44:17,0,49.14,7,Brisbane,188.89,0.0,
ORD-101957,B2B-99045,2026-01-12 01:46:25,2026-01-22 01:46:25,2026-01-24 01:46:25,2,70.89,3,Melbourne,685.6,0.0,
ORD-101958,B2B-41580,2026-07-26 09:42:30,2026-08-05 09:42:30,2026-08-05 09:42:30,0,71.45,7,Brisbane,585.24,0.0,
ORD-101959,B2B-72765,2026-02-05 20:06:52,2026-02-19 20:06:52,2026-02-23 20:06:52,4,94.08,3,Melbourne,873.91,1.0,Late Delivery
ORD-101960,B2B-6754,2025-10-18 03:12:00,2025-10-25 03:12:00,2025-10-28 03:12:00,3,57.76,3,Perth,533.44,1.0,Late Delivery
ORD-101961,B2B-1563,2025-09-30 22:28:00,2025-10-13 22:28:00,2025-10-15 22:28:00,2,49.45,3,Adelaide,182.02,1.0,Customer Service
ORD-101962,B2B-23833,2025-08-08 15:23:34,2025-08-22 15:23:34,2025-08-21 15:23:34,-1,66.62,3,Melbourne,421.56,0.0,
ORD-101963,B2B-44951,2025-10-12 03:24:03,2025-10-24 03:24:03,2025-10-27 03:24:03,3,82.31,3,Melbourne,832.42,0.0,
ORD-101964,B2B-74836,2025-09-20 06:33:48,2025-09-28 06:33:48,2025-10-04 06:33:48,6,89.26,3,Adelaide,437.22,1.0,Late Delivery
ORD-101965,B2B-97825,2025-09-16 01:03:08,2025-09-30 01:03:08,2025-09-30 01:03:08,0,48.33,3,Brisbane,371.6,0.0,
ORD-101966,B2B-54945,2026-03-13 02:21:20,2026-03-23 02:21:20,2026-03-28 02:21:20,5,58.3,7,Brisbane,251.33,0.0,
ORD-101967,B2B-39279,2025-09-14 06:10:45,2025-09-28 06:10:45,2025-09-29 06:10:45,1,59.97,7,Melbourne,220.21,0.0,
ORD-101968,B2B-73752,2026-02-18 18:31:36,2026-03-04 18:31:36,2026-03-08 18:31:36,4,86.5,7,Perth,578.14,1.0,Late Delivery
ORD-101969,B2B-62843,2025-11-06 21:00:15,2025-11-13 21:00:15,2025-11-14 21:00:15,1,45.68,7,Melbourne,82.28,0.0,
ORD-101970,B2B-41777,2026-07-22 02:21:08,2026-08-03 02:21:08,2026-08-04 02:21:08,1,45.68,7,Melbourne,60.38,0.0,
ORD-101971,B2B-86006,2026-05-28 20:33:03,2026-06-06 20:33:03,2026-06-04 20:33:03,-2,96.57,3,Melbourne,700.53,0.0,
ORD-101972,B2B-75752,2026-03-24 07:28:59,2026-04-02 07:28:59,2026-03-30 07:28:59,-3,88.74,3,Brisbane,434.83,0.0,
ORD-101973,B2B-5941,2026-07-25 15:54:06,2026-08-02 15:54:06,2026-08-02 15:54:06,0,80.21,3,Melbourne,491.49,0.0,
ORD-101974,B2B-72765,2025-11-05 20:02:25,2025-11-17 20:02:25,2025-11-13 20:02:25,-4,82.83,3,Melbourne,873.91,0.0,
ORD-101975,B2B-85301,2025-11-02 13:29:46,2025-11-13 13:29:46,2025-11-15 13:29:46,2,34.71,7,Brisbane,149.09,0.0,
ORD-101976,B2B-33181,2026-01-25 06:14:08,2026-02-02 06:14:08,2026-01-31 06:14:08,-2,62.78,3,Adelaide,257.39,0.0,
ORD-101977,B2B-38826,2025-11-15 10:16:44,2025-11-25 10:16:44,2025-11-25 10:16:44,0,76.32,7,Brisbane,536.49,0.0,
ORD-101978,B2B-15987,2025-10-16 16:59:49,2025-10-29 16:59:49,2025-11-03 16:59:49,5,93.13,3,Melbourne,646.88,1.0,Late Delivery
ORD-101979,B2B-10240,2026-02-01 03:26:25,2026-02-09 03:26:25,2026-02-09 03:26:25,0,73.65,7,Perth,327.65,0.0,
ORD-101980,B2B-45330,2025-12-19 22:24:45,2025-12-31 22:24:45,2026-01-01 22:24:45,1,67.42,3,Brisbane,371.39,0.0,
ORD-101981,B2B-83884,2026-02-11 09:05:41,2026-02-19 09:05:41,2026-02-19 09:05:41,0,69.73,7,Perth,339.04,0.0,
ORD-101982,B2B-44951,2025-12-12 18:46:16,2025-12-23 18:46:16,2025-12-21 18:46:16,-2,82.29,3,Melbourne,832.42,0.0,
ORD-101983,B2B-69737,2026-02-16 14:02:18,2026-03-02 14:02:18,2026-03-01 14:02:18,-1,58.52,7,Perth,298.94,0.0,
ORD-101984,B2B-28259,2026-07-11 10:15:05,2026-07-24 10:15:05,2026-07-24 10:15:05,0,77.09,3,Perth,266.36,0.0,
ORD-101985,B2B-99480,2026-06-27 17:03:54,2026-07-06 17:03:54,2026-07-02 17:03:54,-4,57.72,3,Perth,448.58,1.0,Packaging Damage
ORD-101986,B2B-80845,2025-08-27 14:24:53,2025-09-04 14:24:53,2025-09-07 14:24:53,3,79.66,7,Brisbane,385.64,0.0,
ORD-101987,B2B-760,2026-05-14 09:31:35,2026-05-28 09:31:35,2026-05-29 09:31:35,1,80.64,3,Adelaide,248.77,0.0,
ORD-101988,B2B-16506,2026-06-29 14:20:10,2026-07-12 14:20:10,2026-07-17 14:20:10,5,59.01,3,Brisbane,422.23,1.0,Late Delivery
ORD-101989,B2B-25910,2026-02-11 19:47:53,2026-02-23 19:47:53,2026-02-27 19:47:53,4,57.7,3,Melbourne,151.59,0.0,
ORD-101990,B2B-45330,2026-07-28 16:06:59,2026-08-06 16:06:59,2026-08-08 16:06:59,2,70.26,3,Brisbane,371.39,0.0,
ORD-101991,B2B-56564,2026-03-13 10:42:43,2026-03-20 10:42:43,2026-03-20 10:42:43,0,52.85,7,Adelaide,188.33,0.0,
ORD-101992,B2B-91425,2026-04-17 11:00:43,2026-04-26 11:00:43,2026-04-27 11:00:43,1,49.77,3,Brisbane,396.55,0.0,
ORD-101993,B2B-90471,2026-03-01 06:57:44,2026-03-13 06:57:44,2026-03-14 06:57:44,1,75.75,3,Brisbane,681.93,0.0,
ORD-101994,B2B-81277,2026-01-26 02:43:27,2026-02-06 02:43:27,2026-02-08 02:43:27,2,80.15,3,Melbourne,659.12,0.0,
ORD-101995,B2B-24922,2026-03-27 22:41:50,2026-04-05 22:41:50,2026-04-08 22:41:50,3,79.62,7,Melbourne,637.48,0.0,
ORD-101996,B2B-77702,2025-12-31 09:11:49,2026-01-09 09:11:49,2026-01-09 09:11:49,0,74.86,7,Brisbane,154.37,0.0,
ORD-101997,B2B-40839,2026-02-24 15:45:37,2026-03-06 15:45:37,2026-03-06 15:45:37,0,65.14,3,Brisbane,148.87,0.0,
ORD-101998,B2B-35688,2025-12-23 14:36:46,2026-01-06 14:36:46,2026-01-06 14:36:46,0,66.24,7,Adelaide,329.31,0.0,
ORD-101999,B2B-69093,2026-05-15 02:41:31,2026-05-29 02:41:31,2026-06-03 02:41:31,5,72.85,3,Melbourne,464.74,1.0,Late Delivery
ORD-102000,B2B-37007,2026-01-24 03:16:42,2026-02-01 03:16:42,2026-02-04 03:16:42,3,79.2,3,Adelaide,369.48,0.0,
ORD-102001,B2B-32334,2026-07-08 02:25:05,2026-07-18 02:25:05,2026-07-20 02:25:05,2,74.68,3,Perth,496.63,0.0,
ORD-102002,B2B-52943,2025-09-22 21:43:15,2025-10-03 21:43:15,2025-09-30 21:43:15,-3,90.51,7,Melbourne,856.21,0.0,
ORD-102003,B2B-78955,2026-05-30 05:45:04,2026-06-08 05:45:04,2026-06-08 05:45:04,0,52.44,3,Adelaide,132.63,0.0,
ORD-102004,B2B-79534,2025-08-23 02:46:05,2025-09-05 02:46:05,2025-09-07 02:46:05,2,55.0,3,Melbourne,248.84,0.0,
ORD-102005,B2B-15429,2026-05-05 07:22:35,2026-05-13 07:22:35,2026-05-12 07:22:35,-1,78.99,3,Brisbane,682.84,0.0,
ORD-102006,B2B-62271,2026-05-30 17:35:57,2026-06-13 17:35:57,2026-06-13 17:35:57,0,53.68,7,Melbourne,288.22,0.0,
ORD-102007,B2B-76363,2026-05-29 22:28:27,2026-06-07 22:28:27,2026-06-10 22:28:27,3,92.15,7,Melbourne,555.75,0.0,
ORD-102008,B2B-84085,2025-10-06 22:57:16,2025-10-13 22:57:16,2025-10-13 22:57:16,0,71.77,3,Melbourne,454.16,0.0,
ORD-102009,B2B-475,2025-08-10 20:07:30,2025-08-21 20:07:30,2025-08-21 20:07:30,0,52.76,3,Melbourne,206.37,0.0,
ORD-102010,B2B-74695,2026-07-03 13:06:47,2026-07-17 13:06:47,2026-07-23 13:06:47,6,86.39,3,Melbourne,672.08,1.0,Late Delivery
ORD-102011,B2B-5625,2026-07-16 05:56:51,2026-07-28 05:56:51,2026-07-27 05:56:51,-1,96.17,3,Brisbane,674.77,0.0,
ORD-102012,B2B-70880,2025-11-13 13:07:06,2025-11-27 13:07:06,2025-11-27 13:07:06,0,82.58,3,Brisbane,644.27,0.0,
ORD-102013,B2B-23833,2026-01-30 06:15:05,2026-02-13 06:15:05,2026-02-15 06:15:05,2,69.9,3,Melbourne,421.56,1.0,Late Delivery
ORD-102014,B2B-37007,2025-10-25 12:34:04,2025-11-06 12:34:04,2025-11-08 12:34:04,2,83.18,3,Adelaide,369.48,1.0,Late Delivery
ORD-102015,B2B-19214,2026-07-29 00:31:58,2026-08-12 00:31:58,2026-08-09 00:31:58,-3,88.46,7,Melbourne,863.96,0.0,
ORD-102016,B2B-1835,2026-02-09 23:42:55,2026-02-20 23:42:55,2026-02-25 23:42:55,5,106.49,3,Melbourne,675.3,1.0,Late Delivery
ORD-102017,B2B-51284,2026-06-27 13:24:39,2026-07-11 13:24:39,2026-07-11 13:24:39,0,63.34,3,Perth,206.47,0.0,
ORD-102018,B2B-80380,2026-03-04 10:31:40,2026-03-14 10:31:40,2026-03-14 10:31:40,0,72.65,3,Adelaide,545.83,0.0,
ORD-102019,B2B-58097,2026-02-09 20:08:56,2026-02-20 20:08:56,2026-02-20 20:08:56,0,88.47,3,Melbourne,527.36,0.0,
ORD-102020,B2B-83563,2026-01-10 01:35:56,2026-01-22 01:35:56,2026-01-22 01:35:56,0,67.59,3,Perth,472.14,0.0,
ORD-102021,B2B-77702,2026-05-05 10:53:36,2026-05-17 10:53:36,2026-05-17 10:53:36,0,47.54,7,Brisbane,154.37,0.0,
ORD-102022,B2B-41580,2026-01-31 18:58:43,2026-02-11 18:58:43,2026-02-15 18:58:43,4,69.72,7,Brisbane,585.24,0.0,
ORD-102023,B2B-97673,2026-07-02 03:55:19,2026-07-10 03:55:19,2026-07-09 03:55:19,-1,84.54,3,Melbourne,665.56,0.0,
ORD-102024,B2B-72630,2026-07-13 16:17:11,2026-07-26 16:17:11,2026-07-29 16:17:11,3,40.0,3,Brisbane,54.03,0.0,
ORD-102025,B2B-96594,2025-08-22 15:11:12,2025-09-01 15:11:12,2025-09-02 15:11:12,1,63.56,7,Adelaide,317.48,0.0,
ORD-102026,B2B-40178,2025-12-11 03:02:05,2025-12-22 03:02:05,2025-12-20 03:02:05,-2,61.86,3,Melbourne,294.57,0.0,
ORD-102027,B2B-48997,2025-08-26 07:35:40,2025-09-09 07:35:40,2025-09-08 07:35:40,-1,82.05,3,Brisbane,508.18,0.0,
ORD-102028,B2B-55930,2026-02-13 12:35:09,2026-02-25 12:35:09,2026-02-26 12:35:09,1,72.67,3,Adelaide,264.74,0.0,
ORD-102029,B2B-25910,2026-02-12 16:25:56,2026-02-19 16:25:56,2026-02-22 16:25:56,3,52.89,3,Melbourne,151.59,0.0,
ORD-102030,B2B-58497,2026-05-12 07:46:34,2026-05-23 07:46:34,2026-05-24 07:46:34,1,47.01,3,Adelaide,185.01,1.0,Customer Service
ORD-102031,B2B-52738,2026-03-11 19:29:25,2026-03-23 19:29:25,2026-03-23 19:29:25,0,72.23,3,Brisbane,826.49,0.0,
ORD-102032,B2B-43323,2025-12-09 09:22:25,2025-12-23 09:22:25,2025-12-26 09:22:25,3,81.11,7,Melbourne,593.06,0.0,
ORD-102033,B2B-15534,2025-08-27 07:45:47,2025-09-04 07:45:47,2025-09-06 07:45:47,2,69.91,3,Brisbane,688.04,1.0,Late Delivery
ORD-102034,B2B-68919,2026-01-24 20:27:58,2026-01-31 20:27:58,2026-01-30 20:27:58,-1,42.8,7,Adelaide,182.23,0.0,
ORD-102035,B2B-65273,2025-08-28 13:53:00,2025-09-11 13:53:00,2025-09-08 13:53:00,-3,79.68,3,Melbourne,526.64,0.0,
ORD-102036,B2B-70408,2026-07-06 05:24:48,2026-07-13 05:24:48,2026-07-15 05:24:48,2,55.82,3,Brisbane,324.91,0.0,
ORD-102037,B2B-99784,2026-03-17 11:28:20,2026-03-27 11:28:20,2026-03-25 11:28:20,-2,64.01,3,Adelaide,213.77,0.0,
ORD-102038,B2B-5941,2025-09-20 00:20:37,2025-09-27 00:20:37,2025-09-27 00:20:37,0,73.5,3,Melbourne,491.49,0.0,
ORD-102039,B2B-75641,2026-01-13 11:25:03,2026-01-25 11:25:03,2026-01-25 11:25:03,0,52.69,3,Adelaide,39.25,0.0,
ORD-102040,B2B-25537,2025-10-07 02:13:49,2025-10-16 02:13:49,2025-10-18 02:13:49,2,87.03,7,Brisbane,634.04,0.0,
ORD-102041,B2B-97179,2026-02-04 03:46:26,2026-02-18 03:46:26,2026-02-16 03:46:26,-2,99.24,3,Melbourne,566.59,0.0,
ORD-102042,B2B-54897,2025-11-22 01:11:51,2025-12-06 01:11:51,2025-12-06 01:11:51,0,79.69,3,Melbourne,287.59,0.0,
ORD-102043,B2B-77702,2026-06-01 11:56:46,2026-06-10 11:56:46,2026-06-11 11:56:46,1,59.95,7,Brisbane,154.37,0.0,
ORD-102044,B2B-1835,2026-05-29 03:02:54,2026-06-08 03:02:54,2026-06-08 03:02:54,0,85.04,3,Melbourne,675.3,0.0,
ORD-102045,B2B-79866,2025-10-05 14:34:25,2025-10-19 14:34:25,2025-10-20 14:34:25,1,66.56,3,Perth,122.78,0.0,
ORD-102046,B2B-54971,2025-08-26 05:00:23,2025-09-08 05:00:23,2025-09-08 05:00:23,0,50.13,7,Brisbane,147.06,0.0,
ORD-102047,B2B-16506,2026-03-27 20:25:57,2026-04-09 20:25:57,2026-04-10 20:25:57,1,63.58,3,Brisbane,422.23,0.0,
ORD-102048,B2B-56377,2026-04-28 12:19:42,2026-05-05 12:19:42,2026-05-06 12:19:42,1,92.5,3,Perth,536.78,0.0,
ORD-102049,B2B-56126,2025-10-12 14:31:22,2025-10-26 14:31:22,2025-10-21 14:31:22,-5,77.74,3,Adelaide,432.51,0.0,
ORD-102050,B2B-89892,2026-03-20 10:47:48,2026-03-29 10:47:48,2026-03-29 10:47:48,0,57.31,3,Melbourne,259.72,0.0,
ORD-102051,B2B-70992,2025-12-15 09:05:32,2025-12-26 09:05:32,2025-12-25 09:05:32,-1,59.55,7,Melbourne,154.1,0.0,
ORD-102052,B2B-67196,2026-07-06 06:14:53,2026-07-13 06:14:53,2026-07-14 06:14:53,1,57.21,7,Brisbane,206.28,0.0,
ORD-102053,B2B-9272,2025-09-12 23:26:15,2025-09-21 23:26:15,2025-09-21 23:26:15,0,74.18,3,Brisbane,404.59,0.0,
ORD-102054,B2B-27189,2025-12-20 17:52:47,2025-12-31 17:52:47,2025-12-28 17:52:47,-3,90.76,3,Brisbane,532.44,0.0,
ORD-102055,B2B-9272,2026-04-25 22:16:37,2026-05-07 22:16:37,2026-05-09 22:16:37,2,90.79,3,Brisbane,404.59,0.0,
ORD-102056,B2B-9933,2026-01-24 15:18:44,2026-02-01 15:18:44,2026-02-02 15:18:44,1,64.07,7,Adelaide,318.11,0.0,
ORD-102057,B2B-72474,2026-03-15 13:56:07,2026-03-22 13:56:07,2026-03-24 13:56:07,2,67.29,7,Melbourne,663.97,0.0,
ORD-102058,B2B-16185,2026-03-09 23:14:36,2026-03-23 23:14:36,2026-03-23 23:14:36,0,52.97,3,Melbourne,106.42,0.0,
ORD-102059,B2B-25910,2025-09-07 21:54:01,2025-09-19 21:54:01,2025-09-22 21:54:01,3,49.58,3,Melbourne,151.59,0.0,
ORD-102060,B2B-99480,2025-11-27 16:25:28,2025-12-10 16:25:28,2025-12-13 16:25:28,3,92.8,3,Perth,448.58,1.0,Customer Service
ORD-102061,B2B-54971,2026-03-17 16:12:59,2026-03-28 16:12:59,2026-03-29 16:12:59,1,52.68,7,Brisbane,147.06,0.0,
ORD-102062,B2B-9589,2025-10-22 09:04:45,2025-11-05 09:04:45,2025-11-05 09:04:45,0,65.18,3,Brisbane,646.64,0.0,
ORD-102063,B2B-2402,2025-11-08 05:38:40,2025-11-18 05:38:40,2025-11-18 05:38:40,0,64.72,3,Perth,399.68,0.0,
ORD-102064,B2B-80015,2026-02-06 07:29:30,2026-02-17 07:29:30,2026-02-17 07:29:30,0,52.61,3,Perth,168.28,0.0,
ORD-102065,B2B-45936,2025-10-21 04:41:44,2025-10-28 04:41:44,2025-10-25 04:41:44,-3,43.67,3,Perth,315.79,0.0,
ORD-102066,B2B-44050,2026-05-17 13:37:44,2026-05-24 13:37:44,2026-05-26 13:37:44,2,71.27,3,Adelaide,232.02,0.0,
ORD-102067,B2B-21647,2025-09-05 00:10:38,2025-09-16 00:10:38,2025-09-16 00:10:38,0,78.02,3,Perth,378.29,0.0,
ORD-102068,B2B-28602,2026-04-24 08:25:13,2026-05-08 08:25:13,2026-05-10 08:25:13,2,44.41,3,Melbourne,223.1,0.0,
ORD-102069,B2B-69737,2025-12-05 02:05:35,2025-12-19 02:05:35,2025-12-18 02:05:35,-1,63.16,7,Perth,298.94,0.0,
ORD-102070,B2B-33671,2026-02-05 17:40:43,2026-02-16 17:40:43,2026-02-20 17:40:43,4,103.75,7,Brisbane,831.52,1.0,Customer Service
ORD-102071,B2B-43536,2025-10-17 20:41:41,2025-10-25 20:41:41,2025-10-31 20:41:41,6,80.53,3,Melbourne,599.85,1.0,Late Delivery
ORD-102072,B2B-9933,2026-01-24 02:55:23,2026-02-07 02:55:23,2026-02-06 02:55:23,-1,71.2,7,Adelaide,318.11,0.0,
ORD-102073,B2B-8641,2026-01-17 16:42:54,2026-01-26 16:42:54,2026-01-30 16:42:54,4,73.04,3,Melbourne,141.06,1.0,Late Delivery
ORD-102074,B2B-42641,2025-10-02 16:55:53,2025-10-10 16:55:53,2025-10-10 16:55:53,0,57.31,3,Melbourne,304.19,0.0,
ORD-102075,B2B-17175,2025-09-01 14:53:04,2025-09-12 14:53:04,2025-09-12 14:53:04,0,88.72,3,Melbourne,699.29,0.0,
ORD-102076,B2B-75395,2026-02-01 13:32:45,2026-02-13 13:32:45,2026-02-13 13:32:45,0,49.77,7,Brisbane,95.08,0.0,
ORD-102077,B2B-96332,2025-12-25 03:30:26,2026-01-07 03:30:26,2026-01-09 03:30:26,2,59.32,3,Brisbane,296.44,1.0,Late Delivery
ORD-102078,B2B-90351,2025-12-09 22:01:48,2025-12-18 22:01:48,2025-12-19 22:01:48,1,40.48,7,Perth,64.85,0.0,
ORD-102079,B2B-88555,2026-05-15 05:44:46,2026-05-22 05:44:46,2026-05-21 05:44:46,-1,69.92,3,Brisbane,560.64,0.0,
ORD-102080,B2B-9272,2026-03-13 00:07:21,2026-03-23 00:07:21,2026-03-22 00:07:21,-1,56.37,3,Brisbane,404.59,0.0,
ORD-102081,B2B-54070,2025-07-31 08:14:42,2025-08-10 08:14:42,2025-08-13 08:14:42,3,62.47,3,Brisbane,415.03,1.0,Customer Service
ORD-102082,B2B-52106,2025-12-14 09:22:56,2025-12-26 09:22:56,2025-12-26 09:22:56,0,77.61,3,Brisbane,665.15,0.0,
ORD-102083,B2B-916,2025-08-11 22:38:55,2025-08-25 22:38:55,2025-08-25 22:38:55,0,56.75,3,Melbourne,189.92,0.0,
ORD-102084,B2B-1575,2025-09-15 08:56:20,2025-09-28 08:56:20,2025-09-27 08:56:20,-1,67.34,3,Adelaide,313.76,0.0,
ORD-102085,B2B-17520,2025-12-30 10:42:13,2026-01-08 10:42:13,2026-01-07 10:42:13,-1,44.36,7,Melbourne,74.84,0.0,
ORD-102086,B2B-8641,2025-11-24 14:19:33,2025-12-04 14:19:33,2025-12-02 14:19:33,-2,39.08,3,Melbourne,141.06,0.0,
ORD-102087,B2B-4727,2026-07-21 09:27:04,2026-07-29 09:27:04,2026-07-27 09:27:04,-2,93.64,7,Adelaide,619.93,0.0,
ORD-102088,B2B-34252,2025-10-04 08:25:55,2025-10-16 08:25:55,2025-10-14 08:25:55,-2,74.02,3,Brisbane,310.33,0.0,
ORD-102089,B2B-68135,2025-12-12 05:47:14,2025-12-23 05:47:14,2025-12-24 05:47:14,1,87.94,7,Brisbane,706.94,0.0,
ORD-102090,B2B-68212,2026-01-21 05:15:20,2026-02-04 05:15:20,2026-02-01 05:15:20,-3,57.04,3,Adelaide,41.47,0.0,
ORD-102091,B2B-80168,2025-12-10 10:38:56,2025-12-22 10:38:56,2025-12-25 10:38:56,3,71.29,3,Brisbane,467.72,0.0,
ORD-102092,B2B-17624,2026-03-09 14:28:42,2026-03-18 14:28:42,2026-03-19 14:28:42,1,57.73,3,Brisbane,231.66,0.0,
ORD-102093,B2B-70408,2026-05-24 07:27:22,2026-06-01 07:27:22,2026-06-02 07:27:22,1,56.11,3,Brisbane,324.91,0.0,
ORD-102094,B2B-46368,2026-01-14 10:05:27,2026-01-22 10:05:27,2026-01-24 10:05:27,2,70.04,7,Brisbane,226.22,0.0,
ORD-102095,B2B-87571,2025-12-13 03:35:45,2025-12-22 03:35:45,2025-12-21 03:35:45,-1,54.64,3,Perth,271.95,0.0,
ORD-102096,B2B-27189,2026-01-11 04:59:03,2026-01-20 04:59:03,2026-01-20 04:59:03,0,64.37,3,Brisbane,532.44,0.0,
ORD-102097,B2B-77707,2025-09-28 21:31:30,2025-10-12 21:31:30,2025-10-12 21:31:30,0,71.3,3,Melbourne,132.1,0.0,
ORD-102098,B2B-17175,2026-01-07 05:49:00,2026-01-19 05:49:00,2026-01-18 05:49:00,-1,99.8,3,Melbourne,699.29,0.0,
ORD-102099,B2B-1835,2025-08-12 18:35:43,2025-08-25 18:35:43,2025-08-25 18:35:43,0,60.19,3,Melbourne,675.3,0.0,
ORD-102100,B2B-760,2026-02-04 23:46:44,2026-02-12 23:46:44,2026-02-11 23:46:44,-1,48.15,3,Adelaide,248.77,0.0,
ORD-102101,B2B-30230,2026-06-28 01:50:38,2026-07-08 01:50:38,2026-07-07 01:50:38,-1,92.16,3,Brisbane,742.12,0.0,
ORD-102102,B2B-96058,2026-03-29 08:21:20,2026-04-11 08:21:20,2026-04-13 08:21:20,2,67.5,7,Melbourne,216.57,0.0,
ORD-102103,B2B-47208,2025-11-29 11:29:24,2025-12-09 11:29:24,2025-12-06 11:29:24,-3,77.84,3,Melbourne,563.28,0.0,
ORD-102104,B2B-41706,2026-04-18 09:49:33,2026-04-25 09:49:33,2026-04-21 09:49:33,-4,45.17,7,Adelaide,65.65,0.0,
ORD-102105,B2B-53585,2025-12-28 13:33:44,2026-01-06 13:33:44,2026-01-04 13:33:44,-2,74.09,7,Adelaide,277.3,0.0,
ORD-102106,B2B-54672,2026-04-23 04:49:08,2026-04-30 04:49:08,2026-04-30 04:49:08,0,85.26,3,Melbourne,550.57,0.0,
ORD-102107,B2B-4919,2025-11-11 16:02:29,2025-11-24 16:02:29,2025-11-25 16:02:29,1,54.46,3,Perth,100.95,0.0,
ORD-102108,B2B-28602,2026-03-08 04:10:43,2026-03-17 04:10:43,2026-03-20 04:10:43,3,63.96,3,Melbourne,223.1,1.0,Late Delivery
ORD-102109,B2B-41230,2025-12-10 14:16:21,2025-12-22 14:16:21,2025-12-20 14:16:21,-2,65.67,3,Adelaide,106.34,0.0,
ORD-102110,B2B-36364,2026-01-09 17:27:01,2026-01-22 17:27:01,2026-01-24 17:27:01,2,66.12,3,Brisbane,450.6,0.0,
ORD-102111,B2B-5963,2025-11-05 08:47:35,2025-11-16 08:47:35,2025-11-19 08:47:35,3,81.27,3,Brisbane,539.47,0.0,
ORD-102112,B2B-42372,2025-10-19 12:48:46,2025-11-02 12:48:46,2025-11-03 12:48:46,1,54.82,3,Melbourne,306.08,0.0,
ORD-102113,B2B-44861,2026-01-21 15:28:07,2026-01-31 15:28:07,2026-01-29 15:28:07,-2,66.76,3,Perth,329.47,0.0,
ORD-102114,B2B-53585,2025-09-23 21:00:12,2025-10-07 21:00:12,2025-10-08 21:00:12,1,44.21,7,Adelaide,277.3,0.0,
ORD-102115,B2B-38826,2026-07-05 15:29:28,2026-07-19 15:29:28,2026-07-19 15:29:28,0,82.97,7,Brisbane,536.49,0.0,
ORD-102116,B2B-86270,2025-08-26 01:11:42,2025-09-06 01:11:42,2025-09-06 01:11:42,0,83.6,3,Melbourne,535.47,0.0,
ORD-102117,B2B-86465,2025-09-12 05:34:13,2025-09-22 05:34:13,2025-09-21 05:34:13,-1,67.87,7,Brisbane,662.66,0.0,
ORD-102118,B2B-45936,2025-10-21 19:51:57,2025-10-30 19:51:57,2025-11-02 19:51:57,3,49.0,3,Perth,315.79,1.0,Late Delivery
ORD-102119,B2B-44050,2026-05-02 23:20:31,2026-05-14 23:20:31,2026-05-14 23:20:31,0,55.39,3,Adelaide,232.02,0.0,
ORD-102120,B2B-52072,2026-07-18 09:32:20,2026-07-28 09:32:20,2026-08-01 09:32:20,4,66.18,7,Brisbane,696.94,0.0,
ORD-102121,B2B-39956,2026-03-25 09:15:47,2026-04-05 09:15:47,2026-04-07 09:15:47,2,78.34,3,Brisbane,298.72,1.0,Late Delivery
ORD-102122,B2B-42643,2025-11-10 04:37:11,2025-11-21 04:37:11,2025-11-19 04:37:11,-2,64.46,3,Brisbane,334.58,0.0,
ORD-102123,B2B-70586,2026-07-24 09:55:39,2026-08-05 09:55:39,2026-08-04 09:55:39,-1,88.83,7,Adelaide,271.32,0.0,
ORD-102124,B2B-12409,2026-04-14 16:54:28,2026-04-27 16:54:28,2026-04-27 16:54:28,0,61.9,7,Adelaide,200.39,0.0,
ORD-102125,B2B-60586,2026-02-16 11:51:55,2026-02-26 11:51:55,2026-02-20 11:51:55,-6,76.72,3,Brisbane,738.48,0.0,
ORD-102126,B2B-69353,2025-10-16 18:31:27,2025-10-25 18:31:27,2025-10-25 18:31:27,0,46.4,3,Brisbane,80.41,0.0,
ORD-102127,B2B-76315,2025-12-16 03:22:30,2025-12-24 03:22:30,2025-12-23 03:22:30,-1,87.36,3,Melbourne,617.5,0.0,
ORD-102128,B2B-97922,2026-05-12 19:38:58,2026-05-26 19:38:58,2026-05-24 19:38:58,-2,92.77,7,Brisbane,843.37,0.0,
ORD-102129,B2B-89419,2026-03-18 05:02:55,2026-04-01 05:02:55,2026-03-31 05:02:55,-1,68.95,7,Perth,495.82,0.0,
ORD-102130,B2B-92368,2026-02-22 23:17:45,2026-03-04 23:17:45,2026-03-05 23:17:45,1,58.26,3,Brisbane,113.13,0.0,
ORD-102131,B2B-55930,2026-07-24 22:29:31,2026-08-05 22:29:31,2026-08-05 22:29:31,0,74.45,3,Adelaide,264.74,0.0,
ORD-102132,B2B-13926,2026-07-08 14:49:04,2026-07-16 14:49:04,2026-07-18 14:49:04,2,71.23,3,Brisbane,662.59,1.0,Customer Service
ORD-102133,B2B-41580,2026-05-03 04:41:37,2026-05-17 04:41:37,2026-05-17 04:41:37,0,67.52,7,Brisbane,585.24,0.0,
ORD-102134,B2B-35757,2026-06-23 12:25:48,2026-07-04 12:25:48,2026-07-04 12:25:48,0,59.27,3,Perth,153.49,0.0,
ORD-102135,B2B-1715,2025-10-11 04:35:18,2025-10-20 04:35:18,2025-10-20 04:35:18,0,69.18,7,Melbourne,321.45,0.0,
ORD-102136,B2B-28688,2026-06-27 22:32:16,2026-07-05 22:32:16,2026-07-04 22:32:16,-1,82.29,3,Perth,477.49,0.0,
ORD-102137,B2B-83887,2026-01-04 09:48:21,2026-01-12 09:48:21,2026-01-13 09:48:21,1,32.68,7,Brisbane,45.19,0.0,
ORD-102138,B2B-62355,2026-05-31 09:30:30,2026-06-12 09:30:30,2026-06-12 09:30:30,0,49.21,3,Adelaide,200.8,0.0,
ORD-102139,B2B-916,2026-04-25 12:41:19,2026-05-04 12:41:19,2026-05-04 12:41:19,0,68.27,3,Melbourne,189.92,0.0,
ORD-102140,B2B-3029,2025-12-10 06:59:02,2025-12-22 06:59:02,2025-12-26 06:59:02,4,57.05,3,Adelaide,244.75,1.0,Late Delivery
ORD-102141,B2B-86225,2025-09-08 21:46:29,2025-09-19 21:46:29,2025-09-17 21:46:29,-2,78.05,3,Perth,237.6,0.0,
ORD-102142,B2B-824,2026-05-19 00:20:01,2026-06-02 00:20:01,2026-05-31 00:20:01,-2,37.47,7,Brisbane,210.68,0.0,
ORD-102143,B2B-20315,2026-06-12 16:39:27,2026-06-19 16:39:27,2026-06-20 16:39:27,1,64.6,3,Perth,92.54,0.0,
ORD-102144,B2B-75594,2026-04-26 19:34:26,2026-05-08 19:34:26,2026-05-10 19:34:26,2,75.7,3,Perth,237.46,1.0,Late Delivery
ORD-102145,B2B-85301,2026-03-03 06:50:57,2026-03-16 06:50:57,2026-03-17 06:50:57,1,67.44,7,Brisbane,149.09,0.0,
ORD-102146,B2B-65614,2025-10-02 12:57:37,2025-10-11 12:57:37,2025-10-12 12:57:37,1,80.25,3,Melbourne,319.56,0.0,
ORD-102147,B2B-42641,2025-12-16 16:52:00,2025-12-26 16:52:00,2025-12-26 16:52:00,0,63.77,3,Melbourne,304.19,0.0,
ORD-102148,B2B-76032,2026-05-04 22:20:21,2026-05-18 22:20:21,2026-05-20 22:20:21,2,85.16,3,Melbourne,668.56,0.0,
ORD-102149,B2B-55596,2026-07-06 15:47:43,2026-07-19 15:47:43,2026-07-20 15:47:43,1,64.55,3,Brisbane,37.19,1.0,Late Delivery
ORD-102150,B2B-34949,2025-11-25 01:51:14,2025-12-03 01:51:14,2025-12-05 01:51:14,2,59.99,3,Adelaide,297.34,0.0,
ORD-102151,B2B-68919,2026-02-01 02:13:03,2026-02-13 02:13:03,2026-02-12 02:13:03,-1,68.09,7,Adelaide,182.23,0.0,
ORD-102152,B2B-72466,2026-04-09 12:19:29,2026-04-17 12:19:29,2026-04-16 12:19:29,-1,71.43,3,Perth,270.49,0.0,
ORD-102153,B2B-52738,2025-09-04 15:18:30,2025-09-13 15:18:30,2025-09-14 15:18:30,1,110.97,3,Brisbane,826.49,0.0,
ORD-102154,B2B-39539,2026-01-25 14:09:07,2026-02-08 14:09:07,2026-02-07 14:09:07,-1,78.68,3,Brisbane,614.75,0.0,
ORD-102155,B2B-16020,2025-11-21 07:03:56,2025-12-01 07:03:56,2025-12-01 07:03:56,0,46.21,3,Adelaide,32.56,0.0,
ORD-102156,B2B-71321,2026-03-16 09:00:46,2026-03-26 09:00:46,2026-03-27 09:00:46,1,66.03,7,Melbourne,460.1,0.0,
ORD-102157,B2B-82260,2026-05-19 19:20:47,2026-05-28 19:20:47,2026-05-28 19:20:47,0,80.29,7,Melbourne,634.11,0.0,
ORD-102158,B2B-68919,2025-12-14 19:19:09,2025-12-22 19:19:09,2025-12-22 19:19:09,0,53.49,7,Adelaide,182.23,0.0,
ORD-102159,B2B-92314,2026-07-24 08:17:34,2026-08-05 08:17:34,2026-08-04 08:17:34,-1,52.0,3,Adelaide,119.55,0.0,
ORD-102160,B2B-99085,2025-12-20 09:51:24,2026-01-01 09:51:24,2025-12-28 09:51:24,-4,82.8,7,Melbourne,721.6,0.0,
ORD-102161,B2B-1715,2025-09-29 18:35:36,2025-10-07 18:35:36,2025-10-05 18:35:36,-2,57.48,7,Melbourne,321.45,0.0,
ORD-102162,B2B-9928,2026-01-05 11:10:55,2026-01-15 11:10:55,2026-01-15 11:10:55,0,54.94,3,Perth,85.7,0.0,
ORD-102163,B2B-1530,2026-01-28 10:26:05,2026-02-06 10:26:05,2026-02-07 10:26:05,1,48.22,3,Brisbane,38.68,0.0,
ORD-102164,B2B-26090,2026-01-05 22:59:37,2026-01-15 22:59:37,2026-01-15 22:59:37,0,80.0,7,Melbourne,685.13,0.0,
ORD-102165,B2B-3524,2026-03-18 04:39:15,2026-03-28 04:39:15,2026-03-30 04:39:15,2,63.87,3,Melbourne,100.69,0.0,
ORD-102166,B2B-68467,2025-10-01 21:07:06,2025-10-13 21:07:06,2025-10-13 21:07:06,0,64.33,3,Brisbane,288.51,0.0,
ORD-102167,B2B-13496,2025-08-30 20:18:56,2025-09-09 20:18:56,2025-09-09 20:18:56,0,80.04,3,Melbourne,404.5,0.0,
ORD-102168,B2B-40989,2026-04-25 11:47:56,2026-05-02 11:47:56,2026-04-30 11:47:56,-2,80.01,7,Perth,252.61,0.0,
ORD-102169,B2B-24126,2025-08-29 22:21:24,2025-09-08 22:21:24,2025-09-08 22:21:24,0,63.46,3,Adelaide,180.35,0.0,
ORD-102170,B2B-89062,2026-07-01 21:58:21,2026-07-15 21:58:21,2026-07-15 21:58:21,0,59.44,7,Perth,129.41,0.0,
ORD-102171,B2B-36952,2026-06-17 19:55:48,2026-06-29 19:55:48,2026-07-02 19:55:48,3,72.76,7,Melbourne,659.01,0.0,
ORD-102172,B2B-25226,2025-09-22 20:27:03,2025-10-02 20:27:03,2025-10-04 20:27:03,2,54.43,3,Melbourne,147.8,0.0,
ORD-102173,B2B-41580,2025-11-19 00:32:34,2025-12-02 00:32:34,2025-12-02 00:32:34,0,105.33,7,Brisbane,585.24,0.0,
ORD-102174,B2B-26090,2025-11-28 22:37:55,2025-12-05 22:37:55,2025-12-08 22:37:55,3,86.44,7,Melbourne,685.13,0.0,
ORD-102175,B2B-5963,2025-11-05 17:19:54,2025-11-16 17:19:54,2025-11-16 17:19:54,0,69.04,3,Brisbane,539.47,0.0,
ORD-102176,B2B-77067,2025-08-02 14:13:37,2025-08-15 14:13:37,2025-08-15 14:13:37,0,64.23,7,Melbourne,322.91,0.0,
ORD-102177,B2B-52072,2026-02-10 16:43:43,2026-02-24 16:43:43,2026-02-21 16:43:43,-3,81.65,7,Brisbane,696.94,0.0,
ORD-102178,B2B-45405,2026-04-08 05:10:16,2026-04-19 05:10:16,2026-04-19 05:10:16,0,76.93,7,Melbourne,705.59,0.0,
ORD-102179,B2B-83562,2026-07-17 02:09:13,2026-07-24 02:09:13,2026-07-23 02:09:13,-1,54.67,7,Brisbane,229.29,0.0,
ORD-102180,B2B-24529,2025-08-13 19:18:47,2025-08-23 19:18:47,2025-08-27 19:18:47,4,73.2,3,Brisbane,628.53,1.0,Late Delivery
ORD-102181,B2B-24529,2026-02-26 11:38:28,2026-03-10 11:38:28,2026-03-15 11:38:28,5,62.2,3,Brisbane,628.53,0.0,
ORD-102182,B2B-96173,2026-01-01 09:04:44,2026-01-13 09:04:44,2026-01-15 09:04:44,2,75.84,3,Melbourne,452.85,0.0,
ORD-102183,B2B-87026,2025-11-09 10:52:14,2025-11-22 10:52:14,2025-11-21 10:52:14,-1,48.51,3,Melbourne,149.38,0.0,
ORD-102184,B2B-11265,2026-02-04 09:20:04,2026-02-14 09:20:04,2026-02-16 09:20:04,2,71.39,3,Brisbane,241.54,0.0,
ORD-102185,B2B-41547,2026-06-23 13:34:18,2026-07-04 13:34:18,2026-07-06 13:34:18,2,75.27,3,Brisbane,272.28,0.0,
ORD-102186,B2B-96462,2026-01-25 15:43:38,2026-02-01 15:43:38,2026-01-30 15:43:38,-2,54.93,3,Brisbane,172.15,0.0,
ORD-102187,B2B-41869,2025-08-13 14:31:45,2025-08-21 14:31:45,2025-08-21 14:31:45,0,87.88,7,Brisbane,608.63,0.0,
ORD-102188,B2B-5941,2025-11-22 11:21:54,2025-11-29 11:21:54,2025-11-27 11:21:54,-2,96.51,3,Melbourne,491.49,0.0,
ORD-102189,B2B-88555,2025-09-01 17:14:59,2025-09-13 17:14:59,2025-09-13 17:14:59,0,74.41,3,Brisbane,560.64,0.0,
ORD-102190,B2B-76363,2025-11-14 09:52:10,2025-11-22 09:52:10,2025-11-23 09:52:10,1,59.1,7,Melbourne,555.75,1.0,Late Delivery
ORD-102191,B2B-93779,2026-04-24 00:49:48,2026-05-08 00:49:48,2026-05-13 00:49:48,5,62.69,3,Adelaide,182.39,1.0,Late Delivery
ORD-102192,B2B-88998,2026-05-18 03:25:02,2026-05-27 03:25:02,2026-06-01 03:25:02,5,92.55,3,Brisbane,653.07,1.0,Late Delivery
ORD-102193,B2B-8713,2026-02-10 05:49:49,2026-02-17 05:49:49,2026-02-16 05:49:49,-1,73.18,3,Perth,254.25,0.0,
ORD-102194,B2B-24971,2026-01-19 16:04:14,2026-01-26 16:04:14,2026-01-26 16:04:14,0,69.49,3,Melbourne,288.01,0.0,
ORD-102195,B2B-28259,2025-11-21 14:02:26,2025-12-03 14:02:26,2025-12-02 14:02:26,-1,65.39,3,Perth,266.36,0.0,
ORD-102196,B2B-37007,2026-04-10 03:53:46,2026-04-21 03:53:46,2026-04-19 03:53:46,-2,74.55,3,Adelaide,369.48,0.0,
ORD-102197,B2B-91425,2026-04-13 19:40:57,2026-04-27 19:40:57,2026-04-27 19:40:57,0,61.33,3,Brisbane,396.55,0.0,
ORD-102198,B2B-75357,2026-05-10 11:39:37,2026-05-22 11:39:37,2026-05-22 11:39:37,0,84.02,3,Perth,507.79,0.0,
ORD-102199,B2B-46396,2026-01-25 14:19:44,2026-02-07 14:19:44,2026-02-07 14:19:44,0,70.37,7,Adelaide,251.37,0.0,
ORD-102200,B2B-54672,2026-05-29 20:13:05,2026-06-08 20:13:05,2026-06-08 20:13:05,0,91.45,3,Melbourne,550.57,0.0,
ORD-102201,B2B-916,2025-11-08 12:57:29,2025-11-16 12:57:29,2025-11-18 12:57:29,2,65.87,3,Melbourne,189.92,0.0,
ORD-102202,B2B-69672,2025-09-14 16:20:42,2025-09-24 16:20:42,2025-09-25 16:20:42,1,59.89,7,Brisbane,117.85,0.0,
ORD-102203,B2B-68218,2025-08-09 00:07:15,2025-08-21 00:07:15,2025-08-23 00:07:15,2,48.09,3,Melbourne,117.02,1.0,Customer Service
ORD-102204,B2B-98544,2025-11-12 11:02:06,2025-11-25 11:02:06,2025-11-25 11:02:06,0,57.56,7,Perth,332.42,0.0,
ORD-102205,B2B-62940,2026-04-10 09:19:08,2026-04-19 09:19:08,2026-04-21 09:19:08,2,56.47,3,Perth,79.42,0.0,
ORD-102206,B2B-76363,2026-04-02 19:05:45,2026-04-15 19:05:45,2026-04-17 19:05:45,2,82.56,7,Melbourne,555.75,0.0,
ORD-102207,B2B-69495,2026-06-04 01:56:42,2026-06-13 01:56:42,2026-06-10 01:56:42,-3,41.79,3,Adelaide,147.01,0.0,
ORD-102208,B2B-11884,2025-11-21 09:46:35,2025-12-04 09:46:35,2025-12-05 09:46:35,1,76.6,3,Brisbane,732.96,0.0,
ORD-102209,B2B-3443,2026-03-14 14:40:17,2026-03-24 14:40:17,2026-03-25 14:40:17,1,60.27,3,Adelaide,221.32,0.0,
ORD-102210,B2B-28120,2026-03-13 20:46:39,2026-03-27 20:46:39,2026-03-27 20:46:39,0,57.08,3,Perth,444.72,0.0,
ORD-102211,B2B-24999,2026-02-01 01:42:32,2026-02-15 01:42:32,2026-02-15 01:42:32,0,76.34,7,Melbourne,573.77,0.0,
ORD-102212,B2B-42372,2025-11-24 01:09:45,2025-12-06 01:09:45,2025-12-06 01:09:45,0,71.92,3,Melbourne,306.08,0.0,
ORD-102213,B2B-39956,2026-07-01 12:36:36,2026-07-11 12:36:36,2026-07-11 12:36:36,0,67.23,3,Brisbane,298.72,0.0,
ORD-102214,B2B-99547,2025-08-28 11:31:00,2025-09-05 11:31:00,2025-09-02 11:31:00,-3,54.9,3,Perth,179.33,0.0,
ORD-102215,B2B-52871,2026-02-01 00:30:38,2026-02-14 00:30:38,2026-02-13 00:30:38,-1,86.93,3,Melbourne,625.46,0.0,
ORD-102216,B2B-19407,2026-02-16 05:33:53,2026-02-28 05:33:53,2026-03-01 05:33:53,1,63.7,3,Perth,308.14,0.0,
ORD-102217,B2B-4182,2026-07-31 08:02:33,2026-08-10 08:02:33,2026-08-12 08:02:33,2,85.36,3,Melbourne,385.92,1.0,Late Delivery
ORD-102218,B2B-38398,2026-07-17 22:16:56,2026-07-26 22:16:56,2026-07-26 22:16:56,0,77.04,3,Brisbane,610.12,0.0,
ORD-102219,B2B-2402,2025-10-15 12:23:14,2025-10-27 12:23:14,2025-10-23 12:23:14,-4,86.81,3,Perth,399.68,0.0,
ORD-102220,B2B-6304,2025-08-04 01:48:05,2025-08-16 01:48:05,2025-08-19 01:48:05,3,71.02,3,Brisbane,299.5,0.0,
ORD-102221,B2B-20143,2026-05-16 04:53:06,2026-05-30 04:53:06,2026-05-30 04:53:06,0,74.2,3,Brisbane,477.8,0.0,
ORD-102222,B2B-469,2026-03-05 14:57:26,2026-03-18 14:57:26,2026-03-16 14:57:26,-2,88.12,7,Brisbane,568.96,0.0,
ORD-102223,B2B-21199,2025-12-01 01:38:54,2025-12-10 01:38:54,2025-12-09 01:38:54,-1,48.38,3,Adelaide,136.6,0.0,
ORD-102224,B2B-24909,2025-11-29 13:34:13,2025-12-08 13:34:13,2025-12-06 13:34:13,-2,78.05,3,Melbourne,303.24,0.0,
ORD-102225,B2B-69678,2026-07-13 02:45:25,2026-07-24 02:45:25,2026-07-25 02:45:25,1,42.9,3,Melbourne,207.28,1.0,Late Delivery
ORD-102226,B2B-41706,2025-08-01 07:14:58,2025-08-13 07:14:58,2025-08-13 07:14:58,0,38.44,7,Adelaide,65.65,0.0,
ORD-102227,B2B-54346,2025-12-25 19:17:15,2026-01-03 19:17:15,2025-12-31 19:17:15,-3,88.37,7,Melbourne,648.51,0.0,
ORD-102228,B2B-42372,2026-05-03 10:54:00,2026-05-16 10:54:00,2026-05-16 10:54:00,0,78.91,3,Melbourne,306.08,0.0,
ORD-102229,B2B-475,2025-08-10 16:50:01,2025-08-23 16:50:01,2025-08-24 16:50:01,1,35.36,3,Melbourne,206.37,0.0,
ORD-102230,B2B-96058,2026-02-20 16:20:35,2026-02-28 16:20:35,2026-03-03 16:20:35,3,57.98,7,Melbourne,216.57,1.0,Customer Service
ORD-102231,B2B-9412,2025-12-18 17:09:27,2025-12-27 17:09:27,2025-12-25 17:09:27,-2,59.12,3,Perth,353.19,0.0,
ORD-102232,B2B-2258,2025-11-01 07:22:18,2025-11-14 07:22:18,2025-11-11 07:22:18,-3,71.03,3,Brisbane,331.68,0.0,
ORD-102233,B2B-64472,2025-09-03 10:51:05,2025-09-14 10:51:05,2025-09-17 10:51:05,3,81.66,3,Melbourne,409.98,0.0,
ORD-102234,B2B-9272,2025-08-07 23:04:50,2025-08-17 23:04:50,2025-08-19 23:04:50,2,70.32,3,Brisbane,404.59,0.0,
ORD-102235,B2B-24922,2026-03-22 08:33:34,2026-04-02 08:33:34,2026-04-04 08:33:34,2,93.41,7,Melbourne,637.48,0.0,
ORD-102236,B2B-95375,2025-12-21 16:17:34,2025-12-31 16:17:34,2025-12-31 16:17:34,0,39.22,3,Perth,62.32,0.0,
ORD-102237,B2B-15534,2025-08-09 00:05:46,2025-08-22 00:05:46,2025-08-22 00:05:46,0,87.64,3,Brisbane,688.04,0.0,
ORD-102238,B2B-97673,2025-09-10 17:21:26,2025-09-20 17:21:26,2025-09-20 17:21:26,0,104.87,3,Melbourne,665.56,0.0,
ORD-102239,B2B-55930,2026-04-09 19:47:14,2026-04-21 19:47:14,2026-04-24 19:47:14,3,71.06,3,Adelaide,264.74,0.0,
ORD-102240,B2B-77562,2026-03-28 20:47:58,2026-04-07 20:47:58,2026-04-06 20:47:58,-1,67.09,7,Perth,194.73,0.0,
ORD-102241,B2B-89899,2026-03-28 02:20:47,2026-04-10 02:20:47,2026-04-10 02:20:47,0,70.3,3,Brisbane,618.63,0.0,
ORD-102242,B2B-15563,2026-05-06 07:37:09,2026-05-15 07:37:09,2026-05-15 07:37:09,0,89.31,7,Brisbane,559.64,0.0,
ORD-102243,B2B-41054,2026-03-10 16:06:02,2026-03-23 16:06:02,2026-03-22 16:06:02,-1,81.59,7,Perth,470.71,0.0,
ORD-102244,B2B-41024,2026-05-29 12:35:02,2026-06-06 12:35:02,2026-06-06 12:35:02,0,74.89,3,Brisbane,433.53,0.0,
ORD-102245,B2B-68087,2025-09-25 14:34:30,2025-10-08 14:34:30,2025-10-10 14:34:30,2,44.37,7,Adelaide,89.38,0.0,
ORD-102246,B2B-84982,2026-04-24 06:45:52,2026-05-07 06:45:52,2026-05-07 06:45:52,0,41.29,3,Adelaide,168.92,0.0,
ORD-102247,B2B-12689,2026-06-06 08:25:17,2026-06-14 08:25:17,2026-06-13 08:25:17,-1,48.93,7,Melbourne,125.28,0.0,
ORD-102248,B2B-24922,2025-12-30 23:55:42,2026-01-11 23:55:42,2026-01-11 23:55:42,0,100.77,7,Melbourne,637.48,0.0,
ORD-102249,B2B-1575,2026-06-09 18:39:45,2026-06-17 18:39:45,2026-06-16 18:39:45,-1,67.9,3,Adelaide,313.76,0.0,
ORD-102250,B2B-13933,2026-02-10 00:07:08,2026-02-20 00:07:08,2026-02-21 00:07:08,1,69.09,3,Adelaide,265.59,0.0,
ORD-102251,B2B-11884,2026-03-29 09:39:54,2026-04-11 09:39:54,2026-04-11 09:39:54,0,99.95,3,Brisbane,732.96,0.0,
ORD-102252,B2B-57770,2026-07-27 12:15:53,2026-08-10 12:15:53,2026-08-14 12:15:53,4,79.03,3,Perth,398.92,1.0,Late Delivery
ORD-102253,B2B-26090,2026-03-09 10:38:47,2026-03-17 10:38:47,2026-03-19 10:38:47,2,71.07,7,Melbourne,685.13,0.0,
ORD-102254,B2B-70992,2026-03-14 09:25:52,2026-03-21 09:25:52,2026-03-21 09:25:52,0,49.35,7,Melbourne,154.1,0.0,
ORD-102255,B2B-72630,2026-03-08 00:05:45,2026-03-21 00:05:45,2026-03-21 00:05:45,0,53.25,3,Brisbane,54.03,0.0,
ORD-102256,B2B-37132,2026-03-02 01:04:04,2026-03-16 01:04:04,2026-03-16 01:04:04,0,90.5,7,Melbourne,667.08,0.0,
ORD-102257,B2B-58252,2026-06-02 17:56:40,2026-06-12 17:56:40,2026-06-13 17:56:40,1,66.19,3,Melbourne,190.25,0.0,
ORD-102258,B2B-96594,2025-09-23 23:40:12,2025-10-07 23:40:12,2025-10-07 23:40:12,0,76.18,7,Adelaide,317.48,0.0,
ORD-102259,B2B-83562,2025-09-05 04:20:25,2025-09-18 04:20:25,2025-09-17 04:20:25,-1,51.99,7,Brisbane,229.29,0.0,
ORD-102260,B2B-12858,2026-07-06 17:48:36,2026-07-20 17:48:36,2026-07-20 17:48:36,0,78.15,7,Brisbane,294.08,0.0,
ORD-102261,B2B-2258,2026-07-15 15:19:00,2026-07-27 15:19:00,2026-07-28 15:19:00,1,64.5,3,Brisbane,331.68,0.0,
ORD-102262,B2B-46396,2026-01-16 17:32:39,2026-01-25 17:32:39,2026-01-30 17:32:39,5,72.35,7,Adelaide,251.37,1.0,Customer Service
ORD-102263,B2B-22033,2025-08-20 11:40:48,2025-08-29 11:40:48,2025-08-31 11:40:48,2,61.58,7,Perth,271.03,0.0,
ORD-102264,B2B-11884,2025-12-27 04:48:17,2026-01-03 04:48:17,2025-12-30 04:48:17,-4,77.14,3,Brisbane,732.96,0.0,
ORD-102265,B2B-26819,2025-08-25 23:57:38,2025-09-08 23:57:38,2025-09-11 23:57:38,3,38.09,7,Brisbane,325.12,0.0,
ORD-102266,B2B-83353,2026-01-25 05:05:31,2026-02-01 05:05:31,2026-01-29 05:05:31,-3,77.48,3,Melbourne,532.96,0.0,
ORD-102267,B2B-64472,2025-09-17 10:46:01,2025-09-26 10:46:01,2025-10-01 10:46:01,5,59.47,3,Melbourne,409.98,1.0,Late Delivery
ORD-102268,B2B-17175,2026-06-26 16:41:10,2026-07-04 16:41:10,2026-07-04 16:41:10,0,104.82,3,Melbourne,699.29,0.0,
ORD-102269,B2B-16719,2026-02-22 06:02:34,2026-03-01 06:02:34,2026-03-04 06:02:34,3,53.17,7,Perth,326.27,0.0,
ORD-102270,B2B-21700,2025-09-22 18:50:31,2025-10-01 18:50:31,2025-10-01 18:50:31,0,63.89,3,Perth,314.43,0.0,
ORD-102271,B2B-34427,2026-06-07 20:31:41,2026-06-18 20:31:41,2026-06-18 20:31:41,0,64.31,3,Brisbane,212.11,0.0,
ORD-102272,B2B-55207,2026-03-11 03:47:11,2026-03-21 03:47:11,2026-03-23 03:47:11,2,70.17,3,Brisbane,245.68,0.0,
ORD-102273,B2B-45330,2025-08-28 10:21:14,2025-09-10 10:21:14,2025-09-10 10:21:14,0,52.76,3,Brisbane,371.39,0.0,
ORD-102274,B2B-25749,2025-09-19 02:27:35,2025-10-03 02:27:35,2025-10-01 02:27:35,-2,48.86,7,Perth,212.64,0.0,
ORD-102275,B2B-11435,2025-12-29 21:10:13,2026-01-08 21:10:13,2026-01-09 21:10:13,1,58.67,7,Melbourne,298.71,0.0,
ORD-102276,B2B-20143,2025-09-16 17:44:41,2025-09-29 17:44:41,2025-09-29 17:44:41,0,71.01,3,Brisbane,477.8,0.0,
ORD-102277,B2B-41777,2026-07-31 03:22:22,2026-08-07 03:22:22,2026-08-06 03:22:22,-1,49.57,7,Melbourne,60.38,0.0,
ORD-102278,B2B-40178,2025-12-30 02:12:53,2026-01-11 02:12:53,2026-01-11 02:12:53,0,66.23,3,Melbourne,294.57,0.0,
ORD-102279,B2B-36206,2025-12-26 11:28:48,2026-01-06 11:28:48,2026-01-07 11:28:48,1,51.98,3,Perth,423.79,0.0,
ORD-102280,B2B-62940,2026-07-05 22:20:13,2026-07-18 22:20:13,2026-07-20 22:20:13,2,63.23,3,Perth,79.42,1.0,Late Delivery
ORD-102281,B2B-9376,2026-07-13 12:47:43,2026-07-24 12:47:43,2026-07-24 12:47:43,0,63.46,3,Perth,81.95,0.0,
ORD-102282,B2B-66471,2026-04-23 01:16:30,2026-04-30 01:16:30,2026-05-03 01:16:30,3,89.0,3,Brisbane,457.4,0.0,
ORD-102283,B2B-99085,2026-06-12 01:46:59,2026-06-22 01:46:59,2026-06-19 01:46:59,-3,71.12,7,Melbourne,721.6,0.0,
ORD-102284,B2B-72466,2025-12-07 17:34:08,2025-12-16 17:34:08,2025-12-15 17:34:08,-1,84.08,3,Perth,270.49,0.0,
ORD-102285,B2B-52943,2026-04-11 17:06:13,2026-04-22 17:06:13,2026-04-22 17:06:13,0,86.3,7,Melbourne,856.21,0.0,
ORD-102286,B2B-2402,2025-10-25 21:48:16,2025-11-01 21:48:16,2025-11-01 21:48:16,0,52.19,3,Perth,399.68,0.0,
ORD-102287,B2B-69678,2026-02-28 00:25:16,2026-03-10 00:25:16,2026-03-10 00:25:16,0,78.15,3,Melbourne,207.28,1.0,Packaging Damage
ORD-102288,B2B-14205,2025-12-11 12:37:58,2025-12-21 12:37:58,2025-12-21 12:37:58,0,57.22,7,Melbourne,93.91,0.0,
ORD-102289,B2B-69672,2026-01-18 08:45:45,2026-02-01 08:45:45,2026-02-01 08:45:45,0,60.76,7,Brisbane,117.85,0.0,
ORD-102290,B2B-68218,2026-01-23 23:19:05,2026-02-03 23:19:05,2026-02-01 23:19:05,-2,63.16,3,Melbourne,117.02,0.0,
ORD-102291,B2B-64224,2025-08-31 00:58:20,2025-09-12 00:58:20,2025-09-12 00:58:20,0,59.15,3,Brisbane,300.91,0.0,
ORD-102292,B2B-48997,2026-05-20 04:14:45,2026-05-30 04:14:45,2026-05-30 04:14:45,0,56.12,3,Brisbane,508.18,0.0,
ORD-102293,B2B-36364,2026-04-11 14:39:02,2026-04-18 14:39:02,2026-04-18 14:39:02,0,67.57,3,Brisbane,450.6,0.0,
ORD-102294,B2B-4919,2025-12-24 22:40:24,2026-01-03 22:40:24,2026-01-05 22:40:24,2,60.34,3,Perth,100.95,1.0,Late Delivery
ORD-102295,B2B-17835,2026-05-12 06:19:31,2026-05-23 06:19:31,2026-05-22 06:19:31,-1,75.81,3,Brisbane,516.94,0.0,
ORD-102296,B2B-29283,2026-01-20 03:32:37,2026-01-30 03:32:37,2026-01-30 03:32:37,0,61.33,3,Perth,334.32,0.0,
ORD-102297,B2B-29165,2026-04-25 04:31:46,2026-05-09 04:31:46,2026-05-06 04:31:46,-3,38.46,3,Melbourne,23.01,0.0,
ORD-102298,B2B-41024,2025-10-02 05:38:12,2025-10-10 05:38:12,2025-10-10 05:38:12,0,62.3,3,Brisbane,433.53,0.0,
ORD-102299,B2B-14370,2026-07-17 13:35:32,2026-07-27 13:35:32,2026-07-25 13:35:32,-2,69.11,7,Brisbane,314.39,0.0,
ORD-102300,B2B-57426,2026-06-30 02:41:31,2026-07-13 02:41:31,2026-07-13 02:41:31,0,95.19,7,Melbourne,498.84,0.0,
ORD-102301,B2B-25749,2026-01-05 06:51:17,2026-01-18 06:51:17,2026-01-18 06:51:17,0,69.48,7,Perth,212.64,0.0,
ORD-102302,B2B-55272,2026-04-03 10:40:21,2026-04-15 10:40:21,2026-04-15 10:40:21,0,68.97,7,Brisbane,344.57,0.0,
ORD-102303,B2B-39956,2025-09-02 16:05:36,2025-09-10 16:05:36,2025-09-12 16:05:36,2,55.47,3,Brisbane,298.72,1.0,Customer Service
ORD-102304,B2B-33671,2025-12-01 19:58:51,2025-12-10 19:58:51,2025-12-11 19:58:51,1,89.77,7,Brisbane,831.52,0.0,
ORD-102305,B2B-99156,2025-10-21 10:52:09,2025-10-31 10:52:09,2025-10-31 10:52:09,0,78.15,3,Melbourne,196.4,0.0,
ORD-102306,B2B-70481,2026-05-10 21:21:33,2026-05-24 21:21:33,2026-05-26 21:21:33,2,68.66,7,Melbourne,569.0,0.0,
ORD-102307,B2B-14370,2026-05-01 16:26:43,2026-05-12 16:26:43,2026-05-09 16:26:43,-3,69.18,7,Brisbane,314.39,0.0,
ORD-102308,B2B-1575,2025-12-29 07:04:01,2026-01-12 07:04:01,2026-01-12 07:04:01,0,50.87,3,Adelaide,313.76,0.0,
ORD-102309,B2B-51091,2026-02-26 02:18:06,2026-03-05 02:18:06,2026-03-08 02:18:06,3,81.39,3,Melbourne,632.83,0.0,
ORD-102310,B2B-28699,2026-05-09 16:11:40,2026-05-19 16:11:40,2026-05-18 16:11:40,-1,65.46,7,Perth,276.96,0.0,
ORD-102311,B2B-582,2026-07-04 23:26:45,2026-07-13 23:26:45,2026-07-14 23:26:45,1,56.76,3,Perth,244.06,1.0,Late Delivery
ORD-102312,B2B-13363,2026-06-01 13:42:11,2026-06-13 13:42:11,2026-06-10 13:42:11,-3,48.35,3,Perth,167.98,0.0,
ORD-102313,B2B-79642,2025-09-26 16:35:15,2025-10-08 16:35:15,2025-10-09 16:35:15,1,69.99,3,Melbourne,606.95,0.0,
ORD-102314,B2B-4919,2026-04-01 14:16:07,2026-04-08 14:16:07,2026-04-09 14:16:07,1,57.85,3,Perth,100.95,0.0,
ORD-102315,B2B-55547,2025-09-02 22:33:08,2025-09-16 22:33:08,2025-09-18 22:33:08,2,71.63,3,Melbourne,437.05,0.0,
ORD-102316,B2B-45159,2025-09-24 11:23:04,2025-10-07 11:23:04,2025-10-14 11:23:04,7,67.66,3,Melbourne,438.13,1.0,Late Delivery
ORD-102317,B2B-70408,2025-11-23 19:09:06,2025-12-03 19:09:06,2025-12-02 19:09:06,-1,65.11,3,Brisbane,324.91,0.0,
ORD-102318,B2B-46127,2025-12-13 21:42:38,2025-12-25 21:42:38,2025-12-24 21:42:38,-1,72.23,3,Brisbane,494.33,0.0,
ORD-102319,B2B-21700,2026-06-29 11:37:02,2026-07-12 11:37:02,2026-07-12 11:37:02,0,76.93,3,Perth,314.43,0.0,
ORD-102320,B2B-36206,2026-06-05 07:47:50,2026-06-19 07:47:50,2026-06-16 07:47:50,-3,83.98,3,Perth,423.79,0.0,
ORD-102321,B2B-86006,2025-09-13 08:47:19,2025-09-25 08:47:19,2025-09-17 08:47:19,-8,88.0,3,Melbourne,700.53,0.0,
ORD-102322,B2B-20256,2026-02-14 22:10:51,2026-02-23 22:10:51,2026-02-21 22:10:51,-2,63.55,3,Adelaide,276.38,0.0,
ORD-102323,B2B-13496,2026-05-24 13:24:07,2026-06-03 13:24:07,2026-06-04 13:24:07,1,76.55,3,Melbourne,404.5,0.0,
ORD-102324,B2B-38648,2026-03-21 16:26:11,2026-03-30 16:26:11,2026-03-28 16:26:11,-2,63.77,3,Brisbane,104.04,0.0,
ORD-102325,B2B-84961,2025-08-19 22:57:54,2025-08-28 22:57:54,2025-08-28 22:57:54,0,73.19,7,Melbourne,445.61,0.0,
ORD-102326,B2B-16876,2026-02-11 17:45:34,2026-02-22 17:45:34,2026-02-28 17:45:34,6,84.02,3,Brisbane,560.95,1.0,Late Delivery
ORD-102327,B2B-72466,2026-06-21 09:57:41,2026-07-01 09:57:41,2026-07-06 09:57:41,5,64.32,3,Perth,270.49,1.0,Late Delivery
ORD-102328,B2B-72765,2025-11-03 14:44:59,2025-11-17 14:44:59,2025-11-14 14:44:59,-3,93.37,3,Melbourne,873.91,0.0,
ORD-102329,B2B-19214,2026-06-26 09:22:51,2026-07-03 09:22:51,2026-07-03 09:22:51,0,88.73,7,Melbourne,863.96,0.0,
ORD-102330,B2B-9412,2026-02-18 03:16:11,2026-02-27 03:16:11,2026-02-27 03:16:11,0,60.55,3,Perth,353.19,0.0,
ORD-102331,B2B-89062,2025-08-26 19:54:53,2025-09-04 19:54:53,2025-09-02 19:54:53,-2,59.9,7,Perth,129.41,0.0,
ORD-102332,B2B-69353,2026-03-13 10:08:52,2026-03-26 10:08:52,2026-03-25 10:08:52,-1,61.44,3,Brisbane,80.41,0.0,
ORD-102333,B2B-81896,2026-04-20 00:23:13,2026-04-30 00:23:13,2026-04-30 00:23:13,0,63.35,3,Brisbane,219.03,0.0,
ORD-102334,B2B-64472,2026-07-17 12:18:13,2026-07-27 12:18:13,2026-07-25 12:18:13,-2,73.01,3,Melbourne,409.98,0.0,
ORD-102335,B2B-3615,2026-07-21 18:13:40,2026-07-30 18:13:40,2026-07-27 18:13:40,-3,79.31,3,Brisbane,392.89,0.0,
ORD-102336,B2B-56564,2026-02-19 23:05:54,2026-03-03 23:05:54,2026-03-03 23:05:54,0,68.57,7,Adelaide,188.33,0.0,
ORD-102337,B2B-55207,2025-12-16 00:19:59,2025-12-29 00:19:59,2025-12-29 00:19:59,0,84.14,3,Brisbane,245.68,0.0,
ORD-102338,B2B-69860,2026-04-05 02:13:38,2026-04-17 02:13:38,2026-04-14 02:13:38,-3,72.54,3,Melbourne,629.23,0.0,
ORD-102339,B2B-3443,2026-06-11 15:03:12,2026-06-19 15:03:12,2026-06-15 15:03:12,-4,55.28,3,Adelaide,221.32,0.0,
ORD-102340,B2B-30184,2026-04-23 04:31:25,2026-05-01 04:31:25,2026-05-02 04:31:25,1,70.25,7,Brisbane,318.79,0.0,
ORD-102341,B2B-69495,2025-12-03 17:19:49,2025-12-17 17:19:49,2025-12-19 17:19:49,2,47.48,3,Adelaide,147.01,0.0,
ORD-102342,B2B-3380,2026-04-10 13:35:36,2026-04-17 13:35:36,2026-04-17 13:35:36,0,75.77,3,Perth,113.43,0.0,
ORD-102343,B2B-75641,2026-05-29 08:56:16,2026-06-10 08:56:16,2026-06-10 08:56:16,0,65.35,3,Adelaide,39.25,0.0,
ORD-102344,B2B-45405,2025-08-03 08:25:58,2025-08-15 08:25:58,2025-08-15 08:25:58,0,84.87,7,Melbourne,705.59,0.0,
ORD-102345,B2B-69617,2025-08-05 06:57:32,2025-08-18 06:57:32,2025-08-27 06:57:32,9,78.75,7,Melbourne,439.75,0.0,
ORD-102346,B2B-41761,2025-12-08 23:18:27,2025-12-22 23:18:27,2025-12-20 23:18:27,-2,43.54,3,Adelaide,248.81,0.0,
ORD-102347,B2B-24971,2026-05-13 17:28:34,2026-05-27 17:28:34,2026-05-27 17:28:34,0,78.67,3,Melbourne,288.01,0.0,
ORD-102348,B2B-13363,2026-02-17 00:37:37,2026-03-01 00:37:37,2026-03-01 00:37:37,0,62.34,3,Perth,167.98,0.0,
ORD-102349,B2B-90471,2026-01-15 09:56:43,2026-01-27 09:56:43,2026-01-27 09:56:43,0,101.28,3,Brisbane,681.93,0.0,
ORD-102350,B2B-48997,2026-04-06 01:29:00,2026-04-18 01:29:00,2026-04-18 01:29:00,0,68.93,3,Brisbane,508.18,0.0,
ORD-102351,B2B-99069,2025-10-08 19:46:44,2025-10-15 19:46:44,2025-10-17 19:46:44,2,64.59,3,Brisbane,505.28,1.0,Late Delivery
ORD-102352,B2B-13496,2026-01-14 07:46:33,2026-01-27 07:46:33,2026-01-27 07:46:33,0,76.1,3,Melbourne,404.5,0.0,
ORD-102353,B2B-93002,2026-06-10 08:29:28,2026-06-18 08:29:28,2026-06-18 08:29:28,0,56.95,3,Brisbane,216.77,0.0,
ORD-102354,B2B-91091,2025-10-24 21:13:37,2025-11-02 21:13:37,2025-11-02 21:13:37,0,69.93,3,Brisbane,651.18,0.0,
ORD-102355,B2B-1245,2025-10-30 02:33:31,2025-11-11 02:33:31,2025-11-10 02:33:31,-1,91.97,3,Brisbane,612.32,0.0,
ORD-102356,B2B-25537,2025-12-15 05:38:44,2025-12-22 05:38:44,2025-12-19 05:38:44,-3,59.62,7,Brisbane,634.04,0.0,
ORD-102357,B2B-70408,2026-01-29 23:29:54,2026-02-09 23:29:54,2026-02-07 23:29:54,-2,75.69,3,Brisbane,324.91,0.0,
ORD-102358,B2B-28109,2026-02-28 15:13:53,2026-03-07 15:13:53,2026-03-04 15:13:53,-3,58.88,7,Melbourne,53.68,0.0,
ORD-102359,B2B-41761,2026-04-14 14:29:26,2026-04-27 14:29:26,2026-04-27 14:29:26,0,84.55,3,Adelaide,248.81,0.0,
ORD-102360,B2B-72630,2025-12-09 21:10:53,2025-12-16 21:10:53,2025-12-19 21:10:53,3,55.77,3,Brisbane,54.03,1.0,Late Delivery
ORD-102361,B2B-54672,2025-12-14 19:48:16,2025-12-24 19:48:16,2025-12-29 19:48:16,5,81.3,3,Melbourne,550.57,1.0,Late Delivery
ORD-102362,B2B-3615,2025-12-06 16:10:32,2025-12-16 16:10:32,2025-12-12 16:10:32,-4,54.57,3,Brisbane,392.89,0.0,
ORD-102363,B2B-50991,2025-09-01 18:47:28,2025-09-10 18:47:28,2025-09-09 18:47:28,-1,59.02,3,Adelaide,152.72,0.0,
ORD-102364,B2B-48337,2026-03-09 01:07:15,2026-03-20 01:07:15,2026-03-20 01:07:15,0,55.4,3,Perth,217.85,0.0,
ORD-102365,B2B-84509,2025-08-12 06:27:01,2025-08-25 06:27:01,2025-08-22 06:27:01,-3,62.61,3,Brisbane,417.09,0.0,
ORD-102366,B2B-81420,2026-02-18 08:16:13,2026-02-28 08:16:13,2026-02-28 08:16:13,0,62.34,3,Melbourne,147.06,0.0,
ORD-102367,B2B-30192,2025-08-27 19:15:46,2025-09-08 19:15:46,2025-09-08 19:15:46,0,73.9,7,Melbourne,660.18,0.0,
ORD-102368,B2B-35745,2026-02-08 17:19:59,2026-02-17 17:19:59,2026-02-19 17:19:59,2,74.53,7,Brisbane,188.89,0.0,
ORD-102369,B2B-83416,2026-05-16 18:47:41,2026-05-28 18:47:41,2026-05-28 18:47:41,0,47.64,3,Adelaide,207.08,0.0,
ORD-102370,B2B-75395,2026-02-19 18:35:09,2026-03-01 18:35:09,2026-02-27 18:35:09,-2,53.83,7,Brisbane,95.08,0.0,
ORD-102371,B2B-29283,2025-09-19 11:29:28,2025-10-02 11:29:28,2025-10-02 11:29:28,0,60.09,3,Perth,334.32,0.0,
ORD-102372,B2B-31938,2025-10-25 05:00:41,2025-11-02 05:00:41,2025-11-02 05:00:41,0,68.06,3,Melbourne,430.15,0.0,
ORD-102373,B2B-34548,2026-06-13 03:44:35,2026-06-23 03:44:35,2026-06-23 03:44:35,0,90.36,7,Melbourne,666.29,0.0,
ORD-102374,B2B-24203,2026-03-06 13:46:26,2026-03-13 13:46:26,2026-03-18 13:46:26,5,72.72,3,Brisbane,156.46,1.0,Late Delivery
ORD-102375,B2B-14626,2025-08-03 20:35:47,2025-08-17 20:35:47,2025-08-15 20:35:47,-2,73.33,3,Melbourne,632.92,0.0,
ORD-102376,B2B-4727,2026-04-01 17:06:58,2026-04-13 17:06:58,2026-04-10 17:06:58,-3,79.21,7,Adelaide,619.93,0.0,
ORD-102377,B2B-70880,2025-11-09 08:32:33,2025-11-20 08:32:33,2025-11-20 08:32:33,0,65.2,3,Brisbane,644.27,0.0,
ORD-102378,B2B-8641,2025-08-28 18:11:17,2025-09-09 18:11:17,2025-09-09 18:11:17,0,64.47,3,Melbourne,141.06,0.0,
ORD-102379,B2B-80015,2026-02-11 06:13:04,2026-02-18 06:13:04,2026-02-20 06:13:04,2,55.84,3,Perth,168.28,0.0,
ORD-102380,B2B-582,2026-01-01 17:44:26,2026-01-08 17:44:26,2026-01-08 17:44:26,0,82.29,3,Perth,244.06,0.0,
ORD-102381,B2B-96332,2026-04-03 02:45:00,2026-04-10 02:45:00,2026-04-08 02:45:00,-2,57.74,3,Brisbane,296.44,0.0,
ORD-102382,B2B-11848,2025-09-10 00:59:47,2025-09-23 00:59:47,2025-09-30 00:59:47,7,67.6,3,Melbourne,509.37,0.0,
ORD-102383,B2B-39734,2025-11-27 21:32:53,2025-12-06 21:32:53,2025-12-06 21:32:53,0,102.56,3,Melbourne,599.79,0.0,
ORD-102384,B2B-35806,2026-07-21 15:39:28,2026-07-30 15:39:28,2026-07-28 15:39:28,-2,52.97,3,Adelaide,167.05,0.0,
ORD-102385,B2B-70992,2026-01-26 01:55:47,2026-02-03 01:55:47,2026-02-03 01:55:47,0,51.14,7,Melbourne,154.1,0.0,
ORD-102386,B2B-37533,2026-06-14 04:10:12,2026-06-22 04:10:12,2026-06-22 04:10:12,0,85.28,3,Melbourne,626.0,0.0,
ORD-102387,B2B-13363,2025-11-25 16:57:55,2025-12-08 16:57:55,2025-12-08 16:57:55,0,65.94,3,Perth,167.98,0.0,
ORD-102388,B2B-16506,2026-03-14 19:31:38,2026-03-26 19:31:38,2026-03-28 19:31:38,2,74.27,3,Brisbane,422.23,0.0,
ORD-102389,B2B-67047,2026-05-22 13:23:08,2026-05-31 13:23:08,2026-05-31 13:23:08,0,63.53,3,Brisbane,131.63,0.0,
ORD-102390,B2B-58025,2026-07-24 06:50:20,2026-08-03 06:50:20,2026-08-01 06:50:20,-2,61.97,3,Melbourne,333.8,0.0,
ORD-102391,B2B-87026,2025-12-06 05:42:47,2025-12-20 05:42:47,2025-12-20 05:42:47,0,65.05,3,Melbourne,149.38,0.0,
ORD-102392,B2B-1575,2026-04-25 13:44:10,2026-05-08 13:44:10,2026-05-08 13:44:10,0,56.25,3,Adelaide,313.76,0.0,
ORD-102393,B2B-68212,2025-09-07 21:04:58,2025-09-20 21:04:58,2025-09-17 21:04:58,-3,43.71,3,Adelaide,41.47,0.0,
ORD-102394,B2B-84982,2026-01-25 05:37:56,2026-02-06 05:37:56,2026-02-06 05:37:56,0,51.59,3,Adelaide,168.92,0.0,
ORD-102395,B2B-19617,2025-09-11 19:09:04,2025-09-23 19:09:04,2025-09-20 19:09:04,-3,87.44,7,Adelaide,408.26,0.0,
ORD-102396,B2B-40989,2026-04-22 21:48:34,2026-05-03 21:48:34,2026-05-05 21:48:34,2,67.2,7,Perth,252.61,0.0,
ORD-102397,B2B-46396,2026-06-18 09:42:41,2026-06-25 09:42:41,2026-06-25 09:42:41,0,65.83,7,Adelaide,251.37,0.0,
ORD-102398,B2B-87928,2025-08-18 06:10:41,2025-08-31 06:10:41,2025-08-31 06:10:41,0,52.66,3,Perth,293.15,0.0,
ORD-102399,B2B-8713,2026-05-19 12:21:59,2026-06-02 12:21:59,2026-06-02 12:21:59,0,45.95,3,Perth,254.25,0.0,
ORD-102400,B2B-84982,2026-02-07 04:04:51,2026-02-15 04:04:51,2026-02-15 04:04:51,0,77.89,3,Adelaide,168.92,0.0,
ORD-102401,B2B-5208,2025-12-05 04:24:17,2025-12-13 04:24:17,2025-12-13 04:24:17,0,76.03,3,Brisbane,483.35,0.0,
ORD-102402,B2B-30703,2026-06-04 23:47:17,2026-06-13 23:47:17,2026-06-14 23:47:17,1,57.66,3,Brisbane,215.86,0.0,
ORD-102403,B2B-2258,2025-10-30 13:33:11,2025-11-10 13:33:11,2025-11-08 13:33:11,-2,70.38,3,Brisbane,331.68,0.0,
ORD-102404,B2B-64472,2026-04-20 05:35:12,2026-04-28 05:35:12,2026-04-30 05:35:12,2,61.24,3,Melbourne,409.98,0.0,
ORD-102405,B2B-13926,2026-02-22 04:14:17,2026-03-02 04:14:17,2026-03-05 04:14:17,3,92.41,3,Brisbane,662.59,1.0,Late Delivery
ORD-102406,B2B-79786,2026-03-12 19:02:02,2026-03-20 19:02:02,2026-03-19 19:02:02,-1,96.18,7,Melbourne,588.46,0.0,
ORD-102407,B2B-26090,2025-10-29 04:12:37,2025-11-12 04:12:37,2025-11-12 04:12:37,0,83.11,7,Melbourne,685.13,0.0,
ORD-102408,B2B-89062,2026-04-13 10:37:33,2026-04-26 10:37:33,2026-04-23 10:37:33,-3,53.86,7,Perth,129.41,0.0,
ORD-102409,B2B-41910,2025-12-06 05:24:03,2025-12-17 05:24:03,2025-12-17 05:24:03,0,75.41,3,Brisbane,191.25,0.0,
ORD-102410,B2B-10603,2025-09-02 06:44:29,2025-09-12 06:44:29,2025-09-14 06:44:29,2,90.51,3,Brisbane,792.16,0.0,
ORD-102411,B2B-39956,2026-05-15 06:18:33,2026-05-22 06:18:33,2026-05-22 06:18:33,0,56.45,3,Brisbane,298.72,0.0,
ORD-102412,B2B-9589,2026-05-10 02:47:45,2026-05-17 02:47:45,2026-05-17 02:47:45,0,90.78,3,Brisbane,646.64,0.0,
ORD-102413,B2B-30192,2025-12-31 12:18:16,2026-01-12 12:18:16,2026-01-14 12:18:16,2,77.3,7,Melbourne,660.18,0.0,
ORD-102414,B2B-41869,2025-09-22 19:49:00,2025-10-03 19:49:00,2025-10-02 19:49:00,-1,84.37,7,Brisbane,608.63,0.0,
ORD-102415,B2B-56126,2026-03-25 11:31:57,2026-04-02 11:31:57,2026-04-02 11:31:57,0,70.67,3,Adelaide,432.51,0.0,
ORD-102416,B2B-54945,2026-04-03 15:36:38,2026-04-14 15:36:38,2026-04-14 15:36:38,0,72.06,7,Brisbane,251.33,0.0,
ORD-102417,B2B-89921,2025-09-12 21:55:02,2025-09-19 21:55:02,2025-09-19 21:55:02,0,59.59,7,Perth,329.39,0.0,
ORD-102418,B2B-52522,2025-09-29 08:25:47,2025-10-08 08:25:47,2025-10-07 08:25:47,-1,69.7,3,Melbourne,313.94,0.0,
ORD-102419,B2B-5208,2025-11-07 08:22:17,2025-11-15 08:22:17,2025-11-14 08:22:17,-1,61.6,3,Brisbane,483.35,0.0,
ORD-102420,B2B-1715,2026-02-13 12:06:48,2026-02-23 12:06:48,2026-02-19 12:06:48,-4,76.98,7,Melbourne,321.45,0.0,
ORD-102421,B2B-76481,2025-08-29 10:56:31,2025-09-10 10:56:31,2025-09-09 10:56:31,-1,56.64,3,Melbourne,188.56,0.0,
ORD-102422,B2B-9933,2026-01-08 10:47:22,2026-01-16 10:47:22,2026-01-17 10:47:22,1,61.33,7,Adelaide,318.11,1.0,Customer Service
ORD-102423,B2B-90351,2025-10-26 18:53:24,2025-11-05 18:53:24,2025-11-05 18:53:24,0,70.64,7,Perth,64.85,0.0,
ORD-102424,B2B-18221,2026-05-15 12:43:14,2026-05-25 12:43:14,2026-05-25 12:43:14,0,67.89,3,Perth,348.44,0.0,
ORD-102425,B2B-69495,2026-05-31 22:49:34,2026-06-10 22:49:34,2026-06-10 22:49:34,0,53.14,3,Adelaide,147.01,0.0,
ORD-102426,B2B-99547,2026-03-21 17:22:05,2026-03-30 17:22:05,2026-04-02 17:22:05,3,58.02,3,Perth,179.33,0.0,
ORD-102427,B2B-12858,2026-04-01 03:23:15,2026-04-10 03:23:15,2026-04-05 03:23:15,-5,62.85,7,Brisbane,294.08,0.0,
ORD-102428,B2B-29283,2025-10-23 14:23:23,2025-11-02 14:23:23,2025-11-02 14:23:23,0,60.57,3,Perth,334.32,0.0,
ORD-102429,B2B-56992,2025-10-12 03:37:54,2025-10-22 03:37:54,2025-10-22 03:37:54,0,62.1,3,Brisbane,164.68,0.0,
ORD-102430,B2B-6492,2025-09-26 01:08:15,2025-10-03 01:08:15,2025-10-05 01:08:15,2,57.9,3,Brisbane,348.96,0.0,
ORD-102431,B2B-57541,2025-10-25 05:32:41,2025-11-02 05:32:41,2025-11-01 05:32:41,-1,76.86,3,Brisbane,338.12,0.0,
ORD-102432,B2B-4952,2025-11-09 13:40:13,2025-11-21 13:40:13,2025-11-20 13:40:13,-1,68.32,3,Brisbane,366.81,0.0,
ORD-102433,B2B-31938,2026-04-30 12:20:38,2026-05-14 12:20:38,2026-05-13 12:20:38,-1,79.99,3,Melbourne,430.15,0.0,
ORD-102434,B2B-24194,2025-12-28 01:06:52,2026-01-10 01:06:52,2026-01-09 01:06:52,-1,60.32,7,Melbourne,142.61,0.0,
ORD-102435,B2B-23833,2025-12-23 00:51:30,2025-12-31 00:51:30,2026-01-04 00:51:30,4,70.83,3,Melbourne,421.56,1.0,Late Delivery
ORD-102436,B2B-67244,2025-08-30 04:28:10,2025-09-09 04:28:10,2025-09-09 04:28:10,0,90.42,3,Brisbane,698.62,0.0,
ORD-102437,B2B-57908,2026-05-29 15:50:06,2026-06-11 15:50:06,2026-06-11 15:50:06,0,66.46,3,Brisbane,246.06,0.0,
ORD-102438,B2B-96332,2025-10-12 06:07:59,2025-10-20 06:07:59,2025-10-16 06:07:59,-4,64.17,3,Brisbane,296.44,0.0,
ORD-102439,B2B-75299,2026-06-25 18:30:15,2026-07-04 18:30:15,2026-07-02 18:30:15,-2,56.89,3,Brisbane,418.34,0.0,
ORD-102440,B2B-42643,2025-11-29 18:36:48,2025-12-07 18:36:48,2025-12-05 18:36:48,-2,73.1,3,Brisbane,334.58,0.0,
ORD-102441,B2B-55596,2026-03-08 13:29:36,2026-03-19 13:29:36,2026-03-19 13:29:36,0,63.18,3,Brisbane,37.19,0.0,
ORD-102442,B2B-99784,2025-09-29 02:09:18,2025-10-10 02:09:18,2025-10-13 02:09:18,3,51.96,3,Adelaide,213.77,0.0,
ORD-102443,B2B-19595,2026-06-06 03:49:41,2026-06-17 03:49:41,2026-06-18 03:49:41,1,56.69,7,Brisbane,342.82,0.0,
ORD-102444,B2B-77661,2026-04-05 08:15:14,2026-04-18 08:15:14,2026-04-16 08:15:14,-2,110.32,3,Melbourne,852.66,0.0,
ORD-102445,B2B-74692,2025-09-02 10:43:26,2025-09-16 10:43:26,2025-09-16 10:43:26,0,71.3,3,Melbourne,309.02,0.0,
ORD-102446,B2B-74836,2025-11-28 22:00:14,2025-12-06 22:00:14,2025-12-07 22:00:14,1,53.23,3,Adelaide,437.22,0.0,
ORD-102447,B2B-58522,2025-09-17 17:37:10,2025-09-28 17:37:10,2025-09-26 17:37:10,-2,66.9,3,Melbourne,613.4,0.0,
ORD-102448,B2B-17750,2026-04-03 05:21:49,2026-04-15 05:21:49,2026-04-13 05:21:49,-2,63.0,3,Perth,179.54,0.0,
ORD-102449,B2B-52738,2026-07-11 21:45:16,2026-07-25 21:45:16,2026-07-28 21:45:16,3,103.6,3,Brisbane,826.49,1.0,Late Delivery
ORD-102450,B2B-56126,2025-12-30 16:49:04,2026-01-07 16:49:04,2026-01-06 16:49:04,-1,69.52,3,Adelaide,432.51,0.0,
ORD-102451,B2B-69617,2025-12-18 21:26:17,2026-01-01 21:26:17,2026-01-01 21:26:17,0,93.59,7,Melbourne,439.75,0.0,
ORD-102452,B2B-56560,2026-07-27 09:40:29,2026-08-05 09:40:29,2026-08-08 09:40:29,3,57.49,3,Brisbane,103.28,0.0,
ORD-102453,B2B-14205,2025-09-06 20:56:48,2025-09-19 20:56:48,2025-09-15 20:56:48,-4,67.75,7,Melbourne,93.91,0.0,
ORD-102454,B2B-76363,2026-01-26 06:28:20,2026-02-05 06:28:20,2026-02-05 06:28:20,0,73.09,7,Melbourne,555.75,0.0,
ORD-102455,B2B-2773,2026-04-26 19:41:34,2026-05-04 19:41:34,2026-05-10 19:41:34,6,73.47,3,Perth,223.95,1.0,Late Delivery
ORD-102456,B2B-32334,2025-12-12 07:29:50,2025-12-22 07:29:50,2025-12-23 07:29:50,1,66.71,3,Perth,496.63,0.0,
ORD-102457,B2B-54971,2026-02-19 05:15:07,2026-02-27 05:15:07,2026-03-01 05:15:07,2,57.13,7,Brisbane,147.06,0.0,
ORD-102458,B2B-8853,2025-10-10 21:34:01,2025-10-24 21:34:01,2025-10-20 21:34:01,-4,67.41,7,Melbourne,432.38,0.0,
ORD-102459,B2B-76983,2026-06-01 23:19:08,2026-06-08 23:19:08,2026-06-08 23:19:08,0,74.35,7,Brisbane,167.27,0.0,
ORD-102460,B2B-45330,2026-06-16 15:02:00,2026-06-30 15:02:00,2026-06-28 15:02:00,-2,45.2,3,Brisbane,371.39,0.0,
ORD-102461,B2B-21199,2025-09-08 09:22:10,2025-09-15 09:22:10,2025-09-14 09:22:10,-1,75.37,3,Adelaide,136.6,0.0,
ORD-102462,B2B-39539,2025-12-13 02:18:29,2025-12-22 02:18:29,2025-12-24 02:18:29,2,69.14,3,Brisbane,614.75,0.0,
ORD-102463,B2B-36771,2025-08-19 12:22:20,2025-09-02 12:22:20,2025-09-06 12:22:20,4,70.02,3,Brisbane,443.33,1.0,Late Delivery
ORD-102464,B2B-72918,2026-05-30 19:48:37,2026-06-12 19:48:37,2026-06-13 19:48:37,1,56.56,3,Brisbane,181.99,0.0,
ORD-102465,B2B-33897,2026-06-26 02:19:36,2026-07-05 02:19:36,2026-07-10 02:19:36,5,56.38,7,Melbourne,555.88,0.0,
ORD-102466,B2B-39956,2026-07-11 00:37:11,2026-07-23 00:37:11,2026-07-23 00:37:11,0,71.17,3,Brisbane,298.72,0.0,
ORD-102467,B2B-83884,2026-03-07 17:08:51,2026-03-16 17:08:51,2026-03-19 17:08:51,3,50.59,7,Perth,339.04,0.0,
ORD-102468,B2B-41910,2025-08-30 11:35:17,2025-09-08 11:35:17,2025-09-08 11:35:17,0,60.95,3,Brisbane,191.25,0.0,
ORD-102469,B2B-5107,2026-06-13 11:44:16,2026-06-20 11:44:16,2026-06-20 11:44:16,0,86.54,7,Brisbane,521.23,0.0,
ORD-102470,B2B-99480,2026-04-30 21:30:50,2026-05-10 21:30:50,2026-05-10 21:30:50,0,69.32,3,Perth,448.58,0.0,
ORD-102471,B2B-81641,2026-06-22 05:13:49,2026-07-01 05:13:49,2026-07-07 05:13:49,6,69.13,3,Melbourne,298.87,1.0,Late Delivery
ORD-102472,B2B-49044,2026-02-12 00:44:57,2026-02-22 00:44:57,2026-02-25 00:44:57,3,99.23,7,Brisbane,662.08,0.0,
ORD-102473,B2B-99045,2026-02-04 12:33:58,2026-02-11 12:33:58,2026-02-05 12:33:58,-6,76.59,3,Melbourne,685.6,0.0,
ORD-102474,B2B-39734,2026-02-14 15:22:53,2026-02-25 15:22:53,2026-02-23 15:22:53,-2,85.75,3,Melbourne,599.79,0.0,
ORD-102475,B2B-50991,2025-10-11 12:42:53,2025-10-20 12:42:53,2025-10-25 12:42:53,5,56.55,3,Adelaide,152.72,1.0,Late Delivery
ORD-102476,B2B-55930,2026-07-19 17:37:13,2026-08-01 17:37:13,2026-08-02 17:37:13,1,79.08,3,Adelaide,264.74,1.0,Customer Service
ORD-102477,B2B-76481,2025-08-20 13:59:15,2025-09-02 13:59:15,2025-09-03 13:59:15,1,54.77,3,Melbourne,188.56,0.0,
ORD-102478,B2B-68135,2025-08-31 08:12:44,2025-09-07 08:12:44,2025-09-10 08:12:44,3,87.46,7,Brisbane,706.94,0.0,
ORD-102479,B2B-90351,2026-01-06 06:07:37,2026-01-16 06:07:37,2026-01-14 06:07:37,-2,47.81,7,Perth,64.85,0.0,
ORD-102480,B2B-16829,2025-12-13 23:10:25,2025-12-27 23:10:25,2025-12-25 23:10:25,-2,53.54,3,Melbourne,128.6,0.0,
ORD-102481,B2B-33897,2026-05-23 16:11:49,2026-06-04 16:11:49,2026-06-04 16:11:49,0,75.86,7,Melbourne,555.88,0.0,
ORD-102482,B2B-75395,2025-08-04 12:45:13,2025-08-11 12:45:13,2025-08-09 12:45:13,-2,43.08,7,Brisbane,95.08,0.0,
ORD-102483,B2B-27599,2026-01-12 18:08:17,2026-01-20 18:08:17,2026-01-20 18:08:17,0,86.89,3,Brisbane,705.12,0.0,
ORD-102484,B2B-42372,2026-07-04 21:11:45,2026-07-12 21:11:45,2026-07-13 21:11:45,1,59.14,3,Melbourne,306.08,0.0,
ORD-102485,B2B-89458,2025-09-30 21:39:41,2025-10-10 21:39:41,2025-10-10 21:39:41,0,68.98,7,Adelaide,169.02,0.0,
ORD-102486,B2B-70465,2026-04-23 21:38:32,2026-05-01 21:38:32,2026-05-04 21:38:32,3,75.14,3,Melbourne,465.9,0.0,
ORD-102487,B2B-83562,2026-02-28 09:53:10,2026-03-11 09:53:10,2026-03-08 09:53:10,-3,90.38,7,Brisbane,229.29,0.0,
ORD-102488,B2B-96173,2026-06-25 22:44:41,2026-07-04 22:44:41,2026-07-05 22:44:41,1,61.39,3,Melbourne,452.85,0.0,
ORD-102489,B2B-30067,2026-02-04 14:14:13,2026-02-14 14:14:13,2026-02-14 14:14:13,0,48.11,7,Brisbane,209.94,0.0,
ORD-102490,B2B-12172,2025-10-01 14:50:41,2025-10-10 14:50:41,2025-10-12 14:50:41,2,63.22,7,Brisbane,499.33,0.0,
ORD-102491,B2B-71568,2025-08-08 12:06:34,2025-08-16 12:06:34,2025-08-17 12:06:34,1,64.46,3,Perth,305.9,0.0,
ORD-102492,B2B-58522,2026-04-12 08:09:22,2026-04-22 08:09:22,2026-04-28 08:09:22,6,66.68,3,Melbourne,613.4,1.0,Late Delivery
ORD-102493,B2B-23833,2026-04-28 14:20:12,2026-05-10 14:20:12,2026-05-12 14:20:12,2,73.44,3,Melbourne,421.56,1.0,Late Delivery
ORD-102494,B2B-11265,2025-08-15 12:50:51,2025-08-23 12:50:51,2025-08-21 12:50:51,-2,55.21,3,Brisbane,241.54,0.0,
ORD-102495,B2B-30729,2026-05-19 15:03:36,2026-06-01 15:03:36,2026-06-04 15:03:36,3,90.56,3,Melbourne,556.38,0.0,
ORD-102496,B2B-88998,2026-03-10 17:44:25,2026-03-24 17:44:25,2026-03-24 17:44:25,0,94.59,3,Brisbane,653.07,0.0,
ORD-102497,B2B-36874,2026-04-02 07:09:55,2026-04-15 07:09:55,2026-04-17 07:09:55,2,76.97,3,Brisbane,580.4,0.0,
ORD-102498,B2B-57908,2025-12-28 05:22:31,2026-01-08 05:22:31,2026-01-09 05:22:31,1,46.26,3,Brisbane,246.06,0.0,
ORD-102499,B2B-73790,2026-01-01 03:25:26,2026-01-08 03:25:26,2026-01-08 03:25:26,0,57.24,3,Melbourne,354.4,0.0,
ORD-102500,B2B-96173,2026-06-26 21:19:49,2026-07-09 21:19:49,2026-07-11 21:19:49,2,75.91,3,Melbourne,452.85,0.0,
ORD-102501,B2B-20256,2026-07-26 22:58:44,2026-08-03 22:58:44,2026-08-03 22:58:44,0,41.57,3,Adelaide,276.38,0.0,
ORD-102502,B2B-58252,2025-08-20 19:08:18,2025-09-01 19:08:18,2025-09-02 19:08:18,1,61.53,3,Melbourne,190.25,1.0,Late Delivery
ORD-102503,B2B-99105,2026-04-16 18:24:03,2026-04-27 18:24:03,2026-04-27 18:24:03,0,76.75,3,Brisbane,503.69,0.0,
ORD-102504,B2B-79534,2025-12-13 17:50:44,2025-12-23 17:50:44,2025-12-23 17:50:44,0,71.5,3,Melbourne,248.84,0.0,
ORD-102505,B2B-33897,2025-10-02 17:05:16,2025-10-13 17:05:16,2025-10-11 17:05:16,-2,79.96,7,Melbourne,555.88,0.0,
ORD-102506,B2B-8916,2025-12-29 18:29:25,2026-01-05 18:29:25,2026-01-09 18:29:25,4,60.9,3,Adelaide,335.64,1.0,Late Delivery
ORD-102507,B2B-55272,2026-06-01 20:07:42,2026-06-12 20:07:42,2026-06-12 20:07:42,0,72.97,7,Brisbane,344.57,0.0,
ORD-102508,B2B-58412,2026-05-22 17:52:42,2026-06-01 17:52:42,2026-06-01 17:52:42,0,82.32,7,Adelaide,543.27,0.0,
ORD-102509,B2B-93543,2026-02-12 01:47:04,2026-02-26 01:47:04,2026-02-26 01:47:04,0,85.68,7,Adelaide,576.39,0.0,
ORD-102510,B2B-71321,2026-05-19 14:23:45,2026-05-29 14:23:45,2026-06-02 14:23:45,4,72.46,7,Melbourne,460.1,0.0,
ORD-102511,B2B-74692,2026-03-26 13:16:34,2026-04-09 13:16:34,2026-04-11 13:16:34,2,73.63,3,Melbourne,309.02,0.0,
ORD-102512,B2B-2773,2025-09-28 05:18:01,2025-10-05 05:18:01,2025-10-03 05:18:01,-2,83.06,3,Perth,223.95,0.0,
ORD-102513,B2B-63735,2026-06-29 17:56:35,2026-07-12 17:56:35,2026-07-11 17:56:35,-1,47.65,3,Brisbane,225.01,0.0,
ORD-102514,B2B-38648,2026-04-25 03:58:30,2026-05-08 03:58:30,2026-05-07 03:58:30,-1,45.95,3,Brisbane,104.04,0.0,
ORD-102515,B2B-14570,2026-01-24 22:57:55,2026-02-05 22:57:55,2026-02-06 22:57:55,1,77.49,3,Brisbane,633.84,1.0,Late Delivery
ORD-102516,B2B-40012,2025-11-21 05:47:02,2025-11-28 05:47:02,2025-11-28 05:47:02,0,48.54,7,Adelaide,70.68,0.0,
ORD-102517,B2B-44861,2025-09-16 04:11:40,2025-09-25 04:11:40,2025-09-21 04:11:40,-4,73.96,3,Perth,329.47,0.0,
ORD-102518,B2B-6337,2025-09-25 18:26:35,2025-10-04 18:26:35,2025-10-04 18:26:35,0,73.3,7,Melbourne,362.09,0.0,
ORD-102519,B2B-76363,2026-04-13 12:43:11,2026-04-23 12:43:11,2026-04-23 12:43:11,0,74.83,7,Melbourne,555.75,0.0,
ORD-102520,B2B-80146,2025-10-17 01:26:47,2025-10-29 01:26:47,2025-10-29 01:26:47,0,74.35,7,Melbourne,723.44,0.0,
ORD-102521,B2B-88506,2025-08-13 04:01:17,2025-08-20 04:01:17,2025-08-18 04:01:17,-2,48.43,3,Adelaide,379.24,0.0,
ORD-102522,B2B-82260,2026-05-16 12:04:45,2026-05-30 12:04:45,2026-05-30 12:04:45,0,84.1,7,Melbourne,634.11,0.0,
ORD-102523,B2B-14370,2025-10-17 18:40:09,2025-10-31 18:40:09,2025-11-02 18:40:09,2,74.33,7,Brisbane,314.39,0.0,
ORD-102524,B2B-21199,2026-01-06 06:39:16,2026-01-17 06:39:16,2026-01-14 06:39:16,-3,55.33,3,Adelaide,136.6,0.0,
ORD-102525,B2B-57908,2026-02-07 12:32:42,2026-02-16 12:32:42,2026-02-16 12:32:42,0,67.48,3,Brisbane,246.06,0.0,
ORD-102526,B2B-42934,2026-04-08 12:28:13,2026-04-20 12:28:13,2026-04-21 12:28:13,1,81.11,3,Brisbane,637.56,0.0,
ORD-102527,B2B-21541,2026-01-04 13:10:51,2026-01-17 13:10:51,2026-01-20 13:10:51,3,43.78,3,Adelaide,112.75,1.0,Late Delivery
ORD-102528,B2B-1563,2025-08-02 14:42:49,2025-08-10 14:42:49,2025-08-10 14:42:49,0,68.63,3,Adelaide,182.02,0.0,
ORD-102529,B2B-53943,2026-01-07 19:32:46,2026-01-15 19:32:46,2026-01-13 19:32:46,-2,79.58,3,Melbourne,648.98,0.0,
ORD-102530,B2B-72765,2025-08-17 13:21:43,2025-08-27 13:21:43,2025-08-29 13:21:43,2,92.23,3,Melbourne,873.91,0.0,
ORD-102531,B2B-29290,2025-10-10 15:21:48,2025-10-21 15:21:48,2025-10-25 15:21:48,4,74.06,7,Melbourne,739.67,1.0,Late Delivery
ORD-102532,B2B-15993,2026-02-23 14:03:00,2026-03-06 14:03:00,2026-03-06 14:03:00,0,71.7,3,Brisbane,270.48,0.0,
ORD-102533,B2B-41761,2025-12-02 18:51:36,2025-12-09 18:51:36,2025-12-09 18:51:36,0,71.77,3,Adelaide,248.81,0.0,
ORD-102534,B2B-44951,2026-05-17 11:11:34,2026-05-29 11:11:34,2026-05-31 11:11:34,2,97.63,3,Melbourne,832.42,0.0,
ORD-102535,B2B-35688,2026-05-16 06:08:54,2026-05-28 06:08:54,2026-05-28 06:08:54,0,72.36,7,Adelaide,329.31,0.0,
ORD-102536,B2B-14161,2026-03-29 15:29:24,2026-04-06 15:29:24,2026-04-08 15:29:24,2,48.78,3,Perth,220.42,0.0,
ORD-102537,B2B-2773,2026-05-29 20:23:39,2026-06-06 20:23:39,2026-06-06 20:23:39,0,63.96,3,Perth,223.95,0.0,
ORD-102538,B2B-43536,2025-11-12 10:04:26,2025-11-19 10:04:26,2025-11-17 10:04:26,-2,83.49,3,Melbourne,599.85,0.0,
ORD-102539,B2B-36874,2025-09-22 05:19:46,2025-10-02 05:19:46,2025-10-02 05:19:46,0,82.93,3,Brisbane,580.4,0.0,
ORD-102540,B2B-57435,2026-01-04 05:07:43,2026-01-14 05:07:43,2026-01-11 05:07:43,-3,60.77,3,Perth,293.3,0.0,
ORD-102541,B2B-68919,2026-04-21 22:42:22,2026-05-04 22:42:22,2026-05-05 22:42:22,1,52.22,7,Adelaide,182.23,0.0,
ORD-102542,B2B-54971,2025-12-17 00:04:53,2025-12-28 00:04:53,2025-12-30 00:04:53,2,59.08,7,Brisbane,147.06,0.0,
ORD-102543,B2B-97825,2025-10-05 06:31:29,2025-10-19 06:31:29,2025-10-14 06:31:29,-5,68.36,3,Brisbane,371.6,0.0,
ORD-102544,B2B-55930,2026-01-22 13:46:09,2026-02-04 13:46:09,2026-02-02 13:46:09,-2,81.5,3,Adelaide,264.74,0.0,
ORD-102545,B2B-44951,2025-10-22 03:07:53,2025-11-05 03:07:53,2025-11-04 03:07:53,-1,80.41,3,Melbourne,832.42,0.0,
ORD-102546,B2B-13926,2025-11-12 13:49:21,2025-11-20 13:49:21,2025-11-16 13:49:21,-4,95.78,3,Brisbane,662.59,0.0,
ORD-102547,B2B-57426,2025-08-15 21:19:31,2025-08-27 21:19:31,2025-08-26 21:19:31,-1,69.43,7,Melbourne,498.84,0.0,
ORD-102548,B2B-97276,2025-08-02 13:53:12,2025-08-11 13:53:12,2025-08-12 13:53:12,1,48.11,3,Brisbane,198.51,0.0,
ORD-102549,B2B-52522,2026-03-19 19:52:49,2026-03-31 19:52:49,2026-03-28 19:52:49,-3,55.29,3,Melbourne,313.94,0.0,
ORD-102550,B2B-73790,2026-06-10 16:43:17,2026-06-23 16:43:17,2026-06-25 16:43:17,2,68.42,3,Melbourne,354.4,0.0,
ORD-102551,B2B-70408,2025-11-17 07:52:26,2025-11-24 07:52:26,2025-11-26 07:52:26,2,71.37,3,Brisbane,324.91,0.0,
ORD-102552,B2B-80380,2025-11-10 09:49:12,2025-11-20 09:49:12,2025-11-19 09:49:12,-1,80.37,3,Adelaide,545.83,0.0,
ORD-102553,B2B-56992,2026-07-15 02:06:55,2026-07-28 02:06:55,2026-07-28 02:06:55,0,67.67,3,Brisbane,164.68,0.0,
ORD-102554,B2B-34548,2025-09-11 09:44:44,2025-09-25 09:44:44,2025-09-29 09:44:44,4,67.66,7,Melbourne,666.29,0.0,
ORD-102555,B2B-89062,2026-04-11 20:36:58,2026-04-19 20:36:58,2026-04-18 20:36:58,-1,63.67,7,Perth,129.41,0.0,
ORD-102556,B2B-11884,2025-09-27 03:09:48,2025-10-07 03:09:48,2025-10-05 03:09:48,-2,83.37,3,Brisbane,732.96,0.0,
ORD-102557,B2B-9933,2025-09-14 16:52:28,2025-09-22 16:52:28,2025-09-22 16:52:28,0,67.12,7,Adelaide,318.11,0.0,
ORD-102558,B2B-532,2025-11-05 03:16:27,2025-11-16 03:16:27,2025-11-16 03:16:27,0,37.28,7,Adelaide,57.73,0.0,
ORD-102559,B2B-6492,2026-01-04 12:21:51,2026-01-12 12:21:51,2026-01-09 12:21:51,-3,47.43,3,Brisbane,348.96,0.0,
ORD-102560,B2B-16615,2025-09-02 04:16:56,2025-09-13 04:16:56,2025-09-16 04:16:56,3,62.41,3,Brisbane,353.55,0.0,
ORD-102561,B2B-72219,2026-07-05 05:36:17,2026-07-15 05:36:17,2026-07-12 05:36:17,-3,53.29,7,Brisbane,428.71,0.0,
ORD-102562,B2B-1245,2025-10-28 14:17:10,2025-11-11 14:17:10,2025-11-15 14:17:10,4,77.8,3,Brisbane,612.32,1.0,Late Delivery
ORD-102563,B2B-27599,2026-02-14 18:27:42,2026-02-21 18:27:42,2026-02-22 18:27:42,1,76.78,3,Brisbane,705.12,1.0,Late Delivery
ORD-102564,B2B-17894,2025-12-24 20:09:10,2026-01-02 20:09:10,2026-01-10 20:09:10,8,81.67,7,Perth,412.29,0.0,
ORD-102565,B2B-57426,2026-06-24 14:58:06,2026-07-06 14:58:06,2026-07-02 14:58:06,-4,71.94,7,Melbourne,498.84,0.0,
ORD-102566,B2B-12689,2026-02-10 22:09:57,2026-02-22 22:09:57,2026-02-22 22:09:57,0,57.14,7,Melbourne,125.28,0.0,
ORD-102567,B2B-73790,2025-09-23 14:16:28,2025-10-03 14:16:28,2025-10-04 14:16:28,1,61.24,3,Melbourne,354.4,0.0,
ORD-102568,B2B-55207,2026-03-10 04:46:10,2026-03-21 04:46:10,2026-03-19 04:46:10,-2,48.42,3,Brisbane,245.68,0.0,
ORD-102569,B2B-39956,2025-12-15 20:38:00,2025-12-27 20:38:00,2025-12-31 20:38:00,4,69.23,3,Brisbane,298.72,0.0,
ORD-102570,B2B-41869,2026-07-11 03:36:17,2026-07-18 03:36:17,2026-07-18 03:36:17,0,87.19,7,Brisbane,608.63,0.0,
ORD-102571,B2B-79642,2025-09-30 17:26:58,2025-10-11 17:26:58,2025-10-11 17:26:58,0,77.71,3,Melbourne,606.95,0.0,
ORD-102572,B2B-46396,2026-02-06 07:24:15,2026-02-20 07:24:15,2026-02-19 07:24:15,-1,53.15,7,Adelaide,251.37,0.0,
ORD-102573,B2B-33181,2026-07-15 15:13:45,2026-07-24 15:13:45,2026-07-22 15:13:45,-2,83.33,3,Adelaide,257.39,0.0,
ORD-102574,B2B-18191,2026-03-20 23:57:49,2026-03-30 23:57:49,2026-03-30 23:57:49,0,68.99,3,Adelaide,239.43,0.0,
ORD-102575,B2B-1575,2025-12-09 00:03:23,2025-12-20 00:03:23,2025-12-20 00:03:23,0,67.83,3,Adelaide,313.76,0.0,
ORD-102576,B2B-2144,2026-02-07 11:56:44,2026-02-18 11:56:44,2026-02-18 11:56:44,0,62.54,7,Brisbane,421.59,0.0,
ORD-102577,B2B-88726,2026-06-27 03:56:42,2026-07-10 03:56:42,2026-07-10 03:56:42,0,64.46,3,Adelaide,442.26,0.0,
ORD-102578,B2B-53585,2026-02-10 05:12:11,2026-02-19 05:12:11,2026-02-22 05:12:11,3,67.84,7,Adelaide,277.3,0.0,
ORD-102579,B2B-35219,2025-11-13 05:24:57,2025-11-21 05:24:57,2025-11-20 05:24:57,-1,56.34,3,Adelaide,290.88,0.0,
ORD-102580,B2B-9933,2026-01-11 12:38:24,2026-01-25 12:38:24,2026-01-24 12:38:24,-1,46.4,7,Adelaide,318.11,0.0,
ORD-102581,B2B-84982,2026-01-10 10:45:39,2026-01-19 10:45:39,2026-01-16 10:45:39,-3,66.71,3,Adelaide,168.92,0.0,
ORD-102582,B2B-10435,2025-09-23 01:35:42,2025-10-04 01:35:42,2025-10-04 01:35:42,0,54.52,3,Melbourne,145.35,0.0,
ORD-102583,B2B-33181,2026-01-08 09:00:37,2026-01-21 09:00:37,2026-01-19 09:00:37,-2,69.3,3,Adelaide,257.39,0.0,
ORD-102584,B2B-43323,2025-09-30 02:01:05,2025-10-12 02:01:05,2025-10-13 02:01:05,1,65.82,7,Melbourne,593.06,0.0,
ORD-102585,B2B-40012,2025-10-07 22:43:53,2025-10-16 22:43:53,2025-10-16 22:43:53,0,55.3,7,Adelaide,70.68,0.0,
ORD-102586,B2B-51091,2026-01-20 16:00:39,2026-02-03 16:00:39,2026-01-26 16:00:39,-8,89.58,3,Melbourne,632.83,0.0,
ORD-102587,B2B-68135,2026-04-07 06:14:44,2026-04-16 06:14:44,2026-04-14 06:14:44,-2,107.76,7,Brisbane,706.94,0.0,
ORD-102588,B2B-97179,2026-06-15 13:33:31,2026-06-24 13:33:31,2026-06-24 13:33:31,0,84.05,3,Melbourne,566.59,0.0,
ORD-102589,B2B-54971,2025-11-19 20:35:58,2025-12-02 20:35:58,2025-12-02 20:35:58,0,60.83,7,Brisbane,147.06,0.0,
ORD-102590,B2B-5625,2026-05-20 03:53:25,2026-05-29 03:53:25,2026-05-28 03:53:25,-1,88.88,3,Brisbane,674.77,0.0,
ORD-102591,B2B-34548,2026-06-09 22:48:24,2026-06-17 22:48:24,2026-06-16 22:48:24,-1,77.85,7,Melbourne,666.29,0.0,
ORD-102592,B2B-16506,2026-04-02 18:08:39,2026-04-11 18:08:39,2026-04-08 18:08:39,-3,55.56,3,Brisbane,422.23,0.0,
ORD-102593,B2B-84509,2025-11-17 13:29:06,2025-11-27 13:29:06,2025-11-29 13:29:06,2,67.86,3,Brisbane,417.09,0.0,
ORD-102594,B2B-68212,2025-12-13 02:47:00,2025-12-22 02:47:00,2025-12-22 02:47:00,0,49.07,3,Adelaide,41.47,0.0,
ORD-102595,B2B-67196,2026-03-02 19:12:05,2026-03-13 19:12:05,2026-03-14 19:12:05,1,44.86,7,Brisbane,206.28,0.0,
ORD-102596,B2B-39082,2025-11-22 03:25:44,2025-12-02 03:25:44,2025-12-02 03:25:44,0,66.7,3,Melbourne,287.99,0.0,
ORD-102597,B2B-28699,2025-08-23 00:29:07,2025-08-31 00:29:07,2025-08-31 00:29:07,0,78.64,7,Perth,276.96,0.0,
ORD-102598,B2B-11848,2026-04-06 22:21:22,2026-04-15 22:21:22,2026-04-12 22:21:22,-3,68.78,3,Melbourne,509.37,0.0,
ORD-102599,B2B-76315,2026-01-27 09:06:59,2026-02-08 09:06:59,2026-02-09 09:06:59,1,80.36,3,Melbourne,617.5,0.0,
ORD-102600,B2B-52738,2026-02-15 19:01:19,2026-02-22 19:01:19,2026-02-25 19:01:19,3,84.95,3,Brisbane,826.49,1.0,Late Delivery
ORD-102601,B2B-93002,2026-01-25 13:09:45,2026-02-04 13:09:45,2026-02-04 13:09:45,0,69.1,3,Brisbane,216.77,0.0,
ORD-102602,B2B-76411,2026-03-04 14:40:23,2026-03-13 14:40:23,2026-03-10 14:40:23,-3,88.47,3,Melbourne,806.71,0.0,
ORD-102603,B2B-19214,2026-02-10 05:37:02,2026-02-18 05:37:02,2026-02-23 05:37:02,5,88.75,7,Melbourne,863.96,0.0,
ORD-102604,B2B-77562,2025-08-16 21:23:32,2025-08-28 21:23:32,2025-08-26 21:23:32,-2,69.46,7,Perth,194.73,0.0,
ORD-102605,B2B-91629,2026-05-15 04:14:08,2026-05-26 04:14:08,2026-05-26 04:14:08,0,62.16,3,Adelaide,222.93,0.0,
ORD-102606,B2B-11521,2026-04-29 10:08:06,2026-05-10 10:08:06,2026-05-10 10:08:06,0,41.07,3,Perth,26.15,0.0,
ORD-102607,B2B-82861,2026-07-22 05:42:57,2026-08-03 05:42:57,2026-08-02 05:42:57,-1,71.49,7,Brisbane,269.58,0.0,
ORD-102608,B2B-34949,2026-07-02 12:52:25,2026-07-10 12:52:25,2026-07-08 12:52:25,-2,76.69,3,Adelaide,297.34,0.0,
ORD-102609,B2B-29290,2025-11-16 05:06:44,2025-11-30 05:06:44,2025-11-30 05:06:44,0,75.43,7,Melbourne,739.67,0.0,
ORD-102610,B2B-83562,2026-07-07 01:23:26,2026-07-14 01:23:26,2026-07-16 01:23:26,2,58.75,7,Brisbane,229.29,1.0,Late Delivery
ORD-102611,B2B-6404,2025-09-04 08:12:28,2025-09-12 08:12:28,2025-09-13 08:12:28,1,73.66,3,Brisbane,732.93,0.0,
ORD-102612,B2B-90320,2026-04-25 03:01:54,2026-05-02 03:01:54,2026-05-01 03:01:54,-1,73.44,7,Brisbane,519.08,0.0,
ORD-102613,B2B-5107,2026-03-29 21:23:34,2026-04-10 21:23:34,2026-04-07 21:23:34,-3,68.71,7,Brisbane,521.23,0.0,
ORD-102614,B2B-21723,2025-08-26 05:44:47,2025-09-02 05:44:47,2025-09-05 05:44:47,3,49.94,7,Perth,128.61,0.0,
ORD-102615,B2B-33897,2025-12-28 15:58:32,2026-01-06 15:58:32,2026-01-04 15:58:32,-2,86.6,7,Melbourne,555.88,0.0,
ORD-102616,B2B-38398,2026-04-24 18:24:24,2026-05-03 18:24:24,2026-05-07 18:24:24,4,81.66,3,Brisbane,610.12,1.0,Late Delivery
ORD-102617,B2B-79028,2026-01-28 22:25:54,2026-02-11 22:25:54,2026-02-12 22:25:54,1,66.55,3,Adelaide,466.94,0.0,
ORD-102618,B2B-5107,2026-04-14 18:46:17,2026-04-25 18:46:17,2026-04-22 18:46:17,-3,74.95,7,Brisbane,521.23,0.0,
ORD-102619,B2B-92314,2026-01-10 10:03:03,2026-01-17 10:03:03,2026-01-17 10:03:03,0,59.93,3,Adelaide,119.55,0.0,
ORD-102620,B2B-62271,2025-10-02 03:49:44,2025-10-09 03:49:44,2025-10-05 03:49:44,-4,99.85,7,Melbourne,288.22,0.0,
ORD-102621,B2B-88555,2025-12-13 18:33:29,2025-12-27 18:33:29,2025-12-28 18:33:29,1,80.99,3,Brisbane,560.64,0.0,
ORD-102622,B2B-16966,2025-11-03 17:01:49,2025-11-15 17:01:49,2025-11-12 17:01:49,-3,64.09,3,Melbourne,232.76,0.0,
ORD-102623,B2B-12689,2025-09-28 04:30:28,2025-10-05 04:30:28,2025-10-07 04:30:28,2,55.66,7,Melbourne,125.28,0.0,
ORD-102624,B2B-77067,2025-10-04 14:43:04,2025-10-17 14:43:04,2025-10-17 14:43:04,0,65.64,7,Melbourne,322.91,0.0,
ORD-102625,B2B-9376,2026-07-22 20:30:56,2026-07-30 20:30:56,2026-07-30 20:30:56,0,42.81,3,Perth,81.95,0.0,
ORD-102626,B2B-54897,2026-04-29 20:37:44,2026-05-06 20:37:44,2026-05-06 20:37:44,0,64.03,3,Melbourne,287.59,0.0,
ORD-102627,B2B-75357,2026-05-17 08:35:02,2026-05-31 08:35:02,2026-05-27 08:35:02,-4,68.49,3,Perth,507.79,0.0,
ORD-102628,B2B-70481,2026-02-16 13:38:58,2026-02-27 13:38:58,2026-02-27 13:38:58,0,83.57,7,Melbourne,569.0,0.0,
ORD-102629,B2B-26477,2025-10-24 05:19:37,2025-11-07 05:19:37,2025-11-04 05:19:37,-3,74.9,3,Melbourne,267.63,0.0,
ORD-102630,B2B-5941,2025-11-28 18:08:58,2025-12-11 18:08:58,2025-12-09 18:08:58,-2,81.26,3,Melbourne,491.49,1.0,Quality Issue
ORD-102631,B2B-99480,2025-11-05 15:40:50,2025-11-14 15:40:50,2025-11-13 15:40:50,-1,78.16,3,Perth,448.58,0.0,
ORD-102632,B2B-77067,2026-06-29 11:30:56,2026-07-06 11:30:56,2026-07-05 11:30:56,-1,77.47,7,Melbourne,322.91,0.0,
ORD-102633,B2B-72918,2025-11-15 23:35:08,2025-11-28 23:35:08,2025-11-25 23:35:08,-3,53.66,3,Brisbane,181.99,0.0,
ORD-102634,B2B-52738,2025-10-12 04:51:02,2025-10-21 04:51:02,2025-10-24 04:51:02,3,92.39,3,Brisbane,826.49,0.0,
ORD-102635,B2B-70481,2026-07-11 07:45:06,2026-07-21 07:45:06,2026-07-22 07:45:06,1,62.97,7,Melbourne,569.0,0.0,
ORD-102636,B2B-16185,2026-06-08 00:50:26,2026-06-19 00:50:26,2026-06-21 00:50:26,2,66.48,3,Melbourne,106.42,0.0,
ORD-102637,B2B-58497,2026-03-20 13:09:52,2026-03-28 13:09:52,2026-03-28 13:09:52,0,62.38,3,Adelaide,185.01,1.0,Quality Issue
ORD-102638,B2B-84961,2026-02-16 04:53:47,2026-02-26 04:53:47,2026-02-26 04:53:47,0,77.65,7,Melbourne,445.61,0.0,
ORD-102639,B2B-33006,2026-04-18 23:05:53,2026-04-30 23:05:53,2026-05-04 23:05:53,4,60.51,3,Brisbane,288.71,1.0,Late Delivery
ORD-102640,B2B-44050,2025-08-08 09:13:19,2025-08-17 09:13:19,2025-08-17 09:13:19,0,41.27,3,Adelaide,232.02,0.0,
ORD-102641,B2B-49876,2026-05-31 03:44:52,2026-06-12 03:44:52,2026-06-11 03:44:52,-1,57.84,3,Adelaide,216.16,0.0,
ORD-102642,B2B-93833,2025-12-20 03:21:35,2025-12-27 03:21:35,2025-12-29 03:21:35,2,33.33,3,Brisbane,418.51,0.0,
ORD-102643,B2B-33392,2026-04-01 18:29:37,2026-04-10 18:29:37,2026-04-08 18:29:37,-2,42.07,7,Adelaide,172.39,0.0,
ORD-102644,B2B-6304,2025-08-17 02:40:15,2025-08-27 02:40:15,2025-08-30 02:40:15,3,60.13,3,Brisbane,299.5,0.0,
ORD-102645,B2B-75752,2026-06-09 14:29:48,2026-06-22 14:29:48,2026-06-22 14:29:48,0,78.32,3,Brisbane,434.83,0.0,
ORD-102646,B2B-49044,2026-03-22 20:34:36,2026-04-02 20:34:36,2026-04-06 20:34:36,4,83.44,7,Brisbane,662.08,0.0,
ORD-102647,B2B-47208,2026-02-20 02:59:56,2026-02-27 02:59:56,2026-02-24 02:59:56,-3,66.45,3,Melbourne,563.28,0.0,
ORD-102648,B2B-72474,2026-01-30 22:06:12,2026-02-13 22:06:12,2026-02-15 22:06:12,2,84.01,7,Melbourne,663.97,0.0,
ORD-102649,B2B-70994,2026-02-15 13:57:24,2026-02-25 13:57:24,2026-02-24 13:57:24,-1,76.87,7,Melbourne,301.53,0.0,
ORD-102650,B2B-97922,2026-03-08 01:13:44,2026-03-20 01:13:44,2026-03-24 01:13:44,4,78.8,7,Brisbane,843.37,0.0,
ORD-102651,B2B-3443,2025-09-24 04:50:31,2025-10-04 04:50:31,2025-10-03 04:50:31,-1,73.31,3,Adelaide,221.32,0.0,
ORD-102652,B2B-1715,2026-04-20 01:40:11,2026-04-30 01:40:11,2026-04-26 01:40:11,-4,62.51,7,Melbourne,321.45,0.0,
ORD-102653,B2B-97673,2026-03-28 19:12:44,2026-04-11 19:12:44,2026-04-12 19:12:44,1,94.02,3,Melbourne,665.56,1.0,Late Delivery
ORD-102654,B2B-30067,2025-12-09 01:51:08,2025-12-22 01:51:08,2025-12-22 01:51:08,0,72.67,7,Brisbane,209.94,0.0,
ORD-102655,B2B-25910,2026-07-09 11:24:07,2026-07-22 11:24:07,2026-07-19 11:24:07,-3,58.93,3,Melbourne,151.59,0.0,
ORD-102656,B2B-96173,2025-10-31 23:47:51,2025-11-11 23:47:51,2025-11-07 23:47:51,-4,71.59,3,Melbourne,452.85,0.0,
ORD-102657,B2B-6492,2026-04-23 19:11:21,2026-04-30 19:11:21,2026-04-29 19:11:21,-1,63.94,3,Brisbane,348.96,0.0,
ORD-102658,B2B-16506,2026-03-27 11:51:05,2026-04-08 11:51:05,2026-04-11 11:51:05,3,53.89,3,Brisbane,422.23,0.0,
ORD-102659,B2B-5625,2026-01-22 16:51:53,2026-02-04 16:51:53,2026-02-05 16:51:53,1,85.21,3,Brisbane,674.77,0.0,
ORD-102660,B2B-79534,2025-08-26 03:17:55,2025-09-08 03:17:55,2025-09-07 03:17:55,-1,76.29,3,Melbourne,248.84,0.0,
ORD-102661,B2B-2258,2026-04-21 13:08:54,2026-04-30 13:08:54,2026-04-30 13:08:54,0,72.74,3,Brisbane,331.68,0.0,
ORD-102662,B2B-28120,2025-09-01 19:26:26,2025-09-13 19:26:26,2025-09-17 19:26:26,4,31.7,3,Perth,444.72,1.0,Late Delivery
ORD-102663,B2B-72214,2025-10-10 06:19:35,2025-10-23 06:19:35,2025-10-26 06:19:35,3,52.74,3,Melbourne,211.97,0.0,
ORD-102664,B2B-54971,2025-12-28 00:04:52,2026-01-10 00:04:52,2026-01-09 00:04:52,-1,45.51,7,Brisbane,147.06,0.0,
ORD-102665,B2B-10589,2025-08-01 02:59:55,2025-08-10 02:59:55,2025-08-10 02:59:55,0,80.27,7,Adelaide,206.53,0.0,
ORD-102666,B2B-77067,2026-05-11 03:56:13,2026-05-23 03:56:13,2026-05-21 03:56:13,-2,56.16,7,Melbourne,322.91,1.0,Packaging Damage
ORD-102667,B2B-92368,2026-05-08 00:22:21,2026-05-22 00:22:21,2026-05-22 00:22:21,0,70.06,3,Brisbane,113.13,0.0,
ORD-102668,B2B-24909,2026-04-30 02:10:43,2026-05-12 02:10:43,2026-05-13 02:10:43,1,53.65,3,Melbourne,303.24,1.0,Customer Service
ORD-102669,B2B-40989,2025-12-20 14:54:17,2026-01-02 14:54:17,2026-01-02 14:54:17,0,74.63,7,Perth,252.61,0.0,
ORD-102670,B2B-19402,2025-09-10 12:52:30,2025-09-17 12:52:30,2025-09-15 12:52:30,-2,55.36,7,Brisbane,198.91,0.0,
ORD-102671,B2B-89892,2025-08-10 15:25:14,2025-08-22 15:25:14,2025-08-24 15:25:14,2,60.7,3,Melbourne,259.72,0.0,
ORD-102672,B2B-51091,2026-03-12 22:10:47,2026-03-20 22:10:47,2026-03-20 22:10:47,0,80.98,3,Melbourne,632.83,0.0,
ORD-102673,B2B-98544,2026-07-19 19:00:44,2026-08-02 19:00:44,2026-08-02 19:00:44,0,55.47,7,Perth,332.42,0.0,
ORD-102674,B2B-11907,2025-12-16 13:20:46,2025-12-23 13:20:46,2025-12-23 13:20:46,0,79.71,7,Brisbane,272.23,0.0,
ORD-102675,B2B-99501,2026-07-03 18:12:47,2026-07-13 18:12:47,2026-07-15 18:12:47,2,80.78,3,Melbourne,643.12,0.0,
ORD-102676,B2B-37533,2026-01-29 15:47:52,2026-02-12 15:47:52,2026-02-14 15:47:52,2,84.77,3,Melbourne,626.0,0.0,
ORD-102677,B2B-8713,2026-02-28 10:09:15,2026-03-12 10:09:15,2026-03-15 10:09:15,3,47.47,3,Perth,254.25,0.0,
ORD-102678,B2B-36206,2025-12-18 19:23:19,2025-12-28 19:23:19,2025-12-23 19:23:19,-5,66.61,3,Perth,423.79,0.0,
ORD-102679,B2B-70116,2025-08-29 00:31:22,2025-09-12 00:31:22,2025-09-12 00:31:22,0,77.21,7,Brisbane,289.27,0.0,
ORD-102680,B2B-41329,2026-06-02 22:06:28,2026-06-14 22:06:28,2026-06-14 22:06:28,0,58.43,7,Adelaide,225.17,0.0,
ORD-102681,B2B-56377,2026-02-14 19:31:39,2026-02-22 19:31:39,2026-02-22 19:31:39,0,76.38,3,Perth,536.78,0.0,
ORD-102682,B2B-53943,2026-07-07 10:16:29,2026-07-14 10:16:29,2026-07-17 10:16:29,3,64.02,3,Melbourne,648.98,0.0,
ORD-102683,B2B-85628,2025-08-16 14:58:35,2025-08-30 14:58:35,2025-08-31 14:58:35,1,66.26,7,Brisbane,299.31,0.0,
ORD-102684,B2B-99105,2025-08-25 18:38:14,2025-09-03 18:38:14,2025-08-31 18:38:14,-3,65.94,3,Brisbane,503.69,0.0,
ORD-102685,B2B-5218,2026-01-29 07:22:08,2026-02-11 07:22:08,2026-02-12 07:22:08,1,75.07,3,Brisbane,370.92,0.0,
ORD-102686,B2B-54672,2026-03-19 11:27:51,2026-03-31 11:27:51,2026-04-03 11:27:51,3,80.22,3,Melbourne,550.57,0.0,
ORD-102687,B2B-31915,2026-06-02 14:23:52,2026-06-11 14:23:52,2026-06-11 14:23:52,0,59.12,7,Perth,291.96,0.0,
ORD-102688,B2B-38648,2025-11-28 20:31:54,2025-12-12 20:31:54,2025-12-14 20:31:54,2,39.9,3,Brisbane,104.04,0.0,
ORD-102689,B2B-69495,2025-12-17 14:28:21,2025-12-31 14:28:21,2025-12-30 14:28:21,-1,52.69,3,Adelaide,147.01,0.0,
ORD-102690,B2B-4727,2025-08-29 21:26:46,2025-09-11 21:26:46,2025-09-07 21:26:46,-4,81.19,7,Adelaide,619.93,0.0,
ORD-102691,B2B-9376,2026-02-26 14:41:27,2026-03-07 14:41:27,2026-03-06 14:41:27,-1,53.53,3,Perth,81.95,0.0,
ORD-102692,B2B-75641,2025-12-21 14:55:43,2025-12-28 14:55:43,2025-12-30 14:55:43,2,38.84,3,Adelaide,39.25,0.0,
ORD-102693,B2B-81641,2025-11-30 07:44:31,2025-12-11 07:44:31,2025-12-14 07:44:31,3,68.76,3,Melbourne,298.87,0.0,
ORD-102694,B2B-54672,2026-02-27 05:41:02,2026-03-09 05:41:02,2026-03-08 05:41:02,-1,65.4,3,Melbourne,550.57,0.0,
ORD-102695,B2B-80015,2026-04-27 00:54:12,2026-05-06 00:54:12,2026-05-05 00:54:12,-1,58.3,3,Perth,168.28,0.0,
ORD-102696,B2B-824,2026-03-25 02:47:51,2026-04-07 02:47:51,2026-04-08 02:47:51,1,50.62,7,Brisbane,210.68,0.0,
ORD-102697,B2B-43323,2025-11-03 03:33:43,2025-11-11 03:33:43,2025-11-11 03:33:43,0,77.85,7,Melbourne,593.06,0.0,
ORD-102698,B2B-96058,2025-12-02 02:48:16,2025-12-12 02:48:16,2025-12-12 02:48:16,0,57.41,7,Melbourne,216.57,0.0,
ORD-102699,B2B-69860,2025-10-08 17:30:43,2025-10-22 17:30:43,2025-10-19 17:30:43,-3,74.18,3,Melbourne,629.23,0.0,
ORD-102700,B2B-71321,2025-10-01 22:04:37,2025-10-14 22:04:37,2025-10-14 22:04:37,0,61.84,7,Melbourne,460.1,0.0,
ORD-102701,B2B-10240,2026-06-20 20:09:51,2026-06-30 20:09:51,2026-07-01 20:09:51,1,59.74,7,Perth,327.65,1.0,Late Delivery
ORD-102702,B2B-43536,2025-08-28 22:49:48,2025-09-06 22:49:48,2025-09-07 22:49:48,1,92.74,3,Melbourne,599.85,1.0,Late Delivery
ORD-102703,B2B-19595,2025-10-23 10:04:07,2025-11-04 10:04:07,2025-11-04 10:04:07,0,56.17,7,Brisbane,342.82,0.0,
ORD-102704,B2B-10603,2025-08-11 17:45:37,2025-08-22 17:45:37,2025-08-24 17:45:37,2,92.46,3,Brisbane,792.16,1.0,Customer Service
ORD-102705,B2B-45330,2025-09-13 09:17:16,2025-09-23 09:17:16,2025-09-24 09:17:16,1,64.94,3,Brisbane,371.39,0.0,
ORD-102706,B2B-75641,2025-10-18 19:33:04,2025-11-01 19:33:04,2025-11-01 19:33:04,0,59.63,3,Adelaide,39.25,0.0,
ORD-102707,B2B-52943,2026-06-11 20:46:30,2026-06-20 20:46:30,2026-06-16 20:46:30,-4,100.91,7,Melbourne,856.21,0.0,
ORD-102708,B2B-71281,2026-05-18 16:04:07,2026-05-25 16:04:07,2026-05-26 16:04:07,1,70.86,3,Adelaide,295.12,0.0,
ORD-102709,B2B-16719,2026-02-14 18:24:54,2026-02-25 18:24:54,2026-03-01 18:24:54,4,62.04,7,Perth,326.27,0.0,
ORD-102710,B2B-38826,2026-02-06 15:51:04,2026-02-19 15:51:04,2026-02-18 15:51:04,-1,74.34,7,Brisbane,536.49,0.0,
ORD-102711,B2B-6646,2026-07-09 13:19:46,2026-07-16 13:19:46,2026-07-15 13:19:46,-1,54.41,7,Melbourne,81.69,0.0,
ORD-102712,B2B-83863,2026-06-03 04:05:59,2026-06-14 04:05:59,2026-06-15 04:05:59,1,70.33,3,Perth,224.08,0.0,
ORD-102713,B2B-89458,2026-06-24 15:06:00,2026-07-08 15:06:00,2026-07-10 15:06:00,2,68.36,7,Adelaide,169.02,0.0,
ORD-102714,B2B-19402,2026-04-24 07:26:07,2026-05-07 07:26:07,2026-05-07 07:26:07,0,66.01,7,Brisbane,198.91,0.0,
ORD-102715,B2B-10100,2026-07-17 12:07:19,2026-07-30 12:07:19,2026-07-30 12:07:19,0,45.74,3,Perth,132.58,0.0,
ORD-102716,B2B-14370,2025-07-31 12:35:26,2025-08-12 12:35:26,2025-08-14 12:35:26,2,75.81,7,Brisbane,314.39,0.0,
ORD-102717,B2B-3029,2026-05-24 18:34:42,2026-06-07 18:34:42,2026-06-09 18:34:42,2,71.1,3,Adelaide,244.75,0.0,
ORD-102718,B2B-41230,2026-07-21 08:52:14,2026-08-04 08:52:14,2026-08-04 08:52:14,0,40.77,3,Adelaide,106.34,0.0,
ORD-102719,B2B-24909,2026-03-14 06:10:39,2026-03-21 06:10:39,2026-03-24 06:10:39,3,73.92,3,Melbourne,303.24,0.0,
ORD-102720,B2B-16829,2026-06-25 17:01:20,2026-07-04 17:01:20,2026-07-07 17:01:20,3,53.38,3,Melbourne,128.6,0.0,
ORD-102721,B2B-47096,2025-08-11 05:48:48,2025-08-19 05:48:48,2025-08-18 05:48:48,-1,64.16,3,Brisbane,91.69,0.0,
ORD-102722,B2B-13933,2025-10-23 18:52:19,2025-11-05 18:52:19,2025-11-06 18:52:19,1,66.31,3,Adelaide,265.59,1.0,Late Delivery
ORD-102723,B2B-5963,2025-08-27 15:58:56,2025-09-09 15:58:56,2025-09-07 15:58:56,-2,77.97,3,Brisbane,539.47,0.0,
ORD-102724,B2B-70880,2026-03-13 11:35:40,2026-03-22 11:35:40,2026-03-22 11:35:40,0,75.88,3,Brisbane,644.27,0.0,
ORD-102725,B2B-40178,2026-06-01 16:49:56,2026-06-12 16:49:56,2026-06-09 16:49:56,-3,68.35,3,Melbourne,294.57,0.0,
ORD-102726,B2B-99069,2025-09-14 19:33:52,2025-09-28 19:33:52,2025-09-29 19:33:52,1,72.99,3,Brisbane,505.28,0.0,
ORD-102727,B2B-29564,2026-03-06 17:45:00,2026-03-15 17:45:00,2026-03-18 17:45:00,3,55.9,3,Adelaide,179.99,1.0,Late Delivery
ORD-102728,B2B-68926,2025-09-16 20:23:04,2025-09-27 20:23:04,2025-09-26 20:23:04,-1,50.23,3,Brisbane,258.66,0.0,
ORD-102729,B2B-86845,2025-11-22 08:58:57,2025-12-04 08:58:57,2025-12-07 08:58:57,3,57.79,3,Melbourne,198.3,0.0,
ORD-102730,B2B-68135,2025-11-03 11:58:14,2025-11-11 11:58:14,2025-11-11 11:58:14,0,93.62,7,Brisbane,706.94,0.0,
ORD-102731,B2B-93002,2026-07-05 04:22:36,2026-07-18 04:22:36,2026-07-21 04:22:36,3,65.29,3,Brisbane,216.77,1.0,Late Delivery
ORD-102732,B2B-83562,2025-10-27 22:08:16,2025-11-07 22:08:16,2025-11-09 22:08:16,2,63.71,7,Brisbane,229.29,0.0,
ORD-102733,B2B-18191,2025-09-20 07:00:56,2025-09-27 07:00:56,2025-09-28 07:00:56,1,58.65,3,Adelaide,239.43,0.0,
ORD-102734,B2B-91425,2026-03-26 13:21:37,2026-04-06 13:21:37,2026-04-07 13:21:37,1,85.28,3,Brisbane,396.55,0.0,
ORD-102735,B2B-35806,2026-04-11 10:33:34,2026-04-25 10:33:34,2026-04-21 10:33:34,-4,63.18,3,Adelaide,167.05,0.0,
ORD-102736,B2B-21097,2026-04-02 17:27:57,2026-04-14 17:27:57,2026-04-14 17:27:57,0,58.77,3,Melbourne,138.29,0.0,
ORD-102737,B2B-62271,2025-11-16 07:50:19,2025-11-24 07:50:19,2025-11-24 07:50:19,0,67.5,7,Melbourne,288.22,0.0,
ORD-102738,B2B-30729,2026-01-18 07:27:24,2026-02-01 07:27:24,2026-02-01 07:27:24,0,76.12,3,Melbourne,556.38,0.0,
ORD-102739,B2B-48337,2025-09-27 02:26:43,2025-10-05 02:26:43,2025-10-05 02:26:43,0,62.29,3,Perth,217.85,0.0,
ORD-102740,B2B-39734,2026-03-26 02:19:28,2026-04-03 02:19:28,2026-04-06 02:19:28,3,84.28,3,Melbourne,599.79,0.0,
ORD-102741,B2B-5218,2025-09-11 11:02:18,2025-09-20 11:02:18,2025-09-20 11:02:18,0,81.9,3,Brisbane,370.92,0.0,
ORD-102742,B2B-41024,2026-03-06 04:42:09,2026-03-14 04:42:09,2026-03-14 04:42:09,0,83.31,3,Brisbane,433.53,0.0,
ORD-102743,B2B-58412,2026-02-21 23:29:27,2026-03-03 23:29:27,2026-03-02 23:29:27,-1,80.47,7,Adelaide,543.27,0.0,
ORD-102744,B2B-18221,2025-12-24 17:21:32,2026-01-03 17:21:32,2026-01-04 17:21:32,1,49.62,3,Perth,348.44,0.0,
ORD-102745,B2B-96058,2026-01-01 15:26:46,2026-01-10 15:26:46,2026-01-10 15:26:46,0,62.4,7,Melbourne,216.57,0.0,
ORD-102746,B2B-73101,2025-09-08 03:54:31,2025-09-15 03:54:31,2025-09-10 03:54:31,-5,78.63,3,Melbourne,574.65,0.0,
ORD-102747,B2B-6754,2026-03-30 14:44:28,2026-04-10 14:44:28,2026-04-09 14:44:28,-1,80.34,3,Perth,533.44,0.0,
ORD-102748,B2B-7824,2025-12-19 13:18:44,2025-12-28 13:18:44,2026-01-02 13:18:44,5,73.28,3,Brisbane,603.55,1.0,Late Delivery
ORD-102749,B2B-15993,2026-07-21 09:29:44,2026-07-30 09:29:44,2026-07-30 09:29:44,0,78.67,3,Brisbane,270.48,0.0,
ORD-102750,B2B-28602,2026-01-08 05:17:46,2026-01-22 05:17:46,2026-01-20 05:17:46,-2,65.63,3,Melbourne,223.1,0.0,
ORD-102751,B2B-80380,2025-10-29 01:15:20,2025-11-10 01:15:20,2025-11-12 01:15:20,2,72.54,3,Adelaide,545.83,0.0,
ORD-102752,B2B-90351,2025-10-01 19:46:18,2025-10-13 19:46:18,2025-10-13 19:46:18,0,51.19,7,Perth,64.85,0.0,
ORD-102753,B2B-33680,2025-10-01 08:01:03,2025-10-13 08:01:03,2025-10-14 08:01:03,1,59.99,3,Perth,278.55,0.0,
ORD-102754,B2B-65084,2025-08-13 10:31:29,2025-08-25 10:31:29,2025-08-25 10:31:29,0,56.92,7,Brisbane,218.58,0.0,
ORD-102755,B2B-41910,2026-04-30 05:39:12,2026-05-08 05:39:12,2026-05-09 05:39:12,1,77.62,3,Brisbane,191.25,0.0,
ORD-102756,B2B-15887,2025-10-31 20:46:58,2025-11-13 20:46:58,2025-11-09 20:46:58,-4,51.53,7,Perth,234.39,0.0,
ORD-102757,B2B-21647,2026-07-03 22:32:56,2026-07-13 22:32:56,2026-07-18 22:32:56,5,70.56,3,Perth,378.29,1.0,Late Delivery
ORD-102758,B2B-57541,2025-10-11 03:13:42,2025-10-23 03:13:42,2025-10-23 03:13:42,0,71.17,3,Brisbane,338.12,0.0,
ORD-102759,B2B-20421,2025-10-15 19:49:21,2025-10-22 19:49:21,2025-10-25 19:49:21,3,77.59,3,Brisbane,718.6,1.0,Late Delivery
ORD-102760,B2B-62843,2026-04-14 10:27:48,2026-04-27 10:27:48,2026-04-26 10:27:48,-1,50.13,7,Melbourne,82.28,0.0,
ORD-102761,B2B-42643,2026-04-25 10:51:57,2026-05-03 10:51:57,2026-05-03 10:51:57,0,75.9,3,Brisbane,334.58,0.0,
ORD-102762,B2B-73752,2025-10-06 23:30:31,2025-10-16 23:30:31,2025-10-15 23:30:31,-1,92.73,7,Perth,578.14,0.0,
ORD-102763,B2B-70283,2025-10-16 04:43:53,2025-10-25 04:43:53,2025-10-25 04:43:53,0,93.24,3,Melbourne,878.87,0.0,
ORD-102764,B2B-81277,2025-09-14 16:03:25,2025-09-24 16:03:25,2025-09-25 16:03:25,1,84.67,3,Melbourne,659.12,0.0,
ORD-102765,B2B-6337,2025-10-20 21:48:30,2025-11-02 21:48:30,2025-11-06 21:48:30,4,55.79,7,Melbourne,362.09,0.0,
ORD-102766,B2B-97179,2025-09-06 05:02:35,2025-09-14 05:02:35,2025-09-16 05:02:35,2,67.06,3,Melbourne,566.59,0.0,
ORD-102767,B2B-12409,2025-11-01 17:19:30,2025-11-14 17:19:30,2025-11-16 17:19:30,2,56.1,7,Adelaide,200.39,0.0,
ORD-102768,B2B-38648,2025-09-04 01:02:39,2025-09-14 01:02:39,2025-09-14 01:02:39,0,54.42,3,Brisbane,104.04,0.0,
ORD-102769,B2B-92314,2026-07-10 08:57:48,2026-07-21 08:57:48,2026-07-22 08:57:48,1,66.6,3,Adelaide,119.55,1.0,Late Delivery
ORD-102770,B2B-53585,2026-05-20 14:20:28,2026-06-03 14:20:28,2026-06-03 14:20:28,0,54.75,7,Adelaide,277.3,0.0,
ORD-102771,B2B-93157,2026-05-01 11:14:27,2026-05-12 11:14:27,2026-05-13 11:14:27,1,54.46,3,Perth,103.37,0.0,
ORD-102772,B2B-89892,2026-07-05 21:37:53,2026-07-16 21:37:53,2026-07-16 21:37:53,0,62.45,3,Melbourne,259.72,0.0,
ORD-102773,B2B-20143,2025-11-03 00:31:50,2025-11-14 00:31:50,2025-11-16 00:31:50,2,78.8,3,Brisbane,477.8,0.0,
ORD-102774,B2B-88555,2026-06-23 05:06:50,2026-07-04 05:06:50,2026-07-04 05:06:50,0,77.2,3,Brisbane,560.64,0.0,
ORD-102775,B2B-35757,2025-10-11 10:47:14,2025-10-25 10:47:14,2025-10-25 10:47:14,0,60.66,3,Perth,153.49,0.0,
ORD-102776,B2B-12172,2025-11-30 04:38:30,2025-12-07 04:38:30,2025-12-10 04:38:30,3,75.98,7,Brisbane,499.33,0.0,
ORD-102777,B2B-97825,2026-02-13 23:36:20,2026-02-24 23:36:20,2026-02-24 23:36:20,0,70.92,3,Brisbane,371.6,0.0,
ORD-102778,B2B-17175,2025-08-28 08:48:08,2025-09-04 08:48:08,2025-09-08 08:48:08,4,86.26,3,Melbourne,699.29,1.0,Late Delivery
ORD-102779,B2B-54070,2026-05-27 03:13:14,2026-06-05 03:13:14,2026-06-06 03:13:14,1,67.54,3,Brisbane,415.03,0.0,
ORD-102780,B2B-8713,2025-09-13 05:54:58,2025-09-22 05:54:58,2025-09-21 05:54:58,-1,54.43,3,Perth,254.25,0.0,
ORD-102781,B2B-1245,2026-04-04 01:55:04,2026-04-12 01:55:04,2026-04-12 01:55:04,0,86.66,3,Brisbane,612.32,0.0,
ORD-102782,B2B-10603,2025-12-01 15:11:00,2025-12-09 15:11:00,2025-12-12 15:11:00,3,95.47,3,Brisbane,792.16,1.0,Late Delivery
ORD-102783,B2B-88226,2026-04-06 18:24:35,2026-04-15 18:24:35,2026-04-22 18:24:35,7,93.1,3,Brisbane,836.71,1.0,Late Delivery
ORD-102784,B2B-6646,2025-11-30 05:26:08,2025-12-14 05:26:08,2025-12-17 05:26:08,3,44.74,7,Melbourne,81.69,1.0,Late Delivery
ORD-102785,B2B-62940,2025-11-26 02:14:09,2025-12-09 02:14:09,2025-12-09 02:14:09,0,52.47,3,Perth,79.42,0.0,
ORD-102786,B2B-699,2026-04-28 09:22:44,2026-05-07 09:22:44,2026-05-06 09:22:44,-1,72.29,3,Melbourne,312.08,0.0,
ORD-102787,B2B-65412,2026-07-18 21:33:02,2026-07-26 21:33:02,2026-07-25 21:33:02,-1,89.58,3,Adelaide,368.85,0.0,
ORD-102788,B2B-72474,2026-02-19 18:24:44,2026-02-28 18:24:44,2026-02-28 18:24:44,0,80.23,7,Melbourne,663.97,0.0,
ORD-102789,B2B-55207,2026-04-30 05:26:48,2026-05-10 05:26:48,2026-05-10 05:26:48,0,59.71,3,Brisbane,245.68,0.0,
ORD-102790,B2B-89899,2026-01-11 17:08:23,2026-01-19 17:08:23,2026-01-22 17:08:23,3,81.48,3,Brisbane,618.63,0.0,
ORD-102791,B2B-71281,2026-07-28 18:17:18,2026-08-04 18:17:18,2026-07-30 18:17:18,-5,67.33,3,Adelaide,295.12,0.0,
ORD-102792,B2B-52943,2026-07-16 05:40:44,2026-07-23 05:40:44,2026-07-20 05:40:44,-3,96.45,7,Melbourne,856.21,0.0,
ORD-102793,B2B-42372,2025-09-03 11:42:34,2025-09-11 11:42:34,2025-09-11 11:42:34,0,62.76,3,Melbourne,306.08,0.0,
ORD-102794,B2B-33181,2025-10-09 22:43:03,2025-10-17 22:43:03,2025-10-16 22:43:03,-1,79.52,3,Adelaide,257.39,0.0,
ORD-102795,B2B-93117,2026-05-17 10:01:35,2026-05-29 10:01:35,2026-05-30 10:01:35,1,79.89,3,Brisbane,583.68,1.0,Late Delivery
ORD-102796,B2B-61154,2026-04-24 19:23:16,2026-05-07 19:23:16,2026-05-04 19:23:16,-3,71.49,3,Melbourne,527.14,0.0,
ORD-102797,B2B-14205,2025-11-22 05:33:11,2025-12-01 05:33:11,2025-12-01 05:33:11,0,58.58,7,Melbourne,93.91,0.0,
ORD-102798,B2B-760,2025-09-03 20:37:45,2025-09-11 20:37:45,2025-09-15 20:37:45,4,55.89,3,Adelaide,248.77,1.0,Late Delivery
ORD-102799,B2B-77661,2026-03-21 10:33:40,2026-03-29 10:33:40,2026-04-02 10:33:40,4,114.05,3,Melbourne,852.66,1.0,Late Delivery
ORD-102800,B2B-50778,2026-02-22 15:49:01,2026-03-02 15:49:01,2026-03-03 15:49:01,1,68.97,3,Brisbane,488.85,0.0,
ORD-102801,B2B-58025,2025-09-16 21:07:35,2025-09-25 21:07:35,2025-09-25 21:07:35,0,59.26,3,Melbourne,333.8,0.0,
ORD-102802,B2B-97179,2025-10-20 08:55:37,2025-11-01 08:55:37,2025-11-03 08:55:37,2,91.7,3,Melbourne,566.59,0.0,
ORD-102803,B2B-31915,2026-03-05 06:20:43,2026-03-16 06:20:43,2026-03-19 06:20:43,3,56.11,7,Perth,291.96,0.0,
ORD-102804,B2B-86465,2025-08-02 10:08:29,2025-08-11 10:08:29,2025-08-09 10:08:29,-2,70.63,7,Brisbane,662.66,0.0,
ORD-102805,B2B-16615,2026-05-13 06:50:36,2026-05-23 06:50:36,2026-05-23 06:50:36,0,63.33,3,Brisbane,353.55,0.0,
ORD-102806,B2B-83562,2025-08-07 09:34:27,2025-08-17 09:34:27,2025-08-21 09:34:27,4,54.84,7,Brisbane,229.29,0.0,
ORD-102807,B2B-9412,2026-01-08 02:22:46,2026-01-18 02:22:46,2026-01-18 02:22:46,0,79.17,3,Perth,353.19,0.0,
ORD-102808,B2B-74340,2026-04-20 07:38:35,2026-04-27 07:38:35,2026-04-28 07:38:35,1,88.59,7,Brisbane,697.85,0.0,
ORD-102809,B2B-46368,2026-07-27 01:49:08,2026-08-03 01:49:08,2026-08-02 01:49:08,-1,49.2,7,Brisbane,226.22,0.0,
ORD-102810,B2B-72466,2025-11-21 21:27:28,2025-11-30 21:27:28,2025-12-03 21:27:28,3,60.87,3,Perth,270.49,1.0,Late Delivery
ORD-102811,B2B-81896,2025-08-14 17:55:37,2025-08-26 17:55:37,2025-08-28 17:55:37,2,55.45,3,Brisbane,219.03,1.0,Late Delivery
ORD-102812,B2B-83901,2026-04-21 20:36:46,2026-04-30 20:36:46,2026-04-30 20:36:46,0,48.1,3,Brisbane,378.74,0.0,
ORD-102813,B2B-99069,2026-02-10 18:49:41,2026-02-22 18:49:41,2026-02-27 18:49:41,5,92.64,3,Brisbane,505.28,1.0,Late Delivery
ORD-102814,B2B-72765,2026-03-01 01:22:14,2026-03-15 01:22:14,2026-03-17 01:22:14,2,105.75,3,Melbourne,873.91,0.0,
ORD-102815,B2B-58497,2026-01-01 16:37:28,2026-01-09 16:37:28,2026-01-10 16:37:28,1,56.09,3,Adelaide,185.01,0.0,
ORD-102816,B2B-3615,2026-05-09 11:33:22,2026-05-18 11:33:22,2026-05-19 11:33:22,1,81.89,3,Brisbane,392.89,0.0,
ORD-102817,B2B-83416,2026-01-22 03:47:01,2026-02-02 03:47:01,2026-01-31 03:47:01,-2,82.64,3,Adelaide,207.08,0.0,
ORD-102818,B2B-52106,2026-02-02 06:19:58,2026-02-13 06:19:58,2026-02-13 06:19:58,0,68.9,3,Brisbane,665.15,0.0,
ORD-102819,B2B-5208,2026-05-17 14:59:31,2026-05-25 14:59:31,2026-05-27 14:59:31,2,85.18,3,Brisbane,483.35,1.0,Customer Service
ORD-102820,B2B-10435,2025-11-21 19:27:41,2025-12-02 19:27:41,2025-12-01 19:27:41,-1,63.52,3,Melbourne,145.35,0.0,
ORD-102821,B2B-26477,2026-03-31 16:57:17,2026-04-13 16:57:17,2026-04-16 16:57:17,3,64.42,3,Melbourne,267.63,1.0,Late Delivery
ORD-102822,B2B-84982,2025-12-07 13:54:56,2025-12-15 13:54:56,2025-12-12 13:54:56,-3,73.7,3,Adelaide,168.92,0.0,
ORD-102823,B2B-90320,2025-12-10 06:41:17,2025-12-19 06:41:17,2025-12-21 06:41:17,2,69.73,7,Brisbane,519.08,0.0,
ORD-102824,B2B-99501,2026-05-15 02:24:32,2026-05-26 02:24:32,2026-05-22 02:24:32,-4,78.05,3,Melbourne,643.12,0.0,
ORD-102825,B2B-34252,2026-06-18 17:20:10,2026-06-30 17:20:10,2026-06-30 17:20:10,0,59.49,3,Brisbane,310.33,0.0,
ORD-102826,B2B-93117,2025-12-06 02:01:52,2025-12-20 02:01:52,2025-12-20 02:01:52,0,83.25,3,Brisbane,583.68,0.0,
ORD-102827,B2B-6337,2025-11-12 11:17:45,2025-11-21 11:17:45,2025-11-22 11:17:45,1,43.6,7,Melbourne,362.09,0.0,
ORD-102828,B2B-19595,2025-08-01 12:34:29,2025-08-15 12:34:29,2025-08-18 12:34:29,3,68.96,7,Brisbane,342.82,0.0,
ORD-102829,B2B-32334,2026-07-04 14:27:26,2026-07-13 14:27:26,2026-07-11 14:27:26,-2,95.22,3,Perth,496.63,0.0,
ORD-102830,B2B-12689,2026-05-20 10:05:22,2026-05-29 10:05:22,2026-05-29 10:05:22,0,62.68,7,Melbourne,125.28,0.0,
ORD-102831,B2B-79028,2026-07-08 02:35:51,2026-07-18 02:35:51,2026-07-17 02:35:51,-1,65.7,3,Adelaide,466.94,0.0,
ORD-102832,B2B-12172,2026-06-18 16:28:48,2026-06-25 16:28:48,2026-06-27 16:28:48,2,74.58,7,Brisbane,499.33,0.0,
ORD-102833,B2B-41329,2026-01-19 13:44:35,2026-02-02 13:44:35,2026-01-31 13:44:35,-2,61.36,7,Adelaide,225.17,0.0,
ORD-102834,B2B-99045,2025-08-29 22:31:06,2025-09-08 22:31:06,2025-09-09 22:31:06,1,87.49,3,Melbourne,685.6,0.0,
ORD-102835,B2B-93779,2026-06-08 18:00:07,2026-06-21 18:00:07,2026-06-22 18:00:07,1,44.94,3,Adelaide,182.39,1.0,Late Delivery
ORD-102836,B2B-31915,2026-03-31 04:22:37,2026-04-09 04:22:37,2026-04-09 04:22:37,0,75.96,7,Perth,291.96,0.0,
ORD-102837,B2B-13926,2025-10-17 19:48:54,2025-10-25 19:48:54,2025-10-21 19:48:54,-4,88.91,3,Brisbane,662.59,0.0,
ORD-102838,B2B-85628,2026-01-14 08:18:01,2026-01-21 08:18:01,2026-01-20 08:18:01,-1,64.19,7,Brisbane,299.31,0.0,
ORD-102839,B2B-88506,2025-10-01 16:36:27,2025-10-10 16:36:27,2025-10-09 16:36:27,-1,46.35,3,Adelaide,379.24,0.0,
ORD-102840,B2B-30192,2026-03-07 21:06:09,2026-03-14 21:06:09,2026-03-16 21:06:09,2,78.45,7,Melbourne,660.18,0.0,
ORD-102841,B2B-24203,2025-08-22 01:31:42,2025-09-01 01:31:42,2025-08-31 01:31:42,-1,52.55,3,Brisbane,156.46,0.0,
ORD-102842,B2B-82260,2026-06-16 16:01:35,2026-06-28 16:01:35,2026-07-03 16:01:35,5,95.87,7,Melbourne,634.11,0.0,
ORD-102843,B2B-90351,2026-02-12 18:32:52,2026-02-19 18:32:52,2026-02-18 18:32:52,-1,57.16,7,Perth,64.85,1.0,Quality Issue
ORD-102844,B2B-75299,2026-03-16 20:40:00,2026-03-29 20:40:00,2026-03-28 20:40:00,-1,71.13,3,Brisbane,418.34,0.0,
ORD-102845,B2B-3443,2026-05-29 04:35:29,2026-06-05 04:35:29,2026-06-03 04:35:29,-2,67.17,3,Adelaide,221.32,0.0,
ORD-102846,B2B-51284,2026-03-14 19:16:45,2026-03-25 19:16:45,2026-03-26 19:16:45,1,42.14,3,Perth,206.47,0.0,
ORD-102847,B2B-56126,2026-01-16 12:22:45,2026-01-29 12:22:45,2026-01-27 12:22:45,-2,78.38,3,Adelaide,432.51,0.0,
ORD-102848,B2B-89921,2026-05-27 02:55:23,2026-06-09 02:55:23,2026-06-09 02:55:23,0,82.89,7,Perth,329.39,0.0,
ORD-102849,B2B-44951,2026-05-07 06:14:01,2026-05-14 06:14:01,2026-05-16 06:14:01,2,86.31,3,Melbourne,832.42,1.0,Late Delivery
ORD-102850,B2B-55636,2026-07-11 02:19:33,2026-07-25 02:19:33,2026-07-23 02:19:33,-2,57.71,7,Adelaide,103.07,0.0,
ORD-102851,B2B-83416,2025-11-02 08:58:54,2025-11-13 08:58:54,2025-11-14 08:58:54,1,72.13,3,Adelaide,207.08,0.0,
ORD-102852,B2B-93117,2025-10-13 14:53:45,2025-10-26 14:53:45,2025-10-24 14:53:45,-2,85.32,3,Brisbane,583.68,0.0,
ORD-102853,B2B-42372,2026-07-01 02:58:23,2026-07-11 02:58:23,2026-07-12 02:58:23,1,51.88,3,Melbourne,306.08,0.0,
ORD-102854,B2B-72219,2026-06-29 04:22:03,2026-07-06 04:22:03,2026-07-04 04:22:03,-2,56.14,7,Brisbane,428.71,0.0,
ORD-102855,B2B-24909,2025-10-17 07:04:20,2025-10-26 07:04:20,2025-10-30 07:04:20,4,52.06,3,Melbourne,303.24,1.0,Late Delivery
ORD-102856,B2B-71568,2026-05-13 11:32:14,2026-05-21 11:32:14,2026-05-21 11:32:14,0,84.33,3,Perth,305.9,0.0,
ORD-102857,B2B-53868,2026-05-26 17:21:08,2026-06-04 17:21:08,2026-06-02 17:21:08,-2,41.02,3,Melbourne,40.78,0.0,
ORD-102858,B2B-76315,2026-06-02 13:57:59,2026-06-11 13:57:59,2026-06-12 13:57:59,1,80.69,3,Melbourne,617.5,0.0,
ORD-102859,B2B-3380,2026-05-12 12:39:50,2026-05-22 12:39:50,2026-05-21 12:39:50,-1,37.65,3,Perth,113.43,0.0,
ORD-102860,B2B-76983,2026-01-17 23:36:46,2026-01-28 23:36:46,2026-01-27 23:36:46,-1,36.19,7,Brisbane,167.27,0.0,
ORD-102861,B2B-69737,2026-03-31 03:31:33,2026-04-09 03:31:33,2026-04-08 03:31:33,-1,41.91,7,Perth,298.94,0.0,
ORD-102862,B2B-41777,2026-02-07 02:22:39,2026-02-20 02:22:39,2026-02-19 02:22:39,-1,54.95,7,Melbourne,60.38,0.0,
ORD-102863,B2B-75594,2025-11-09 16:44:40,2025-11-21 16:44:40,2025-11-25 16:44:40,4,68.55,3,Perth,237.46,1.0,Late Delivery
ORD-102864,B2B-91091,2025-08-27 18:11:01,2025-09-07 18:11:01,2025-09-09 18:11:01,2,73.21,3,Brisbane,651.18,1.0,Late Delivery
ORD-102865,B2B-8713,2026-03-09 11:30:23,2026-03-22 11:30:23,2026-03-26 11:30:23,4,54.82,3,Perth,254.25,1.0,Late Delivery
ORD-102866,B2B-67047,2026-07-26 20:47:40,2026-08-08 20:47:40,2026-08-08 20:47:40,0,58.18,3,Brisbane,131.63,0.0,
ORD-102867,B2B-49044,2026-04-24 08:48:21,2026-05-03 08:48:21,2026-05-04 08:48:21,1,77.53,7,Brisbane,662.08,0.0,
ORD-102868,B2B-41178,2026-07-26 11:18:26,2026-08-05 11:18:26,2026-08-05 11:18:26,0,41.12,3,Perth,124.26,0.0,
ORD-102869,B2B-69495,2025-08-08 12:40:38,2025-08-21 12:40:38,2025-08-16 12:40:38,-5,56.58,3,Adelaide,147.01,0.0,
ORD-102870,B2B-5963,2025-10-27 11:45:01,2025-11-10 11:45:01,2025-11-10 11:45:01,0,91.64,3,Brisbane,539.47,0.0,
ORD-102871,B2B-28259,2025-08-06 10:37:42,2025-08-18 10:37:42,2025-08-15 10:37:42,-3,58.99,3,Perth,266.36,0.0,
ORD-102872,B2B-62843,2026-06-02 13:21:42,2026-06-15 13:21:42,2026-06-15 13:21:42,0,45.89,7,Melbourne,82.28,0.0,
ORD-102873,B2B-70481,2026-02-25 17:58:19,2026-03-11 17:58:19,2026-03-11 17:58:19,0,91.33,7,Melbourne,569.0,0.0,
ORD-102874,B2B-40085,2026-06-09 00:14:00,2026-06-23 00:14:00,2026-06-23 00:14:00,0,70.85,3,Adelaide,297.66,0.0,
ORD-102875,B2B-99480,2026-04-13 20:32:55,2026-04-27 20:32:55,2026-04-28 20:32:55,1,80.18,3,Perth,448.58,0.0,
ORD-102876,B2B-51284,2026-04-30 18:41:31,2026-05-14 18:41:31,2026-05-14 18:41:31,0,56.33,3,Perth,206.47,1.0,Quality Issue
ORD-102877,B2B-44861,2026-03-13 17:08:31,2026-03-27 17:08:31,2026-03-27 17:08:31,0,66.15,3,Perth,329.47,0.0,
ORD-102878,B2B-99085,2025-10-06 19:03:54,2025-10-16 19:03:54,2025-10-17 19:03:54,1,93.6,7,Melbourne,721.6,0.0,
ORD-102879,B2B-44951,2026-02-27 06:21:33,2026-03-07 06:21:33,2026-03-07 06:21:33,0,95.43,3,Melbourne,832.42,0.0,
ORD-102880,B2B-73101,2026-04-03 21:02:37,2026-04-14 21:02:37,2026-04-18 21:02:37,4,84.35,3,Melbourne,574.65,1.0,Late Delivery
ORD-102881,B2B-11435,2025-08-14 08:54:41,2025-08-27 08:54:41,2025-08-27 08:54:41,0,48.13,7,Melbourne,298.71,0.0,
ORD-102882,B2B-70994,2026-06-03 10:32:06,2026-06-12 10:32:06,2026-06-09 10:32:06,-3,74.93,7,Melbourne,301.53,0.0,
ORD-102883,B2B-40012,2026-05-11 15:01:13,2026-05-21 15:01:13,2026-05-21 15:01:13,0,48.54,7,Adelaide,70.68,0.0,
ORD-102884,B2B-55267,2025-09-24 15:58:35,2025-10-05 15:58:35,2025-10-04 15:58:35,-1,74.49,3,Brisbane,417.67,0.0,
ORD-102885,B2B-28375,2025-08-21 13:08:22,2025-08-31 13:08:22,2025-08-28 13:08:22,-3,77.97,3,Brisbane,465.41,0.0,
ORD-102886,B2B-16876,2025-10-24 14:19:38,2025-11-06 14:19:38,2025-11-04 14:19:38,-2,74.33,3,Brisbane,560.95,0.0,
ORD-102887,B2B-19407,2025-10-01 02:34:09,2025-10-10 02:34:09,2025-10-11 02:34:09,1,72.85,3,Perth,308.14,0.0,
ORD-102888,B2B-34427,2025-10-08 01:05:08,2025-10-19 01:05:08,2025-10-23 01:05:08,4,64.85,3,Brisbane,212.11,1.0,Late Delivery
ORD-102889,B2B-99045,2026-05-30 04:31:30,2026-06-06 04:31:30,2026-06-04 04:31:30,-2,92.86,3,Melbourne,685.6,0.0,
ORD-102890,B2B-36206,2025-08-04 14:45:43,2025-08-11 14:45:43,2025-08-16 14:45:43,5,51.88,3,Perth,423.79,0.0,
ORD-102891,B2B-17434,2026-03-04 01:55:43,2026-03-12 01:55:43,2026-03-13 01:55:43,1,87.83,3,Brisbane,572.59,0.0,
ORD-102892,B2B-86845,2025-11-23 12:13:59,2025-12-01 12:13:59,2025-12-01 12:13:59,0,53.09,3,Melbourne,198.3,0.0,
ORD-102893,B2B-62271,2025-12-27 19:58:50,2026-01-09 19:58:50,2026-01-07 19:58:50,-2,49.93,7,Melbourne,288.22,0.0,
ORD-102894,B2B-6337,2026-01-10 05:54:30,2026-01-24 05:54:30,2026-01-23 05:54:30,-1,64.23,7,Melbourne,362.09,0.0,
ORD-102895,B2B-33680,2025-11-03 07:09:17,2025-11-16 07:09:17,2025-11-17 07:09:17,1,53.31,3,Perth,278.55,0.0,
ORD-102896,B2B-69672,2026-06-01 03:37:22,2026-06-09 03:37:22,2026-06-11 03:37:22,2,58.79,7,Brisbane,117.85,0.0,
ORD-102897,B2B-3029,2026-04-07 15:59:32,2026-04-20 15:59:32,2026-04-18 15:59:32,-2,38.62,3,Adelaide,244.75,0.0,
ORD-102898,B2B-45936,2025-09-15 22:53:09,2025-09-28 22:53:09,2025-10-04 22:53:09,6,53.96,3,Perth,315.79,1.0,Late Delivery
ORD-102899,B2B-34548,2026-05-18 21:08:34,2026-06-01 21:08:34,2026-05-27 21:08:34,-5,91.75,7,Melbourne,666.29,0.0,
ORD-102900,B2B-86006,2026-05-02 15:18:27,2026-05-15 15:18:27,2026-05-17 15:18:27,2,88.91,3,Melbourne,700.53,0.0,
ORD-102901,B2B-83884,2026-03-16 18:24:30,2026-03-29 18:24:30,2026-04-01 18:24:30,3,73.11,7,Perth,339.04,1.0,Late Delivery
ORD-102902,B2B-86845,2026-04-01 13:03:24,2026-04-13 13:03:24,2026-04-10 13:03:24,-3,70.69,3,Melbourne,198.3,0.0,
ORD-102903,B2B-21723,2026-05-30 10:16:58,2026-06-09 10:16:58,2026-06-09 10:16:58,0,72.31,7,Perth,128.61,0.0,
ORD-102904,B2B-80168,2026-07-03 14:02:37,2026-07-12 14:02:37,2026-07-13 14:02:37,1,70.04,3,Brisbane,467.72,0.0,
ORD-102905,B2B-24203,2025-10-19 16:49:45,2025-10-28 16:49:45,2025-10-24 16:49:45,-4,68.22,3,Brisbane,156.46,0.0,
ORD-102906,B2B-88968,2026-07-17 01:20:17,2026-07-30 01:20:17,2026-07-30 01:20:17,0,89.61,7,Brisbane,928.28,0.0,
ORD-102907,B2B-64472,2026-07-13 13:28:44,2026-07-21 13:28:44,2026-07-18 13:28:44,-3,55.76,3,Melbourne,409.98,0.0,
ORD-102908,B2B-65614,2025-10-07 15:08:31,2025-10-17 15:08:31,2025-10-17 15:08:31,0,65.59,3,Melbourne,319.56,0.0,
ORD-102909,B2B-64224,2025-11-24 09:02:46,2025-12-07 09:02:46,2025-12-10 09:02:46,3,65.29,3,Brisbane,300.91,0.0,
ORD-102910,B2B-82861,2025-08-11 12:59:31,2025-08-22 12:59:31,2025-08-22 12:59:31,0,43.2,7,Brisbane,269.58,0.0,
ORD-102911,B2B-2979,2026-02-10 06:40:08,2026-02-18 06:40:08,2026-02-18 06:40:08,0,60.6,3,Brisbane,367.89,0.0,
ORD-102912,B2B-9933,2025-08-21 11:09:01,2025-08-29 11:09:01,2025-08-31 11:09:01,2,51.31,7,Adelaide,318.11,0.0,
ORD-102913,B2B-60586,2026-07-05 06:53:38,2026-07-15 06:53:38,2026-07-21 06:53:38,6,87.91,3,Brisbane,738.48,1.0,Late Delivery
ORD-102914,B2B-35219,2025-10-31 20:46:29,2025-11-13 20:46:29,2025-11-15 20:46:29,2,52.17,3,Adelaide,290.88,0.0,
ORD-102915,B2B-40535,2025-08-15 05:01:52,2025-08-27 05:01:52,2025-08-24 05:01:52,-3,79.16,3,Brisbane,625.16,0.0,
ORD-102916,B2B-50778,2025-11-30 20:32:08,2025-12-09 20:32:08,2025-12-06 20:32:08,-3,61.39,3,Brisbane,488.85,0.0,
ORD-102917,B2B-16020,2026-06-19 19:03:28,2026-06-26 19:03:28,2026-06-25 19:03:28,-1,37.76,3,Adelaide,32.56,0.0,
ORD-102918,B2B-69254,2026-07-11 18:06:20,2026-07-23 18:06:20,2026-07-24 18:06:20,1,78.71,7,Brisbane,391.86,0.0,
ORD-102919,B2B-63735,2025-09-08 17:20:19,2025-09-20 17:20:19,2025-09-20 17:20:19,0,40.54,3,Brisbane,225.01,0.0,
ORD-102920,B2B-469,2025-10-09 13:25:18,2025-10-20 13:25:18,2025-10-21 13:25:18,1,76.21,7,Brisbane,568.96,0.0,
ORD-102921,B2B-58412,2025-08-01 15:47:11,2025-08-14 15:47:11,2025-08-13 15:47:11,-1,65.66,7,Adelaide,543.27,0.0,
ORD-102922,B2B-11435,2026-06-15 14:46:49,2026-06-22 14:46:49,2026-06-24 14:46:49,2,46.07,7,Melbourne,298.71,0.0,
ORD-102923,B2B-79642,2026-04-28 01:49:02,2026-05-09 01:49:02,2026-05-07 01:49:02,-2,76.12,3,Melbourne,606.95,0.0,
ORD-102924,B2B-84509,2026-06-15 04:57:48,2026-06-28 04:57:48,2026-06-29 04:57:48,1,78.38,3,Brisbane,417.09,0.0,
ORD-102925,B2B-24194,2026-07-07 04:52:05,2026-07-21 04:52:05,2026-07-20 04:52:05,-1,40.43,7,Melbourne,142.61,0.0,
ORD-102926,B2B-9272,2026-03-05 05:31:45,2026-03-16 05:31:45,2026-03-16 05:31:45,0,51.1,3,Brisbane,404.59,0.0,
ORD-102927,B2B-20315,2026-02-12 20:14:15,2026-02-22 20:14:15,2026-02-21 20:14:15,-1,70.44,3,Perth,92.54,0.0,
ORD-102928,B2B-14161,2025-10-15 07:05:27,2025-10-24 07:05:27,2025-10-26 07:05:27,2,46.84,3,Perth,220.42,0.0,
ORD-102929,B2B-16020,2025-08-13 05:50:44,2025-08-20 05:50:44,2025-08-19 05:50:44,-1,61.24,3,Adelaide,32.56,0.0,
ORD-102930,B2B-4182,2026-02-16 10:02:37,2026-02-24 10:02:37,2026-02-22 10:02:37,-2,51.66,3,Melbourne,385.92,0.0,
ORD-102931,B2B-99085,2025-12-09 17:57:09,2025-12-18 17:57:09,2025-12-20 17:57:09,2,97.21,7,Melbourne,721.6,1.0,Late Delivery
ORD-102932,B2B-99646,2026-07-05 16:23:02,2026-07-13 16:23:02,2026-07-14 16:23:02,1,51.42,7,Perth,86.76,0.0,
ORD-102933,B2B-5963,2025-12-20 12:09:33,2026-01-01 12:09:33,2026-01-03 12:09:33,2,97.07,3,Brisbane,539.47,0.0,
ORD-102934,B2B-41706,2026-06-23 06:39:52,2026-07-07 06:39:52,2026-07-07 06:39:52,0,33.57,7,Adelaide,65.65,0.0,
ORD-102935,B2B-13496,2026-03-16 19:23:19,2026-03-23 19:23:19,2026-03-22 19:23:19,-1,67.68,3,Melbourne,404.5,0.0,
ORD-102936,B2B-45330,2026-06-03 15:21:55,2026-06-11 15:21:55,2026-06-11 15:21:55,0,71.22,3,Brisbane,371.39,0.0,
ORD-102937,B2B-28375,2026-03-03 09:16:14,2026-03-15 09:16:14,2026-03-14 09:16:14,-1,64.81,3,Brisbane,465.41,0.0,
ORD-102938,B2B-71874,2025-10-12 12:23:16,2025-10-24 12:23:16,2025-10-26 12:23:16,2,84.81,3,Brisbane,624.67,0.0,
ORD-102939,B2B-15987,2025-10-10 23:34:03,2025-10-23 23:34:03,2025-10-21 23:34:03,-2,63.23,3,Melbourne,646.88,0.0,
ORD-102940,B2B-76481,2026-01-24 22:48:24,2026-01-31 22:48:24,2026-01-31 22:48:24,0,41.74,3,Melbourne,188.56,0.0,
ORD-102941,B2B-69665,2026-04-11 20:00:11,2026-04-24 20:00:11,2026-04-26 20:00:11,2,90.57,3,Melbourne,585.98,0.0,
ORD-102942,B2B-15429,2026-04-05 04:49:51,2026-04-19 04:49:51,2026-04-15 04:49:51,-4,96.64,3,Brisbane,682.84,0.0,
ORD-102943,B2B-30729,2025-09-29 06:50:11,2025-10-07 06:50:11,2025-10-09 06:50:11,2,54.61,3,Melbourne,556.38,0.0,
ORD-102944,B2B-4952,2026-05-14 19:23:33,2026-05-21 19:23:33,2026-05-21 19:23:33,0,65.15,3,Brisbane,366.81,0.0,
ORD-102945,B2B-4919,2025-09-08 05:49:17,2025-09-22 05:49:17,2025-09-23 05:49:17,1,65.33,3,Perth,100.95,0.0,
ORD-102946,B2B-33181,2026-03-24 09:43:57,2026-04-04 09:43:57,2026-04-07 09:43:57,3,63.75,3,Adelaide,257.39,1.0,Late Delivery
ORD-102947,B2B-26239,2026-05-29 22:36:13,2026-06-11 22:36:13,2026-06-12 22:36:13,1,79.12,3,Brisbane,453.36,1.0,Late Delivery
ORD-102948,B2B-74695,2025-11-13 20:51:47,2025-11-20 20:51:47,2025-11-18 20:51:47,-2,75.76,3,Melbourne,672.08,0.0,
ORD-102949,B2B-41761,2026-04-14 23:43:42,2026-04-26 23:43:42,2026-04-26 23:43:42,0,70.58,3,Adelaide,248.81,0.0,
ORD-102950,B2B-81420,2026-04-25 03:23:48,2026-05-04 03:23:48,2026-05-04 03:23:48,0,57.25,3,Melbourne,147.06,0.0,
ORD-102951,B2B-68087,2026-02-26 12:15:51,2026-03-08 12:15:51,2026-03-11 12:15:51,3,57.55,7,Adelaide,89.38,0.0,
ORD-102952,B2B-76456,2026-01-25 16:24:37,2026-02-02 16:24:37,2026-02-04 16:24:37,2,80.43,3,Adelaide,487.84,0.0,
ORD-102953,B2B-20143,2026-07-02 17:53:59,2026-07-13 17:53:59,2026-07-12 17:53:59,-1,88.76,3,Brisbane,477.8,0.0,
ORD-102954,B2B-40535,2026-07-06 14:49:24,2026-07-16 14:49:24,2026-07-14 14:49:24,-2,63.66,3,Brisbane,625.16,0.0,
ORD-102955,B2B-15887,2026-03-12 14:49:02,2026-03-20 14:49:02,2026-03-21 14:49:02,1,51.86,7,Perth,234.39,0.0,
ORD-102956,B2B-74684,2025-12-08 10:30:31,2025-12-16 10:30:31,2025-12-14 10:30:31,-2,73.51,3,Brisbane,548.73,0.0,
ORD-102957,B2B-86465,2026-04-27 16:59:37,2026-05-04 16:59:37,2026-04-30 16:59:37,-4,83.48,7,Brisbane,662.66,0.0,
ORD-102958,B2B-51530,2026-05-13 09:00:17,2026-05-22 09:00:17,2026-05-23 09:00:17,1,66.64,3,Brisbane,257.73,1.0,Late Delivery
ORD-102959,B2B-14570,2026-06-03 15:16:55,2026-06-17 15:16:55,2026-06-19 15:16:55,2,82.31,3,Brisbane,633.84,0.0,
ORD-102960,B2B-39956,2026-06-08 07:12:59,2026-06-19 07:12:59,2026-06-19 07:12:59,0,66.0,3,Brisbane,298.72,0.0,
ORD-102961,B2B-2402,2026-03-22 23:01:41,2026-03-29 23:01:41,2026-03-30 23:01:41,1,56.55,3,Perth,399.68,0.0,
ORD-102962,B2B-824,2026-05-25 23:00:38,2026-06-06 23:00:38,2026-06-08 23:00:38,2,57.29,7,Brisbane,210.68,0.0,
ORD-102963,B2B-65614,2025-08-31 15:32:18,2025-09-10 15:32:18,2025-09-09 15:32:18,-1,70.64,3,Melbourne,319.56,0.0,
ORD-102964,B2B-54346,2026-03-09 20:35:35,2026-03-20 20:35:35,2026-03-20 20:35:35,0,76.61,7,Melbourne,648.51,0.0,
ORD-102965,B2B-17750,2026-03-16 14:08:45,2026-03-30 14:08:45,2026-04-01 14:08:45,2,57.48,3,Perth,179.54,1.0,Late Delivery
ORD-102966,B2B-27189,2026-06-30 15:22:12,2026-07-13 15:22:12,2026-07-16 15:22:12,3,72.83,3,Brisbane,532.44,0.0,
ORD-102967,B2B-88968,2026-03-23 21:38:08,2026-04-04 21:38:08,2026-04-03 21:38:08,-1,103.3,7,Brisbane,928.28,0.0,
ORD-102968,B2B-96332,2026-07-04 18:04:30,2026-07-13 18:04:30,2026-07-17 18:04:30,4,70.36,3,Brisbane,296.44,1.0,Late Delivery
ORD-102969,B2B-41342,2026-04-04 17:26:10,2026-04-11 17:26:10,2026-04-10 17:26:10,-1,58.25,3,Adelaide,247.72,0.0,
ORD-102970,B2B-72466,2026-07-19 19:20:42,2026-07-27 19:20:42,2026-07-29 19:20:42,2,54.37,3,Perth,270.49,0.0,
ORD-102971,B2B-40989,2025-10-21 08:49:16,2025-10-30 08:49:16,2025-10-31 08:49:16,1,56.55,7,Perth,252.61,0.0,
ORD-102972,B2B-55207,2025-10-01 05:00:46,2025-10-09 05:00:46,2025-10-08 05:00:46,-1,61.95,3,Brisbane,245.68,0.0,
ORD-102973,B2B-26477,2026-04-08 17:06:26,2026-04-20 17:06:26,2026-04-17 17:06:26,-3,54.84,3,Melbourne,267.63,0.0,
ORD-102974,B2B-90320,2026-03-20 19:11:42,2026-03-28 19:11:42,2026-03-27 19:11:42,-1,74.61,7,Brisbane,519.08,0.0,
ORD-102975,B2B-93157,2026-05-22 21:33:16,2026-05-29 21:33:16,2026-05-28 21:33:16,-1,55.68,3,Perth,103.37,0.0,
ORD-102976,B2B-21199,2026-01-11 09:20:33,2026-01-18 09:20:33,2026-01-16 09:20:33,-2,60.78,3,Adelaide,136.6,0.0,
ORD-102977,B2B-88226,2025-10-12 20:56:26,2025-10-26 20:56:26,2025-10-26 20:56:26,0,86.73,3,Brisbane,836.71,0.0,
ORD-102978,B2B-52738,2026-03-25 17:39:45,2026-04-03 17:39:45,2026-04-03 17:39:45,0,87.36,3,Brisbane,826.49,0.0,
ORD-102979,B2B-57541,2025-08-16 17:49:44,2025-08-24 17:49:44,2025-08-24 17:49:44,0,53.66,3,Brisbane,338.12,0.0,
ORD-102980,B2B-49044,2025-08-14 04:08:39,2025-08-28 04:08:39,2025-08-28 04:08:39,0,83.38,7,Brisbane,662.08,0.0,
ORD-102981,B2B-40178,2025-11-26 07:46:59,2025-12-06 07:46:59,2025-12-10 07:46:59,4,69.58,3,Melbourne,294.57,1.0,Late Delivery
ORD-102982,B2B-68926,2026-03-16 13:32:59,2026-03-25 13:32:59,2026-03-25 13:32:59,0,58.39,3,Brisbane,258.66,0.0,
ORD-102983,B2B-18221,2026-04-17 00:37:06,2026-04-25 00:37:06,2026-04-27 00:37:06,2,46.08,3,Perth,348.44,0.0,
ORD-102984,B2B-80168,2025-10-28 23:41:48,2025-11-11 23:41:48,2025-11-11 23:41:48,0,67.0,3,Brisbane,467.72,0.0,
ORD-102985,B2B-21700,2026-02-27 11:59:31,2026-03-06 11:59:31,2026-03-06 11:59:31,0,64.96,3,Perth,314.43,0.0,
ORD-102986,B2B-38826,2026-02-09 12:16:50,2026-02-19 12:16:50,2026-02-21 12:16:50,2,85.3,7,Brisbane,536.49,0.0,
ORD-102987,B2B-41342,2026-06-16 06:28:51,2026-06-23 06:28:51,2026-06-26 06:28:51,3,74.51,3,Adelaide,247.72,1.0,Late Delivery
ORD-102988,B2B-75752,2026-01-09 23:58:58,2026-01-23 23:58:58,2026-01-18 23:58:58,-5,74.07,3,Brisbane,434.83,0.0,
ORD-102989,B2B-87928,2026-05-12 11:01:49,2026-05-21 11:01:49,2026-05-22 11:01:49,1,46.23,3,Perth,293.15,0.0,
ORD-102990,B2B-1530,2025-12-02 21:58:08,2025-12-12 21:58:08,2025-12-11 21:58:08,-1,41.0,3,Brisbane,38.68,0.0,
ORD-102991,B2B-96173,2025-11-02 20:32:38,2025-11-10 20:32:38,2025-11-11 20:32:38,1,84.9,3,Melbourne,452.85,0.0,
ORD-102992,B2B-40839,2026-04-11 04:17:10,2026-04-22 04:17:10,2026-04-22 04:17:10,0,67.87,3,Brisbane,148.87,0.0,
ORD-102993,B2B-9376,2026-05-04 05:33:18,2026-05-12 05:33:18,2026-05-13 05:33:18,1,45.84,3,Perth,81.95,0.0,
ORD-102994,B2B-79642,2025-10-28 10:36:12,2025-11-10 10:36:12,2025-11-10 10:36:12,0,76.7,3,Melbourne,606.95,0.0,
ORD-102995,B2B-93157,2026-03-18 18:50:57,2026-03-31 18:50:57,2026-03-31 18:50:57,0,53.06,3,Perth,103.37,0.0,
ORD-102996,B2B-76032,2026-02-10 13:59:11,2026-02-19 13:59:11,2026-02-18 13:59:11,-1,101.1,3,Melbourne,668.56,0.0,
ORD-102997,B2B-47208,2025-10-07 10:27:20,2025-10-17 10:27:20,2025-10-18 10:27:20,1,78.35,3,Melbourne,563.28,0.0,
ORD-102998,B2B-35757,2026-05-24 17:47:16,2026-06-04 17:47:16,2026-06-04 17:47:16,0,82.87,3,Perth,153.49,0.0,
ORD-102999,B2B-19864,2026-03-29 06:57:35,2026-04-07 06:57:35,2026-04-06 06:57:35,-1,71.05,3,Adelaide,233.45,0.0,
ORD-103000,B2B-96594,2026-01-03 12:21:46,2026-01-16 12:21:46,2026-01-14 12:21:46,-2,59.28,7,Adelaide,317.48,0.0,
ORD-103001,B2B-86006,2025-12-21 22:45:33,2026-01-04 22:45:33,2026-01-09 22:45:33,5,83.2,3,Melbourne,700.53,1.0,Late Delivery
ORD-103002,B2B-36952,2026-07-17 19:03:37,2026-07-31 19:03:37,2026-08-01 19:03:37,1,71.6,7,Melbourne,659.01,0.0,
ORD-103003,B2B-90230,2026-06-20 11:07:01,2026-07-02 11:07:01,2026-07-02 11:07:01,0,60.49,7,Brisbane,406.47,0.0,
ORD-103004,B2B-52738,2025-10-12 02:37:55,2025-10-26 02:37:55,2025-10-25 02:37:55,-1,93.65,3,Brisbane,826.49,0.0,
ORD-103005,B2B-99501,2025-11-16 19:46:31,2025-11-23 19:46:31,2025-11-24 19:46:31,1,82.18,3,Melbourne,643.12,0.0,
ORD-103006,B2B-53585,2026-04-02 15:55:42,2026-04-13 15:55:42,2026-04-13 15:55:42,0,65.07,7,Adelaide,277.3,0.0,
ORD-103007,B2B-35757,2026-06-18 11:56:14,2026-06-27 11:56:14,2026-07-01 11:56:14,4,44.2,3,Perth,153.49,0.0,
ORD-103008,B2B-19407,2026-02-22 01:09:12,2026-03-01 01:09:12,2026-03-03 01:09:12,2,60.93,3,Perth,308.14,1.0,Late Delivery
ORD-103009,B2B-34949,2026-06-16 10:25:26,2026-06-26 10:25:26,2026-06-25 10:25:26,-1,60.41,3,Adelaide,297.34,0.0,
ORD-103010,B2B-12858,2025-08-17 14:03:38,2025-08-29 14:03:38,2025-08-28 14:03:38,-1,66.85,7,Brisbane,294.08,0.0,
ORD-103011,B2B-6337,2026-04-06 09:46:24,2026-04-17 09:46:24,2026-04-17 09:46:24,0,61.26,7,Melbourne,362.09,0.0,
ORD-103012,B2B-12451,2026-02-27 15:45:49,2026-03-09 15:45:49,2026-03-07 15:45:49,-2,58.35,3,Brisbane,110.17,0.0,
ORD-103013,B2B-79786,2025-09-13 18:20:48,2025-09-21 18:20:48,2025-09-21 18:20:48,0,85.05,7,Melbourne,588.46,0.0,
ORD-103014,B2B-41054,2026-06-19 20:22:48,2026-06-26 20:22:48,2026-06-23 20:22:48,-3,96.11,7,Perth,470.71,0.0,
ORD-103015,B2B-34949,2026-03-07 16:06:39,2026-03-16 16:06:39,2026-03-13 16:06:39,-3,60.93,3,Adelaide,297.34,0.0,
ORD-103016,B2B-20130,2025-08-21 12:03:06,2025-09-03 12:03:06,2025-08-31 12:03:06,-3,65.81,7,Adelaide,297.52,0.0,
ORD-103017,B2B-11848,2026-04-26 11:43:36,2026-05-09 11:43:36,2026-05-09 11:43:36,0,86.03,3,Melbourne,509.37,0.0,
ORD-103018,B2B-88385,2026-06-09 20:03:22,2026-06-21 20:03:22,2026-06-22 20:03:22,1,56.05,3,Melbourne,238.32,0.0,
ORD-103019,B2B-72474,2026-04-25 22:44:06,2026-05-07 22:44:06,2026-05-04 22:44:06,-3,81.51,7,Melbourne,663.97,0.0,
ORD-103020,B2B-55272,2026-01-03 19:56:31,2026-01-14 19:56:31,2026-01-14 19:56:31,0,72.98,7,Brisbane,344.57,0.0,
ORD-103021,B2B-15429,2026-06-12 21:21:43,2026-06-21 21:21:43,2026-06-26 21:21:43,5,85.31,3,Brisbane,682.84,1.0,Late Delivery
ORD-103022,B2B-51284,2026-01-23 06:29:05,2026-02-03 06:29:05,2026-02-03 06:29:05,0,47.97,3,Perth,206.47,0.0,
ORD-103023,B2B-74836,2026-03-31 18:42:25,2026-04-09 18:42:25,2026-04-11 18:42:25,2,75.43,3,Adelaide,437.22,1.0,Late Delivery
ORD-103024,B2B-86006,2026-01-15 06:57:56,2026-01-22 06:57:56,2026-01-28 06:57:56,6,74.48,3,Melbourne,700.53,1.0,Late Delivery
ORD-103025,B2B-25226,2026-01-29 09:11:54,2026-02-05 09:11:54,2026-02-03 09:11:54,-2,59.63,3,Melbourne,147.8,0.0,
ORD-103026,B2B-56126,2025-10-06 15:48:13,2025-10-20 15:48:13,2025-10-21 15:48:13,1,85.32,3,Adelaide,432.51,1.0,Late Delivery
ORD-103027,B2B-96462,2025-09-15 09:38:15,2025-09-22 09:38:15,2025-09-20 09:38:15,-2,47.78,3,Brisbane,172.15,0.0,
ORD-103028,B2B-88750,2025-12-24 15:14:00,2026-01-05 15:14:00,2026-01-06 15:14:00,1,73.03,7,Melbourne,232.31,0.0,
ORD-103029,B2B-70465,2026-04-29 01:31:21,2026-05-07 01:31:21,2026-05-06 01:31:21,-1,70.64,3,Melbourne,465.9,0.0,
ORD-103030,B2B-34548,2025-11-22 09:22:26,2025-11-29 09:22:26,2025-12-03 09:22:26,4,102.12,7,Melbourne,666.29,1.0,Late Delivery
ORD-103031,B2B-21663,2026-05-31 05:06:18,2026-06-08 05:06:18,2026-06-09 05:06:18,1,73.67,7,Perth,430.53,0.0,
ORD-103032,B2B-5208,2026-01-27 15:22:26,2026-02-10 15:22:26,2026-02-05 15:22:26,-5,74.13,3,Brisbane,483.35,0.0,
ORD-103033,B2B-24922,2026-03-26 08:27:42,2026-04-04 08:27:42,2026-04-04 08:27:42,0,74.99,7,Melbourne,637.48,0.0,
ORD-103034,B2B-49876,2025-11-10 09:02:15,2025-11-21 09:02:15,2025-11-21 09:02:15,0,46.78,3,Adelaide,216.16,0.0,
ORD-103035,B2B-44861,2026-07-20 13:16:11,2026-08-01 13:16:11,2026-07-28 13:16:11,-4,56.82,3,Perth,329.47,0.0,
ORD-103036,B2B-24922,2026-01-24 06:35:56,2026-02-07 06:35:56,2026-02-13 06:35:56,6,85.23,7,Melbourne,637.48,0.0,
ORD-103037,B2B-7824,2026-02-02 02:34:57,2026-02-09 02:34:57,2026-02-13 02:34:57,4,78.19,3,Brisbane,603.55,1.0,Late Delivery
ORD-103038,B2B-20315,2025-08-20 12:05:10,2025-08-30 12:05:10,2025-09-01 12:05:10,2,41.88,3,Perth,92.54,0.0,
ORD-103039,B2B-84982,2025-12-12 04:47:31,2025-12-26 04:47:31,2025-12-25 04:47:31,-1,59.31,3,Adelaide,168.92,0.0,
ORD-103040,B2B-35688,2025-11-21 20:32:14,2025-12-05 20:32:14,2025-12-03 20:32:14,-2,56.6,7,Adelaide,329.31,0.0,
ORD-103041,B2B-24999,2026-07-27 00:39:53,2026-08-06 00:39:53,2026-08-05 00:39:53,-1,67.65,7,Melbourne,573.77,0.0,
ORD-103042,B2B-71923,2025-12-24 05:08:33,2026-01-01 05:08:33,2026-01-02 05:08:33,1,88.28,3,Brisbane,815.91,0.0,
ORD-103043,B2B-88968,2026-04-18 11:08:12,2026-04-29 11:08:12,2026-05-03 11:08:12,4,94.57,7,Brisbane,928.28,0.0,
ORD-103044,B2B-26239,2025-09-09 14:12:09,2025-09-19 14:12:09,2025-09-18 14:12:09,-1,55.84,3,Brisbane,453.36,0.0,
ORD-103045,B2B-72214,2026-05-21 15:31:07,2026-06-03 15:31:07,2026-06-03 15:31:07,0,65.76,3,Melbourne,211.97,0.0,
ORD-103046,B2B-38398,2025-08-22 15:46:33,2025-08-30 15:46:33,2025-08-30 15:46:33,0,65.53,3,Brisbane,610.12,0.0,
ORD-103047,B2B-40839,2026-03-05 12:05:37,2026-03-17 12:05:37,2026-03-15 12:05:37,-2,63.76,3,Brisbane,148.87,0.0,
ORD-103048,B2B-89419,2026-03-11 15:51:18,2026-03-18 15:51:18,2026-03-18 15:51:18,0,76.31,7,Perth,495.82,0.0,
ORD-103049,B2B-46396,2026-01-07 07:57:41,2026-01-17 07:57:41,2026-01-18 07:57:41,1,54.88,7,Adelaide,251.37,0.0,
ORD-103050,B2B-9412,2026-01-03 00:34:06,2026-01-12 00:34:06,2026-01-11 00:34:06,-1,67.92,3,Perth,353.19,0.0,
ORD-103051,B2B-74684,2025-08-03 06:53:30,2025-08-15 06:53:30,2025-08-17 06:53:30,2,74.81,3,Brisbane,548.73,0.0,
ORD-103052,B2B-28375,2026-06-21 17:36:34,2026-06-29 17:36:34,2026-06-29 17:36:34,0,71.31,3,Brisbane,465.41,0.0,
ORD-103053,B2B-88226,2025-12-29 02:02:06,2026-01-07 02:02:06,2026-01-07 02:02:06,0,100.78,3,Brisbane,836.71,0.0,
ORD-103054,B2B-95375,2026-07-02 10:53:51,2026-07-11 10:53:51,2026-07-11 10:53:51,0,55.93,3,Perth,62.32,1.0,Quality Issue
ORD-103055,B2B-69617,2026-06-23 11:01:58,2026-07-06 11:01:58,2026-07-09 11:01:58,3,77.09,7,Melbourne,439.75,0.0,
ORD-103056,B2B-62843,2025-11-09 08:18:21,2025-11-17 08:18:21,2025-11-16 08:18:21,-1,47.11,7,Melbourne,82.28,0.0,
ORD-103057,B2B-77707,2025-08-12 23:24:03,2025-08-26 23:24:03,2025-08-27 23:24:03,1,68.24,3,Melbourne,132.1,1.0,Late Delivery
ORD-103058,B2B-41230,2025-12-02 10:12:49,2025-12-16 10:12:49,2025-12-15 10:12:49,-1,62.35,3,Adelaide,106.34,0.0,
ORD-103059,B2B-12689,2025-11-18 14:16:02,2025-11-28 14:16:02,2025-11-28 14:16:02,0,55.39,7,Melbourne,125.28,0.0,
ORD-103060,B2B-24203,2026-04-20 06:20:36,2026-04-27 06:20:36,2026-04-26 06:20:36,-1,49.54,3,Brisbane,156.46,0.0,
ORD-103061,B2B-10240,2026-01-01 03:14:48,2026-01-13 03:14:48,2026-01-14 03:14:48,1,73.9,7,Perth,327.65,1.0,Late Delivery
ORD-103062,B2B-56377,2025-08-06 06:44:43,2025-08-18 06:44:43,2025-08-16 06:44:43,-2,83.55,3,Perth,536.78,0.0,
ORD-103063,B2B-19214,2025-12-19 11:54:45,2025-12-27 11:54:45,2025-12-27 11:54:45,0,87.99,7,Melbourne,863.96,0.0,
ORD-103064,B2B-99085,2025-10-02 23:07:39,2025-10-15 23:07:39,2025-10-13 23:07:39,-2,72.16,7,Melbourne,721.6,0.0,
ORD-103065,B2B-5963,2026-06-16 11:38:00,2026-06-29 11:38:00,2026-06-30 11:38:00,1,96.85,3,Brisbane,539.47,0.0,
ORD-103066,B2B-58522,2025-10-24 10:03:15,2025-11-01 10:03:15,2025-11-04 10:03:15,3,85.13,3,Melbourne,613.4,0.0,
ORD-103067,B2B-59929,2026-04-09 22:23:46,2026-04-18 22:23:46,2026-04-19 22:23:46,1,58.64,3,Perth,145.95,0.0,
ORD-103068,B2B-71874,2026-05-24 02:49:46,2026-06-07 02:49:46,2026-06-12 02:49:46,5,71.58,3,Brisbane,624.67,1.0,Late Delivery
ORD-103069,B2B-57908,2025-10-16 19:00:26,2025-10-23 19:00:26,2025-10-24 19:00:26,1,62.74,3,Brisbane,246.06,0.0,
ORD-103070,B2B-78279,2026-05-07 08:11:38,2026-05-18 08:11:38,2026-05-18 08:11:38,0,59.19,3,Adelaide,40.95,0.0,
ORD-103071,B2B-53943,2026-04-20 13:44:23,2026-04-29 13:44:23,2026-04-29 13:44:23,0,83.37,3,Melbourne,648.98,0.0,
ORD-103072,B2B-88226,2025-10-19 18:36:56,2025-10-29 18:36:56,2025-10-29 18:36:56,0,99.94,3,Brisbane,836.71,0.0,
ORD-103073,B2B-80380,2026-03-01 08:34:37,2026-03-09 08:34:37,2026-03-08 08:34:37,-1,71.09,3,Adelaide,545.83,0.0,
ORD-103074,B2B-20126,2026-05-22 12:51:33,2026-05-29 12:51:33,2026-06-01 12:51:33,3,54.06,3,Brisbane,415.01,0.0,
ORD-103075,B2B-18191,2026-02-01 15:47:31,2026-02-13 15:47:31,2026-02-15 15:47:31,2,63.18,3,Adelaide,239.43,0.0,
ORD-103076,B2B-75299,2025-11-29 00:28:00,2025-12-10 00:28:00,2025-12-13 00:28:00,3,68.16,3,Brisbane,418.34,0.0,
ORD-103077,B2B-53047,2025-09-16 21:12:59,2025-09-24 21:12:59,2025-09-26 21:12:59,2,73.88,3,Brisbane,465.29,0.0,
ORD-103078,B2B-67244,2025-12-07 04:58:48,2025-12-20 04:58:48,2025-12-22 04:58:48,2,95.59,3,Brisbane,698.62,0.0,
ORD-103079,B2B-4919,2025-10-27 18:15:28,2025-11-10 18:15:28,2025-11-10 18:15:28,0,55.79,3,Perth,100.95,0.0,
ORD-103080,B2B-24922,2026-04-29 05:22:49,2026-05-07 05:22:49,2026-05-12 05:22:49,5,80.37,7,Melbourne,637.48,0.0,
ORD-103081,B2B-41230,2026-07-21 19:23:35,2026-08-01 19:23:35,2026-07-30 19:23:35,-2,51.27,3,Adelaide,106.34,0.0,
ORD-103082,B2B-97276,2025-10-25 11:15:36,2025-11-04 11:15:36,2025-11-04 11:15:36,0,39.91,3,Brisbane,198.51,0.0,
ORD-103083,B2B-75357,2026-07-02 15:47:05,2026-07-10 15:47:05,2026-07-08 15:47:05,-2,69.02,3,Perth,507.79,0.0,
ORD-103084,B2B-64472,2025-10-05 14:35:15,2025-10-12 14:35:15,2025-10-14 14:35:15,2,84.48,3,Melbourne,409.98,1.0,Customer Service
ORD-103085,B2B-10603,2026-01-04 04:41:52,2026-01-16 04:41:52,2026-01-16 04:41:52,0,83.6,3,Brisbane,792.16,0.0,
ORD-103086,B2B-58252,2026-07-27 03:45:49,2026-08-04 03:45:49,2026-08-04 03:45:49,0,50.91,3,Melbourne,190.25,0.0,
ORD-103087,B2B-99480,2026-04-18 08:55:35,2026-04-26 08:55:35,2026-04-22 08:55:35,-4,75.11,3,Perth,448.58,0.0,
ORD-103088,B2B-31506,2026-03-28 06:40:04,2026-04-05 06:40:04,2026-04-05 06:40:04,0,91.33,7,Brisbane,802.14,0.0,
ORD-103089,B2B-6646,2025-11-30 02:03:16,2025-12-13 02:03:16,2025-12-12 02:03:16,-1,55.32,7,Melbourne,81.69,0.0,
ORD-103090,B2B-20143,2026-01-03 19:39:40,2026-01-13 19:39:40,2026-01-14 19:39:40,1,61.46,3,Brisbane,477.8,1.0,Late Delivery
ORD-103091,B2B-33392,2025-10-17 22:56:24,2025-10-27 22:56:24,2025-10-28 22:56:24,1,47.88,7,Adelaide,172.39,0.0,
ORD-103092,B2B-28259,2026-01-27 00:02:39,2026-02-10 00:02:39,2026-02-08 00:02:39,-2,80.97,3,Perth,266.36,0.0,
ORD-103093,B2B-84692,2026-03-12 18:49:07,2026-03-19 18:49:07,2026-03-18 18:49:07,-1,69.42,3,Melbourne,682.93,0.0,
ORD-103094,B2B-19402,2026-03-13 05:42:41,2026-03-26 05:42:41,2026-03-28 05:42:41,2,90.56,7,Brisbane,198.91,0.0,
ORD-103095,B2B-5941,2026-02-01 21:50:56,2026-02-08 21:50:56,2026-02-12 21:50:56,4,63.64,3,Melbourne,491.49,1.0,Late Delivery
ORD-103096,B2B-88750,2025-11-25 19:28:25,2025-12-08 19:28:25,2025-12-07 19:28:25,-1,70.72,7,Melbourne,232.31,0.0,
ORD-103097,B2B-76032,2026-07-23 16:40:51,2026-08-05 16:40:51,2026-08-12 16:40:51,7,61.38,3,Melbourne,668.56,1.0,Late Delivery
ORD-103098,B2B-29323,2026-04-01 15:23:05,2026-04-11 15:23:05,2026-04-14 15:23:05,3,73.32,3,Melbourne,274.14,1.0,Late Delivery
ORD-103099,B2B-88506,2025-09-05 22:20:31,2025-09-19 22:20:31,2025-09-18 22:20:31,-1,69.96,3,Adelaide,379.24,0.0,
ORD-103100,B2B-41869,2025-11-22 17:34:39,2025-12-06 17:34:39,2025-12-06 17:34:39,0,74.86,7,Brisbane,608.63,0.0,
ORD-103101,B2B-67244,2026-05-01 02:09:03,2026-05-09 02:09:03,2026-05-14 02:09:03,5,90.72,3,Brisbane,698.62,1.0,Late Delivery
ORD-103102,B2B-28699,2026-01-31 22:00:32,2026-02-13 22:00:32,2026-02-09 22:00:32,-4,52.16,7,Perth,276.96,0.0,
ORD-103103,B2B-72765,2025-11-22 20:20:56,2025-11-29 20:20:56,2025-12-02 20:20:56,3,85.1,3,Melbourne,873.91,0.0,
ORD-103104,B2B-475,2025-11-08 11:28:43,2025-11-17 11:28:43,2025-11-14 11:28:43,-3,53.58,3,Melbourne,206.37,0.0,
ORD-103105,B2B-19214,2026-05-03 01:57:11,2026-05-15 01:57:11,2026-05-15 01:57:11,0,92.41,7,Melbourne,863.96,0.0,
ORD-103106,B2B-3948,2025-08-23 15:50:24,2025-09-03 15:50:24,2025-09-03 15:50:24,0,89.25,3,Melbourne,668.85,0.0,
ORD-103107,B2B-89892,2025-11-14 00:15:50,2025-11-24 00:15:50,2025-11-24 00:15:50,0,73.44,3,Melbourne,259.72,0.0,
ORD-103108,B2B-91754,2026-07-30 04:02:31,2026-08-12 04:02:31,2026-08-15 04:02:31,3,71.22,7,Adelaide,26.35,0.0,
ORD-103109,B2B-1715,2025-09-13 10:25:08,2025-09-27 10:25:08,2025-09-27 10:25:08,0,67.85,7,Melbourne,321.45,0.0,
ORD-103110,B2B-15534,2025-08-16 04:47:26,2025-08-25 04:47:26,2025-09-03 04:47:26,9,89.19,3,Brisbane,688.04,1.0,Late Delivery
ORD-103111,B2B-89419,2025-12-27 06:49:12,2026-01-09 06:49:12,2026-01-11 06:49:12,2,74.88,7,Perth,495.82,0.0,
ORD-103112,B2B-12858,2026-02-11 15:14:23,2026-02-23 15:14:23,2026-02-23 15:14:23,0,66.74,7,Brisbane,294.08,0.0,
ORD-103113,B2B-9272,2026-05-22 05:01:00,2026-06-01 05:01:00,2026-05-31 05:01:00,-1,75.3,3,Brisbane,404.59,0.0,
ORD-103114,B2B-24203,2026-04-05 08:23:23,2026-04-19 08:23:23,2026-04-15 08:23:23,-4,53.95,3,Brisbane,156.46,0.0,
ORD-103115,B2B-48439,2026-03-29 08:30:57,2026-04-10 08:30:57,2026-04-10 08:30:57,0,69.64,3,Adelaide,187.34,0.0,
ORD-103116,B2B-35323,2025-10-03 12:48:12,2025-10-14 12:48:12,2025-10-14 12:48:12,0,71.66,3,Perth,248.47,0.0,
ORD-103117,B2B-45330,2026-06-25 19:00:55,2026-07-02 19:00:55,2026-07-06 19:00:55,4,61.98,3,Brisbane,371.39,1.0,Late Delivery
ORD-103118,B2B-77702,2025-11-24 13:25:57,2025-12-02 13:25:57,2025-12-04 13:25:57,2,55.15,7,Brisbane,154.37,0.0,
ORD-103119,B2B-30230,2026-06-07 18:13:10,2026-06-16 18:13:10,2026-06-18 18:13:10,2,89.08,3,Brisbane,742.12,0.0,
ORD-103120,B2B-44050,2026-02-02 02:22:39,2026-02-09 02:22:39,2026-02-11 02:22:39,2,71.04,3,Adelaide,232.02,0.0,
ORD-103121,B2B-88968,2025-11-26 23:16:31,2025-12-09 23:16:31,2025-12-07 23:16:31,-2,91.51,7,Brisbane,928.28,0.0,
ORD-103122,B2B-48997,2025-08-14 19:06:37,2025-08-26 19:06:37,2025-08-31 19:06:37,5,74.15,3,Brisbane,508.18,1.0,Late Delivery
ORD-103123,B2B-54346,2026-07-12 20:46:04,2026-07-25 20:46:04,2026-07-23 20:46:04,-2,72.53,7,Melbourne,648.51,0.0,
ORD-103124,B2B-36206,2025-11-12 11:05:16,2025-11-24 11:05:16,2025-11-24 11:05:16,0,68.62,3,Perth,423.79,0.0,
ORD-103125,B2B-81420,2026-02-12 09:27:49,2026-02-20 09:27:49,2026-02-19 09:27:49,-1,68.94,3,Melbourne,147.06,0.0,
ORD-103126,B2B-13005,2026-04-21 03:40:31,2026-04-29 03:40:31,2026-04-30 03:40:31,1,84.65,3,Melbourne,364.43,0.0,
ORD-103127,B2B-89892,2026-07-26 13:18:19,2026-08-04 13:18:19,2026-08-04 13:18:19,0,53.45,3,Melbourne,259.72,1.0,Quality Issue
ORD-103128,B2B-15563,2026-05-23 15:33:07,2026-06-05 15:33:07,2026-06-09 15:33:07,4,85.47,7,Brisbane,559.64,0.0,
ORD-103129,B2B-33392,2026-05-06 02:41:20,2026-05-15 02:41:20,2026-05-19 02:41:20,4,62.55,7,Adelaide,172.39,1.0,Late Delivery
ORD-103130,B2B-9272,2025-08-12 14:05:05,2025-08-24 14:05:05,2025-08-25 14:05:05,1,75.59,3,Brisbane,404.59,0.0,
ORD-103131,B2B-19864,2026-06-30 09:14:54,2026-07-07 09:14:54,2026-07-05 09:14:54,-2,67.79,3,Adelaide,233.45,0.0,
ORD-103132,B2B-1575,2025-12-15 11:57:22,2025-12-26 11:57:22,2025-12-23 11:57:22,-3,58.34,3,Adelaide,313.76,0.0,
ORD-103133,B2B-42643,2025-12-26 02:11:12,2026-01-03 02:11:12,2026-01-01 02:11:12,-2,67.58,3,Brisbane,334.58,0.0,
ORD-103134,B2B-20126,2026-05-29 14:42:16,2026-06-11 14:42:16,2026-06-10 14:42:16,-1,83.75,3,Brisbane,415.01,0.0,
ORD-103135,B2B-26239,2025-10-09 17:13:57,2025-10-17 17:13:57,2025-10-14 17:13:57,-3,73.54,3,Brisbane,453.36,0.0,
ORD-103136,B2B-89062,2026-06-22 06:32:54,2026-06-29 06:32:54,2026-06-29 06:32:54,0,67.54,7,Perth,129.41,0.0,
ORD-103137,B2B-38398,2025-10-02 17:54:02,2025-10-12 17:54:02,2025-10-14 17:54:02,2,81.25,3,Brisbane,610.12,0.0,
ORD-103138,B2B-86225,2026-06-22 00:56:47,2026-07-04 00:56:47,2026-06-30 00:56:47,-4,63.15,3,Perth,237.6,0.0,
ORD-103139,B2B-41580,2026-07-14 19:39:44,2026-07-25 19:39:44,2026-07-26 19:39:44,1,67.95,7,Brisbane,585.24,0.0,
ORD-103140,B2B-760,2026-04-10 12:04:32,2026-04-18 12:04:32,2026-04-18 12:04:32,0,61.65,3,Adelaide,248.77,0.0,
ORD-103141,B2B-74836,2025-10-12 22:20:33,2025-10-19 22:20:33,2025-10-19 22:20:33,0,81.52,3,Adelaide,437.22,0.0,
ORD-103142,B2B-55267,2025-11-15 13:34:42,2025-11-22 13:34:42,2025-11-23 13:34:42,1,73.01,3,Brisbane,417.67,1.0,Customer Service
ORD-103143,B2B-17835,2026-01-06 22:46:09,2026-01-16 22:46:09,2026-01-18 22:46:09,2,57.46,3,Brisbane,516.94,0.0,
ORD-103144,B2B-469,2026-07-27 05:27:38,2026-08-03 05:27:38,2026-08-06 05:27:38,3,83.1,7,Brisbane,568.96,0.0,
ORD-103145,B2B-39082,2026-07-09 18:41:31,2026-07-22 18:41:31,2026-07-24 18:41:31,2,77.66,3,Melbourne,287.99,0.0,
ORD-103146,B2B-68135,2025-08-13 07:27:09,2025-08-20 07:27:09,2025-08-20 07:27:09,0,90.33,7,Brisbane,706.94,0.0,
ORD-103147,B2B-55547,2025-10-09 04:14:14,2025-10-18 04:14:14,2025-10-18 04:14:14,0,70.39,3,Melbourne,437.05,0.0,
ORD-103148,B2B-14205,2026-03-31 10:26:01,2026-04-14 10:26:01,2026-04-11 10:26:01,-3,59.5,7,Melbourne,93.91,0.0,
ORD-103149,B2B-65084,2025-10-13 02:16:30,2025-10-27 02:16:30,2025-10-30 02:16:30,3,49.34,7,Brisbane,218.58,1.0,Late Delivery
ORD-103150,B2B-6646,2026-06-26 20:07:47,2026-07-07 20:07:47,2026-07-05 20:07:47,-2,61.36,7,Melbourne,81.69,0.0,
ORD-103151,B2B-77562,2026-01-03 06:51:40,2026-01-17 06:51:40,2026-01-15 06:51:40,-2,64.54,7,Perth,194.73,0.0,
ORD-103152,B2B-4727,2026-05-03 11:24:00,2026-05-14 11:24:00,2026-05-17 11:24:00,3,78.5,7,Adelaide,619.93,0.0,
ORD-103153,B2B-68212,2025-08-12 00:23:50,2025-08-22 00:23:50,2025-08-22 00:23:50,0,59.65,3,Adelaide,41.47,0.0,
ORD-103154,B2B-88726,2025-09-02 13:41:11,2025-09-14 13:41:11,2025-09-16 13:41:11,2,95.8,3,Adelaide,442.26,0.0,
ORD-103155,B2B-66471,2026-03-26 20:01:05,2026-04-08 20:01:05,2026-04-11 20:01:05,3,74.63,3,Brisbane,457.4,0.0,
ORD-103156,B2B-36952,2025-12-07 20:52:26,2025-12-20 20:52:26,2025-12-20 20:52:26,0,87.74,7,Melbourne,659.01,0.0,
ORD-103157,B2B-56992,2025-09-14 15:18:06,2025-09-25 15:18:06,2025-09-25 15:18:06,0,62.89,3,Brisbane,164.68,0.0,
ORD-103158,B2B-96058,2026-07-15 21:01:26,2026-07-23 21:01:26,2026-07-22 21:01:26,-1,63.13,7,Melbourne,216.57,0.0,
ORD-103159,B2B-469,2025-08-25 11:46:15,2025-09-04 11:46:15,2025-09-06 11:46:15,2,75.09,7,Brisbane,568.96,0.0,
ORD-103160,B2B-52943,2026-04-03 17:25:17,2026-04-17 17:25:17,2026-04-20 17:25:17,3,105.81,7,Melbourne,856.21,0.0,
ORD-103161,B2B-44861,2025-12-16 09:19:24,2025-12-24 09:19:24,2025-12-22 09:19:24,-2,49.3,3,Perth,329.47,0.0,
ORD-103162,B2B-91754,2025-08-06 03:59:04,2025-08-13 03:59:04,2025-08-13 03:59:04,0,53.58,7,Adelaide,26.35,0.0,
ORD-103163,B2B-83416,2025-09-03 01:32:55,2025-09-11 01:32:55,2025-09-10 01:32:55,-1,73.27,3,Adelaide,207.08,0.0,
ORD-103164,B2B-79418,2026-03-01 19:43:37,2026-03-09 19:43:37,2026-03-06 19:43:37,-3,56.68,3,Perth,263.24,0.0,
ORD-103165,B2B-96462,2025-08-19 01:05:37,2025-08-29 01:05:37,2025-08-29 01:05:37,0,77.76,3,Brisbane,172.15,0.0,
ORD-103166,B2B-88226,2026-04-27 03:31:31,2026-05-04 03:31:31,2026-05-08 03:31:31,4,99.38,3,Brisbane,836.71,1.0,Late Delivery
ORD-103167,B2B-3615,2026-05-02 11:54:42,2026-05-12 11:54:42,2026-05-13 11:54:42,1,68.24,3,Brisbane,392.89,0.0,
ORD-103168,B2B-54672,2026-05-31 09:52:13,2026-06-12 09:52:13,2026-06-14 09:52:13,2,87.33,3,Melbourne,550.57,0.0,
ORD-103169,B2B-71923,2026-07-01 19:04:08,2026-07-13 19:04:08,2026-07-14 19:04:08,1,87.67,3,Brisbane,815.91,0.0,
ORD-103170,B2B-469,2026-06-29 14:31:41,2026-07-08 14:31:41,2026-07-08 14:31:41,0,97.29,7,Brisbane,568.96,0.0,
ORD-103171,B2B-69353,2026-04-14 14:01:52,2026-04-25 14:01:52,2026-04-26 14:01:52,1,49.35,3,Brisbane,80.41,1.0,Late Delivery
ORD-103172,B2B-5107,2025-09-13 00:06:07,2025-09-22 00:06:07,2025-09-23 00:06:07,1,79.65,7,Brisbane,521.23,0.0,
ORD-103173,B2B-9928,2026-07-22 12:43:40,2026-08-01 12:43:40,2026-07-31 12:43:40,-1,62.84,3,Perth,85.7,0.0,
ORD-103174,B2B-99547,2026-06-29 11:49:24,2026-07-07 11:49:24,2026-07-07 11:49:24,0,40.43,3,Perth,179.33,0.0,
ORD-103175,B2B-55272,2026-02-21 17:37:55,2026-03-05 17:37:55,2026-03-05 17:37:55,0,70.09,7,Brisbane,344.57,0.0,
ORD-103176,B2B-98544,2025-10-13 05:04:18,2025-10-25 05:04:18,2025-10-25 05:04:18,0,77.84,7,Perth,332.42,0.0,
ORD-103177,B2B-18051,2025-08-19 02:03:48,2025-08-27 02:03:48,2025-08-28 02:03:48,1,82.31,3,Melbourne,606.19,0.0,
ORD-103178,B2B-56992,2025-11-29 06:09:10,2025-12-11 06:09:10,2025-12-11 06:09:10,0,55.61,3,Brisbane,164.68,0.0,
ORD-103179,B2B-33897,2026-05-24 07:16:14,2026-06-01 07:16:14,2026-06-04 07:16:14,3,80.58,7,Melbourne,555.88,1.0,Customer Service
ORD-103180,B2B-86465,2025-08-13 14:40:48,2025-08-23 14:40:48,2025-08-24 14:40:48,1,96.66,7,Brisbane,662.66,1.0,Late Delivery
ORD-103181,B2B-3443,2025-09-11 10:15:48,2025-09-20 10:15:48,2025-09-20 10:15:48,0,48.88,3,Adelaide,221.32,0.0,
ORD-103182,B2B-24126,2026-04-25 07:59:52,2026-05-07 07:59:52,2026-05-10 07:59:52,3,51.88,3,Adelaide,180.35,0.0,
ORD-103183,B2B-42595,2026-04-04 19:19:13,2026-04-18 19:19:13,2026-04-20 19:19:13,2,93.06,3,Melbourne,363.92,0.0,
ORD-103184,B2B-40702,2026-04-15 03:17:32,2026-04-25 03:17:32,2026-04-25 03:17:32,0,46.18,7,Perth,229.26,0.0,
ORD-103185,B2B-78279,2025-10-24 22:16:14,2025-11-02 22:16:14,2025-10-31 22:16:14,-2,57.73,3,Adelaide,40.95,0.0,
ORD-103186,B2B-24126,2026-03-20 23:02:15,2026-03-28 23:02:15,2026-03-28 23:02:15,0,58.74,3,Adelaide,180.35,0.0,
ORD-103187,B2B-89458,2025-09-20 23:34:11,2025-09-30 23:34:11,2025-09-29 23:34:11,-1,76.38,7,Adelaide,169.02,0.0,
ORD-103188,B2B-12689,2025-09-19 22:59:25,2025-10-01 22:59:25,2025-09-30 22:59:25,-1,58.53,7,Melbourne,125.28,0.0,
ORD-103189,B2B-41230,2026-03-06 00:39:00,2026-03-13 00:39:00,2026-03-13 00:39:00,0,57.77,3,Adelaide,106.34,0.0,
ORD-103190,B2B-38398,2025-08-03 12:18:20,2025-08-12 12:18:20,2025-08-12 12:18:20,0,65.23,3,Brisbane,610.12,0.0,
ORD-103191,B2B-26090,2026-02-17 18:58:44,2026-03-01 18:58:44,2026-03-01 18:58:44,0,76.84,7,Melbourne,685.13,0.0,
ORD-103192,B2B-41869,2026-07-23 10:43:54,2026-08-05 10:43:54,2026-08-04 10:43:54,-1,94.98,7,Brisbane,608.63,0.0,
ORD-103193,B2B-21199,2025-11-17 08:22:38,2025-11-29 08:22:38,2025-11-29 08:22:38,0,49.18,3,Adelaide,136.6,0.0,
ORD-103194,B2B-41580,2026-01-26 10:17:46,2026-02-04 10:17:46,2026-02-06 10:17:46,2,67.48,7,Brisbane,585.24,0.0,
ORD-103195,B2B-84509,2026-02-14 04:38:59,2026-02-23 04:38:59,2026-02-23 04:38:59,0,78.38,3,Brisbane,417.09,0.0,
ORD-103196,B2B-36134,2025-08-22 09:36:06,2025-09-01 09:36:06,2025-09-03 09:36:06,2,36.81,7,Adelaide,79.29,0.0,
ORD-103197,B2B-39539,2026-05-08 03:34:19,2026-05-18 03:34:19,2026-05-15 03:34:19,-3,105.03,3,Brisbane,614.75,0.0,
ORD-103198,B2B-67047,2026-03-27 07:49:46,2026-04-03 07:49:46,2026-04-02 07:49:46,-1,47.38,3,Brisbane,131.63,0.0,
ORD-103199,B2B-20315,2026-07-23 07:30:32,2026-08-06 07:30:32,2026-08-05 07:30:32,-1,50.97,3,Perth,92.54,0.0,
ORD-103200,B2B-87571,2026-04-13 10:47:00,2026-04-24 10:47:00,2026-04-26 10:47:00,2,65.38,3,Perth,271.95,0.0,
ORD-103201,B2B-96003,2026-06-05 12:01:38,2026-06-15 12:01:38,2026-06-16 12:01:38,1,41.17,3,Melbourne,174.33,0.0,
ORD-103202,B2B-86819,2025-12-08 06:42:16,2025-12-20 06:42:16,2025-12-20 06:42:16,0,84.38,3,Brisbane,531.68,0.0,
ORD-103203,B2B-58025,2026-01-06 07:42:31,2026-01-19 07:42:31,2026-01-19 07:42:31,0,47.97,3,Melbourne,333.8,0.0,
ORD-103204,B2B-69737,2026-06-18 05:43:17,2026-06-25 05:43:17,2026-06-28 05:43:17,3,59.89,7,Perth,298.94,0.0,
ORD-103205,B2B-32334,2025-09-19 17:37:29,2025-10-02 17:37:29,2025-10-02 17:37:29,0,55.83,3,Perth,496.63,0.0,
ORD-103206,B2B-47208,2026-06-01 13:37:02,2026-06-15 13:37:02,2026-06-17 13:37:02,2,67.39,3,Melbourne,563.28,0.0,
ORD-103207,B2B-16020,2026-03-23 03:33:12,2026-04-06 03:33:12,2026-04-08 03:33:12,2,53.28,3,Adelaide,32.56,0.0,
ORD-103208,B2B-97825,2026-04-22 07:26:09,2026-04-30 07:26:09,2026-05-01 07:26:09,1,47.74,3,Brisbane,371.6,1.0,Late Delivery
ORD-103209,B2B-76481,2025-09-24 16:05:27,2025-10-01 16:05:27,2025-10-02 16:05:27,1,53.53,3,Melbourne,188.56,0.0,
ORD-103210,B2B-28109,2026-04-13 05:12:28,2026-04-24 05:12:28,2026-04-25 05:12:28,1,45.62,7,Melbourne,53.68,0.0,
ORD-103211,B2B-35323,2026-07-12 19:10:45,2026-07-22 19:10:45,2026-07-21 19:10:45,-1,62.67,3,Perth,248.47,0.0,
ORD-103212,B2B-33897,2026-01-01 05:03:52,2026-01-13 05:03:52,2026-01-16 05:03:52,3,98.95,7,Melbourne,555.88,0.0,
ORD-103213,B2B-73618,2026-07-25 08:16:31,2026-08-07 08:16:31,2026-08-04 08:16:31,-3,59.38,3,Perth,263.71,0.0,
ORD-103214,B2B-88506,2026-06-11 21:49:39,2026-06-25 21:49:39,2026-06-25 21:49:39,0,76.45,3,Adelaide,379.24,0.0,
ORD-103215,B2B-93209,2026-04-23 21:29:00,2026-05-03 21:29:00,2026-05-02 21:29:00,-1,71.22,3,Perth,214.25,0.0,
ORD-103216,B2B-84142,2026-07-14 16:03:29,2026-07-22 16:03:29,2026-07-22 16:03:29,0,65.63,3,Perth,298.29,0.0,
ORD-103217,B2B-15887,2025-12-26 09:39:01,2026-01-06 09:39:01,2026-01-06 09:39:01,0,57.92,7,Perth,234.39,0.0,
ORD-103218,B2B-33671,2025-08-25 16:13:24,2025-09-06 16:13:24,2025-09-06 16:13:24,0,76.8,7,Brisbane,831.52,0.0,
ORD-103219,B2B-99646,2025-11-11 23:40:25,2025-11-24 23:40:25,2025-11-24 23:40:25,0,64.67,7,Perth,86.76,0.0,
ORD-103220,B2B-80845,2026-03-21 21:05:51,2026-04-02 21:05:51,2026-03-30 21:05:51,-3,72.65,7,Brisbane,385.64,0.0,
ORD-103221,B2B-469,2026-02-16 02:56:18,2026-02-24 02:56:18,2026-02-24 02:56:18,0,64.35,7,Brisbane,568.96,0.0,
ORD-103222,B2B-41024,2026-05-19 03:28:29,2026-05-28 03:28:29,2026-06-01 03:28:29,4,61.67,3,Brisbane,433.53,1.0,Late Delivery
ORD-103223,B2B-44861,2026-07-24 09:14:19,2026-08-02 09:14:19,2026-08-06 09:14:19,4,45.87,3,Perth,329.47,1.0,Late Delivery
ORD-103224,B2B-36364,2026-03-31 01:50:41,2026-04-09 01:50:41,2026-04-08 01:50:41,-1,68.61,3,Brisbane,450.6,0.0,
ORD-103225,B2B-43536,2025-10-17 16:50:43,2025-10-28 16:50:43,2025-10-28 16:50:43,0,83.01,3,Melbourne,599.85,0.0,
ORD-103226,B2B-27599,2026-06-16 11:44:49,2026-06-27 11:44:49,2026-06-23 11:44:49,-4,83.66,3,Brisbane,705.12,0.0,
ORD-103227,B2B-91754,2026-06-11 00:25:23,2026-06-21 00:25:23,2026-06-19 00:25:23,-2,73.61,7,Adelaide,26.35,0.0,
ORD-103228,B2B-39082,2026-01-16 05:15:22,2026-01-28 05:15:22,2026-01-27 05:15:22,-1,64.36,3,Melbourne,287.99,0.0,
ORD-103229,B2B-37007,2026-05-12 20:37:08,2026-05-22 20:37:08,2026-05-25 20:37:08,3,80.99,3,Adelaide,369.48,0.0,
ORD-103230,B2B-68212,2026-02-25 20:14:09,2026-03-08 20:14:09,2026-03-08 20:14:09,0,68.08,3,Adelaide,41.47,0.0,
ORD-103231,B2B-28259,2025-11-05 04:56:02,2025-11-16 04:56:02,2025-11-16 04:56:02,0,83.02,3,Perth,266.36,0.0,
ORD-103232,B2B-18191,2026-07-24 04:30:50,2026-08-05 04:30:50,2026-08-07 04:30:50,2,82.04,3,Adelaide,239.43,1.0,Late Delivery
ORD-103233,B2B-96058,2026-03-07 14:42:29,2026-03-17 14:42:29,2026-03-20 14:42:29,3,68.53,7,Melbourne,216.57,0.0,
ORD-103234,B2B-10100,2026-04-21 11:23:32,2026-04-30 11:23:32,2026-05-04 11:23:32,4,58.79,3,Perth,132.58,0.0,
ORD-103235,B2B-96462,2026-07-23 20:02:24,2026-08-06 20:02:24,2026-08-10 20:02:24,4,72.24,3,Brisbane,172.15,1.0,Late Delivery
ORD-103236,B2B-70992,2025-10-21 10:57:08,2025-11-04 10:57:08,2025-11-02 10:57:08,-2,41.39,7,Melbourne,154.1,0.0,
ORD-103237,B2B-80380,2026-01-10 19:50:10,2026-01-23 19:50:10,2026-01-25 19:50:10,2,63.02,3,Adelaide,545.83,0.0,
ORD-103238,B2B-79786,2025-10-13 03:01:18,2025-10-21 03:01:18,2025-10-24 03:01:18,3,78.61,7,Melbourne,588.46,0.0,
ORD-103239,B2B-88555,2025-11-19 17:10:56,2025-11-27 17:10:56,2025-11-29 17:10:56,2,74.96,3,Brisbane,560.64,0.0,
ORD-103240,B2B-41706,2025-08-25 19:58:25,2025-09-05 19:58:25,2025-09-05 19:58:25,0,48.31,7,Adelaide,65.65,0.0,
ORD-103241,B2B-58412,2026-01-15 20:13:01,2026-01-27 20:13:01,2026-01-23 20:13:01,-4,86.63,7,Adelaide,543.27,0.0,
ORD-103242,B2B-19543,2026-03-09 17:03:10,2026-03-21 17:03:10,2026-03-17 17:03:10,-4,58.2,7,Adelaide,260.58,0.0,
ORD-103243,B2B-73618,2026-06-28 22:32:44,2026-07-05 22:32:44,2026-07-05 22:32:44,0,65.19,3,Perth,263.71,0.0,
ORD-103244,B2B-50991,2025-10-24 17:31:29,2025-11-04 17:31:29,2025-11-03 17:31:29,-1,62.76,3,Adelaide,152.72,0.0,
ORD-103245,B2B-93117,2026-05-14 10:59:07,2026-05-28 10:59:07,2026-05-28 10:59:07,0,93.73,3,Brisbane,583.68,0.0,
ORD-103246,B2B-35323,2025-12-25 15:40:18,2026-01-01 15:40:18,2025-12-31 15:40:18,-1,67.5,3,Perth,248.47,0.0,
ORD-103247,B2B-68135,2026-06-05 23:16:11,2026-06-13 23:16:11,2026-06-11 23:16:11,-2,77.93,7,Brisbane,706.94,0.0,
ORD-103248,B2B-18191,2025-08-10 14:19:46,2025-08-23 14:19:46,2025-08-23 14:19:46,0,63.99,3,Adelaide,239.43,0.0,
ORD-103249,B2B-83901,2026-04-07 21:55:22,2026-04-16 21:55:22,2026-04-08 21:55:22,-8,68.12,3,Brisbane,378.74,0.0,
ORD-103250,B2B-88385,2026-07-22 21:08:35,2026-07-30 21:08:35,2026-07-27 21:08:35,-3,65.64,3,Melbourne,238.32,0.0,
ORD-103251,B2B-41761,2026-03-28 11:54:47,2026-04-10 11:54:47,2026-04-10 11:54:47,0,75.75,3,Adelaide,248.81,0.0,
ORD-103252,B2B-72239,2026-04-20 20:53:08,2026-05-03 20:53:08,2026-05-03 20:53:08,0,56.93,7,Perth,82.52,0.0,
ORD-103253,B2B-99085,2025-10-10 17:36:44,2025-10-19 17:36:44,2025-10-20 17:36:44,1,71.78,7,Melbourne,721.6,0.0,
ORD-103254,B2B-53943,2026-05-26 15:40:04,2026-06-05 15:40:04,2026-06-05 15:40:04,0,79.94,3,Melbourne,648.98,0.0,
ORD-103255,B2B-52106,2026-05-01 17:37:04,2026-05-08 17:37:04,2026-05-07 17:37:04,-1,90.47,3,Brisbane,665.15,0.0,
ORD-103256,B2B-37132,2025-11-27 12:59:25,2025-12-07 12:59:25,2025-12-07 12:59:25,0,77.41,7,Melbourne,667.08,0.0,
ORD-103257,B2B-88750,2025-10-23 10:50:18,2025-10-30 10:50:18,2025-10-30 10:50:18,0,60.64,7,Melbourne,232.31,0.0,
ORD-103258,B2B-17750,2025-11-21 22:00:38,2025-11-28 22:00:38,2025-11-27 22:00:38,-1,64.89,3,Perth,179.54,0.0,
ORD-103259,B2B-22162,2026-05-12 17:47:19,2026-05-21 17:47:19,2026-05-21 17:47:19,0,66.64,3,Melbourne,263.03,0.0,
ORD-103260,B2B-24529,2026-05-27 03:55:43,2026-06-05 03:55:43,2026-06-05 03:55:43,0,79.35,3,Brisbane,628.53,0.0,
ORD-103261,B2B-16020,2026-04-21 03:38:27,2026-05-02 03:38:27,2026-05-01 03:38:27,-1,54.31,3,Adelaide,32.56,0.0,
ORD-103262,B2B-35688,2026-07-02 19:59:24,2026-07-14 19:59:24,2026-07-13 19:59:24,-1,73.39,7,Adelaide,329.31,0.0,
ORD-103263,B2B-50991,2025-12-05 15:51:25,2025-12-13 15:51:25,2025-12-12 15:51:25,-1,49.26,3,Adelaide,152.72,0.0,
ORD-103264,B2B-89419,2025-12-05 02:03:34,2025-12-14 02:03:34,2025-12-15 02:03:34,1,61.64,7,Perth,495.82,0.0,
ORD-103265,B2B-91091,2025-12-01 03:01:25,2025-12-11 03:01:25,2025-12-11 03:01:25,0,87.18,3,Brisbane,651.18,0.0,
ORD-103266,B2B-30703,2026-07-10 03:59:32,2026-07-23 03:59:32,2026-07-23 03:59:32,0,57.51,3,Brisbane,215.86,0.0,
ORD-103267,B2B-56564,2026-01-20 06:13:09,2026-01-28 06:13:09,2026-01-27 06:13:09,-1,59.21,7,Adelaide,188.33,0.0,
ORD-103268,B2B-89899,2026-03-14 17:55:18,2026-03-26 17:55:18,2026-03-25 17:55:18,-1,86.88,3,Brisbane,618.63,0.0,
ORD-103269,B2B-35806,2026-03-10 13:16:59,2026-03-17 13:16:59,2026-03-18 13:16:59,1,65.0,3,Adelaide,167.05,0.0,
ORD-103270,B2B-22033,2025-10-11 00:28:28,2025-10-18 00:28:28,2025-10-21 00:28:28,3,44.06,7,Perth,271.03,1.0,Late Delivery
ORD-103271,B2B-15993,2026-02-23 15:08:15,2026-03-02 15:08:15,2026-02-28 15:08:15,-2,54.57,3,Brisbane,270.48,0.0,
ORD-103272,B2B-81277,2026-04-29 03:45:18,2026-05-06 03:45:18,2026-05-06 03:45:18,0,85.38,3,Melbourne,659.12,1.0,Packaging Damage
ORD-103273,B2B-20130,2025-10-15 13:56:23,2025-10-26 13:56:23,2025-10-24 13:56:23,-2,73.2,7,Adelaide,297.52,0.0,
ORD-103274,B2B-5218,2025-09-10 10:41:07,2025-09-17 10:41:07,2025-09-20 10:41:07,3,75.01,3,Brisbane,370.92,1.0,Late Delivery
ORD-103275,B2B-25910,2026-03-27 12:56:15,2026-04-09 12:56:15,2026-04-10 12:56:15,1,59.25,3,Melbourne,151.59,0.0,
ORD-103276,B2B-44861,2025-11-02 00:52:45,2025-11-10 00:52:45,2025-11-10 00:52:45,0,71.72,3,Perth,329.47,0.0,
ORD-103277,B2B-16876,2025-09-08 00:33:26,2025-09-15 00:33:26,2025-09-15 00:33:26,0,68.3,3,Brisbane,560.95,0.0,
ORD-103278,B2B-97179,2026-06-11 23:40:44,2026-06-25 23:40:44,2026-06-24 23:40:44,-1,74.59,3,Melbourne,566.59,0.0,
ORD-103279,B2B-39082,2025-11-05 23:07:47,2025-11-19 23:07:47,2025-11-20 23:07:47,1,52.31,3,Melbourne,287.99,0.0,
ORD-103280,B2B-28120,2026-05-28 14:30:54,2026-06-05 14:30:54,2026-06-05 14:30:54,0,55.18,3,Perth,444.72,0.0,
ORD-103281,B2B-1835,2026-03-27 03:12:56,2026-04-04 03:12:56,2026-04-04 03:12:56,0,82.99,3,Melbourne,675.3,0.0,
ORD-103282,B2B-30230,2025-11-02 06:14:26,2025-11-12 06:14:26,2025-11-12 06:14:26,0,90.54,3,Brisbane,742.12,0.0,
ORD-103283,B2B-26819,2026-06-22 13:20:40,2026-07-05 13:20:40,2026-07-05 13:20:40,0,50.03,7,Brisbane,325.12,0.0,
ORD-103284,B2B-75395,2025-10-11 17:06:22,2025-10-20 17:06:22,2025-10-20 17:06:22,0,49.48,7,Brisbane,95.08,0.0,
ORD-103285,B2B-91091,2026-01-26 17:37:16,2026-02-08 17:37:16,2026-02-09 17:37:16,1,74.58,3,Brisbane,651.18,0.0,
ORD-103286,B2B-48997,2025-12-18 02:33:38,2025-12-30 02:33:38,2026-01-03 02:33:38,4,61.79,3,Brisbane,508.18,0.0,
ORD-103287,B2B-88726,2026-02-25 12:21:53,2026-03-06 12:21:53,2026-03-06 12:21:53,0,84.76,3,Adelaide,442.26,0.0,
ORD-103288,B2B-21663,2025-10-23 09:43:15,2025-11-01 09:43:15,2025-11-01 09:43:15,0,60.66,7,Perth,430.53,0.0,
ORD-103289,B2B-38648,2026-02-10 01:48:02,2026-02-18 01:48:02,2026-02-18 01:48:02,0,43.38,3,Brisbane,104.04,0.0,
ORD-103290,B2B-20126,2025-12-13 10:20:59,2025-12-24 10:20:59,2025-12-24 10:20:59,0,89.26,3,Brisbane,415.01,0.0,
ORD-103291,B2B-46372,2026-06-08 00:52:29,2026-06-17 00:52:29,2026-06-18 00:52:29,1,92.85,3,Melbourne,848.56,0.0,
ORD-103292,B2B-47887,2025-08-26 13:17:43,2025-09-08 13:17:43,2025-09-10 13:17:43,2,67.1,3,Brisbane,421.59,0.0,
ORD-103293,B2B-18221,2025-12-29 18:58:47,2026-01-12 18:58:47,2026-01-12 18:58:47,0,78.04,3,Perth,348.44,0.0,
ORD-103294,B2B-29283,2026-01-04 17:20:30,2026-01-13 17:20:30,2026-01-11 17:20:30,-2,56.24,3,Perth,334.32,0.0,
ORD-103295,B2B-87571,2026-06-13 02:11:16,2026-06-27 02:11:16,2026-06-26 02:11:16,-1,51.75,3,Perth,271.95,0.0,
ORD-103296,B2B-17520,2026-02-23 23:13:49,2026-03-06 23:13:49,2026-03-06 23:13:49,0,50.97,7,Melbourne,74.84,0.0,
ORD-103297,B2B-26559,2026-06-10 19:44:08,2026-06-23 19:44:08,2026-06-28 19:44:08,5,72.99,7,Melbourne,410.2,0.0,
ORD-103298,B2B-83863,2026-04-11 05:37:19,2026-04-22 05:37:19,2026-04-22 05:37:19,0,53.66,3,Perth,224.08,0.0,
ORD-103299,B2B-35745,2025-10-26 23:10:27,2025-11-04 23:10:27,2025-11-04 23:10:27,0,60.78,7,Brisbane,188.89,0.0,
ORD-103300,B2B-52943,2026-05-31 04:30:22,2026-06-09 04:30:22,2026-06-16 04:30:22,7,88.23,7,Melbourne,856.21,0.0,
ORD-103301,B2B-41706,2026-01-08 11:01:40,2026-01-19 11:01:40,2026-01-18 11:01:40,-1,57.84,7,Adelaide,65.65,0.0,
ORD-103302,B2B-16615,2026-06-17 17:20:33,2026-06-29 17:20:33,2026-06-26 17:20:33,-3,63.8,3,Brisbane,353.55,0.0,
ORD-103303,B2B-35219,2025-09-23 02:12:01,2025-10-02 02:12:01,2025-10-03 02:12:01,1,67.59,3,Adelaide,290.88,0.0,
ORD-103304,B2B-23088,2025-09-02 10:19:47,2025-09-09 10:19:47,2025-09-09 10:19:47,0,47.82,3,Brisbane,52.74,0.0,
ORD-103305,B2B-17835,2026-06-26 03:04:40,2026-07-10 03:04:40,2026-07-08 03:04:40,-2,72.18,3,Brisbane,516.94,0.0,
ORD-103306,B2B-17520,2025-08-19 09:52:27,2025-08-28 09:52:27,2025-08-31 09:52:27,3,55.45,7,Melbourne,74.84,0.0,
ORD-103307,B2B-17520,2025-11-21 14:56:31,2025-12-01 14:56:31,2025-12-03 14:56:31,2,26.56,7,Melbourne,74.84,0.0,
ORD-103308,B2B-89458,2025-12-19 07:42:21,2026-01-02 07:42:21,2026-01-02 07:42:21,0,59.5,7,Adelaide,169.02,0.0,
ORD-103309,B2B-44951,2025-10-24 18:13:52,2025-11-05 18:13:52,2025-11-02 18:13:52,-3,95.22,3,Melbourne,832.42,0.0,
ORD-103310,B2B-12451,2025-12-02 10:24:53,2025-12-12 10:24:53,2025-12-12 10:24:53,0,45.67,3,Brisbane,110.17,0.0,
ORD-103311,B2B-5963,2026-07-23 18:49:35,2026-08-02 18:49:35,2026-07-31 18:49:35,-2,61.72,3,Brisbane,539.47,0.0,
ORD-103312,B2B-97179,2026-01-16 03:19:46,2026-01-30 03:19:46,2026-01-30 03:19:46,0,76.6,3,Melbourne,566.59,0.0,
ORD-103313,B2B-9412,2026-05-23 15:35:51,2026-05-30 15:35:51,2026-06-01 15:35:51,2,81.36,3,Perth,353.19,1.0,Late Delivery
ORD-103314,B2B-89291,2025-10-17 00:48:11,2025-10-31 00:48:11,2025-10-31 00:48:11,0,66.99,3,Melbourne,355.57,0.0,
ORD-103315,B2B-75641,2026-01-18 17:36:41,2026-01-31 17:36:41,2026-01-29 17:36:41,-2,63.12,3,Adelaide,39.25,0.0,
ORD-103316,B2B-69495,2026-06-18 18:26:24,2026-06-27 18:26:24,2026-06-29 18:26:24,2,42.01,3,Adelaide,147.01,0.0,
ORD-103317,B2B-31506,2025-11-14 19:03:15,2025-11-28 19:03:15,2025-12-02 19:03:15,4,77.29,7,Brisbane,802.14,0.0,
ORD-103318,B2B-77562,2026-05-02 22:19:41,2026-05-14 22:19:41,2026-05-12 22:19:41,-2,54.32,7,Perth,194.73,0.0,
ORD-103319,B2B-69665,2026-01-09 10:06:10,2026-01-18 10:06:10,2026-01-18 10:06:10,0,81.83,3,Melbourne,585.98,0.0,
ORD-103320,B2B-81277,2026-01-13 02:11:07,2026-01-24 02:11:07,2026-01-24 02:11:07,0,84.93,3,Melbourne,659.12,0.0,
ORD-103321,B2B-16876,2026-03-02 19:29:20,2026-03-09 19:29:20,2026-03-08 19:29:20,-1,90.16,3,Brisbane,560.95,0.0,
ORD-103322,B2B-88360,2026-06-13 03:45:12,2026-06-21 03:45:12,2026-06-17 03:45:12,-4,57.07,7,Brisbane,120.26,0.0,
ORD-103323,B2B-9933,2025-10-12 17:51:51,2025-10-19 17:51:51,2025-10-19 17:51:51,0,69.65,7,Adelaide,318.11,0.0,
ORD-103324,B2B-74692,2025-09-25 06:22:51,2025-10-02 06:22:51,2025-10-03 06:22:51,1,53.63,3,Melbourne,309.02,0.0,
ORD-103325,B2B-72219,2025-08-24 02:33:00,2025-09-02 02:33:00,2025-09-02 02:33:00,0,78.59,7,Brisbane,428.71,0.0,
ORD-103326,B2B-10603,2026-06-03 07:44:04,2026-06-13 07:44:04,2026-06-15 07:44:04,2,101.96,3,Brisbane,792.16,0.0,
ORD-103327,B2B-52689,2026-02-21 00:15:25,2026-03-05 00:15:25,2026-03-05 00:15:25,0,83.25,3,Melbourne,643.13,0.0,
ORD-103328,B2B-1575,2026-03-10 23:11:33,2026-03-23 23:11:33,2026-03-23 23:11:33,0,57.25,3,Adelaide,313.76,0.0,
ORD-103329,B2B-47887,2026-04-13 06:03:04,2026-04-27 06:03:04,2026-04-27 06:03:04,0,83.33,3,Brisbane,421.59,0.0,
ORD-103330,B2B-93209,2026-07-21 01:47:55,2026-07-28 01:47:55,2026-07-30 01:47:55,2,65.48,3,Perth,214.25,1.0,Late Delivery
ORD-103331,B2B-71874,2026-06-06 04:24:54,2026-06-18 04:24:54,2026-06-21 04:24:54,3,99.7,3,Brisbane,624.67,0.0,
ORD-103332,B2B-86465,2026-02-08 05:12:03,2026-02-18 05:12:03,2026-02-17 05:12:03,-1,74.8,7,Brisbane,662.66,0.0,
ORD-103333,B2B-11884,2025-09-25 15:03:37,2025-10-04 15:03:37,2025-10-07 15:03:37,3,85.18,3,Brisbane,732.96,1.0,Late Delivery
ORD-103334,B2B-72214,2026-01-24 19:06:14,2026-01-31 19:06:14,2026-02-03 19:06:14,3,54.72,3,Melbourne,211.97,0.0,
ORD-103335,B2B-80845,2025-08-30 22:06:11,2025-09-07 22:06:11,2025-09-08 22:06:11,1,62.44,7,Brisbane,385.64,0.0,
ORD-103336,B2B-41777,2025-09-26 05:08:40,2025-10-10 05:08:40,2025-10-13 05:08:40,3,36.29,7,Melbourne,60.38,0.0,
ORD-103337,B2B-71321,2025-11-26 22:03:36,2025-12-06 22:03:36,2025-12-06 22:03:36,0,76.52,7,Melbourne,460.1,0.0,
ORD-103338,B2B-29564,2026-01-01 12:58:32,2026-01-08 12:58:32,2026-01-07 12:58:32,-1,52.24,3,Adelaide,179.99,0.0,
ORD-103339,B2B-97276,2026-03-18 23:02:57,2026-03-27 23:02:57,2026-03-27 23:02:57,0,56.54,3,Brisbane,198.51,0.0,
ORD-103340,B2B-42934,2026-03-26 14:46:00,2026-04-06 14:46:00,2026-04-04 14:46:00,-2,75.65,3,Brisbane,637.56,0.0,
ORD-103341,B2B-1563,2025-10-20 01:37:05,2025-10-28 01:37:05,2025-10-31 01:37:05,3,46.47,3,Adelaide,182.02,0.0,
ORD-103342,B2B-93779,2025-10-07 04:28:02,2025-10-19 04:28:02,2025-10-22 04:28:02,3,55.85,3,Adelaide,182.39,0.0,
ORD-103343,B2B-15987,2026-01-04 04:08:34,2026-01-16 04:08:34,2026-01-17 04:08:34,1,67.08,3,Melbourne,646.88,0.0,
ORD-103344,B2B-42641,2026-03-21 06:10:21,2026-03-28 06:10:21,2026-03-27 06:10:21,-1,49.02,3,Melbourne,304.19,0.0,
ORD-103345,B2B-68135,2026-02-27 03:01:58,2026-03-07 03:01:58,2026-03-08 03:01:58,1,75.02,7,Brisbane,706.94,1.0,Customer Service
ORD-103346,B2B-53943,2026-05-02 15:25:02,2026-05-09 15:25:02,2026-05-09 15:25:02,0,71.87,3,Melbourne,648.98,0.0,
ORD-103347,B2B-1835,2026-06-17 23:57:51,2026-06-29 23:57:51,2026-07-04 23:57:51,5,73.34,3,Melbourne,675.3,0.0,
ORD-103348,B2B-81277,2026-04-25 00:22:49,2026-05-08 00:22:49,2026-05-10 00:22:49,2,78.66,3,Melbourne,659.12,1.0,Late Delivery
ORD-103349,B2B-76363,2026-01-16 06:01:48,2026-01-27 06:01:48,2026-01-27 06:01:48,0,89.9,7,Melbourne,555.75,0.0,
ORD-103350,B2B-13363,2025-08-18 06:33:37,2025-08-31 06:33:37,2025-08-25 06:33:37,-6,74.45,3,Perth,167.98,0.0,
ORD-103351,B2B-13933,2025-10-15 06:37:38,2025-10-26 06:37:38,2025-10-28 06:37:38,2,57.14,3,Adelaide,265.59,1.0,Late Delivery
ORD-103352,B2B-77661,2026-02-15 19:52:36,2026-03-01 19:52:36,2026-02-26 19:52:36,-3,94.49,3,Melbourne,852.66,0.0,
ORD-103353,B2B-65614,2026-05-21 08:31:27,2026-06-03 08:31:27,2026-06-06 08:31:27,3,83.37,3,Melbourne,319.56,0.0,
ORD-103354,B2B-52585,2026-01-19 01:34:15,2026-01-29 01:34:15,2026-01-31 01:34:15,2,56.05,7,Brisbane,496.03,0.0,
ORD-103355,B2B-74684,2025-10-23 19:08:30,2025-10-30 19:08:30,2025-10-29 19:08:30,-1,71.95,3,Brisbane,548.73,0.0,
ORD-103356,B2B-81420,2025-09-27 06:45:09,2025-10-08 06:45:09,2025-10-07 06:45:09,-1,59.15,3,Melbourne,147.06,0.0,
ORD-103357,B2B-38826,2025-09-13 21:29:48,2025-09-24 21:29:48,2025-09-24 21:29:48,0,81.72,7,Brisbane,536.49,0.0,
ORD-103358,B2B-13363,2025-09-15 13:21:49,2025-09-28 13:21:49,2025-09-29 13:21:49,1,75.44,3,Perth,167.98,0.0,
ORD-103359,B2B-75594,2026-06-10 08:58:39,2026-06-24 08:58:39,2026-06-25 08:58:39,1,65.02,3,Perth,237.46,0.0,
ORD-103360,B2B-1575,2026-05-27 05:22:26,2026-06-07 05:22:26,2026-06-06 05:22:26,-1,75.84,3,Adelaide,313.76,0.0,
ORD-103361,B2B-99480,2026-01-12 23:50:36,2026-01-20 23:50:36,2026-01-19 23:50:36,-1,82.19,3,Perth,448.58,0.0,
ORD-103362,B2B-76983,2026-05-05 01:01:21,2026-05-13 01:01:21,2026-05-14 01:01:21,1,52.64,7,Brisbane,167.27,0.0,
ORD-103363,B2B-45159,2025-12-02 03:10:56,2025-12-13 03:10:56,2025-12-14 03:10:56,1,83.53,3,Melbourne,438.13,0.0,
ORD-103364,B2B-87928,2025-09-26 23:13:23,2025-10-10 23:13:23,2025-10-07 23:13:23,-3,68.08,3,Perth,293.15,0.0,
ORD-103365,B2B-90471,2026-03-31 17:41:21,2026-04-11 17:41:21,2026-04-11 17:41:21,0,82.27,3,Brisbane,681.93,0.0,
ORD-103366,B2B-11265,2026-07-12 05:43:03,2026-07-24 05:43:03,2026-07-24 05:43:03,0,60.35,3,Brisbane,241.54,0.0,
ORD-103367,B2B-25910,2026-07-05 02:31:44,2026-07-14 02:31:44,2026-07-12 02:31:44,-2,71.04,3,Melbourne,151.59,0.0,
ORD-103368,B2B-14370,2025-08-10 02:16:55,2025-08-20 02:16:55,2025-08-22 02:16:55,2,76.78,7,Brisbane,314.39,0.0,
ORD-103369,B2B-70994,2025-08-28 04:09:25,2025-09-10 04:09:25,2025-09-08 04:09:25,-2,74.19,7,Melbourne,301.53,0.0,
ORD-103370,B2B-70994,2026-05-11 05:25:58,2026-05-23 05:25:58,2026-05-20 05:25:58,-3,45.56,7,Melbourne,301.53,0.0,
ORD-103371,B2B-54346,2025-09-13 11:37:12,2025-09-21 11:37:12,2025-09-19 11:37:12,-2,93.55,7,Melbourne,648.51,0.0,
ORD-103372,B2B-10100,2026-07-14 03:16:59,2026-07-26 03:16:59,2026-07-26 03:16:59,0,52.68,3,Perth,132.58,0.0,
ORD-103373,B2B-41342,2026-05-15 16:37:06,2026-05-24 16:37:06,2026-05-27 16:37:06,3,52.66,3,Adelaide,247.72,0.0,
ORD-103374,B2B-54672,2026-04-09 04:04:06,2026-04-20 04:04:06,2026-04-23 04:04:06,3,46.55,3,Melbourne,550.57,0.0,
ORD-103375,B2B-23088,2025-09-21 06:31:23,2025-09-30 06:31:23,2025-10-01 06:31:23,1,52.0,3,Brisbane,52.74,0.0,
ORD-103376,B2B-73790,2025-12-19 03:33:55,2025-12-26 03:33:55,2025-12-26 03:33:55,0,65.03,3,Melbourne,354.4,0.0,
ORD-103377,B2B-17434,2025-08-21 03:41:49,2025-08-31 03:41:49,2025-09-03 03:41:49,3,73.86,3,Brisbane,572.59,0.0,
ORD-103378,B2B-57908,2026-01-26 17:49:59,2026-02-04 17:49:59,2026-02-07 17:49:59,3,74.63,3,Brisbane,246.06,0.0,
ORD-103379,B2B-93779,2026-02-28 14:15:06,2026-03-13 14:15:06,2026-03-11 14:15:06,-2,74.85,3,Adelaide,182.39,0.0,
ORD-103380,B2B-83353,2026-05-19 00:18:02,2026-05-26 00:18:02,2026-05-26 00:18:02,0,83.74,3,Melbourne,532.96,0.0,
ORD-103381,B2B-99085,2025-08-16 14:19:52,2025-08-25 14:19:52,2025-08-25 14:19:52,0,82.39,7,Melbourne,721.6,0.0,
ORD-103382,B2B-78955,2026-07-03 12:15:14,2026-07-15 12:15:14,2026-07-15 12:15:14,0,57.97,3,Adelaide,132.63,0.0,
ORD-103383,B2B-73752,2025-10-12 06:25:21,2025-10-24 06:25:21,2025-10-26 06:25:21,2,85.53,7,Perth,578.14,0.0,
ORD-103384,B2B-41910,2026-04-02 16:05:20,2026-04-15 16:05:20,2026-04-09 16:05:20,-6,56.39,3,Brisbane,191.25,0.0,
ORD-103385,B2B-16876,2025-12-15 11:57:37,2025-12-24 11:57:37,2025-12-25 11:57:37,1,71.02,3,Brisbane,560.95,0.0,
ORD-103386,B2B-70992,2025-08-20 16:49:51,2025-09-01 16:49:51,2025-09-01 16:49:51,0,42.19,7,Melbourne,154.1,0.0,
ORD-103387,B2B-88750,2025-08-24 13:54:16,2025-09-06 13:54:16,2025-09-06 13:54:16,0,50.42,7,Melbourne,232.31,0.0,
ORD-103388,B2B-77707,2026-04-25 05:46:17,2026-05-08 05:46:17,2026-05-07 05:46:17,-1,44.09,3,Melbourne,132.1,0.0,
ORD-103389,B2B-62940,2026-06-05 01:04:37,2026-06-15 01:04:37,2026-06-14 01:04:37,-1,38.67,3,Perth,79.42,0.0,
ORD-103390,B2B-68087,2025-10-26 17:18:15,2025-11-02 17:18:15,2025-11-02 17:18:15,0,64.15,7,Adelaide,89.38,0.0,
ORD-103391,B2B-42641,2026-05-06 05:10:19,2026-05-18 05:10:19,2026-05-23 05:10:19,5,75.29,3,Melbourne,304.19,1.0,Late Delivery
ORD-103392,B2B-73618,2025-10-13 19:59:04,2025-10-24 19:59:04,2025-10-20 19:59:04,-4,75.64,3,Perth,263.71,0.0,
ORD-103393,B2B-88968,2025-11-12 11:54:14,2025-11-19 11:54:14,2025-11-20 11:54:14,1,106.19,7,Brisbane,928.28,0.0,
ORD-103394,B2B-51530,2026-05-22 03:36:53,2026-05-30 03:36:53,2026-06-01 03:36:53,2,73.25,3,Brisbane,257.73,0.0,
ORD-103395,B2B-36134,2025-11-04 05:29:26,2025-11-15 05:29:26,2025-11-14 05:29:26,-1,60.52,7,Adelaide,79.29,0.0,
ORD-103396,B2B-44861,2025-11-26 02:07:46,2025-12-08 02:07:46,2025-12-08 02:07:46,0,68.29,3,Perth,329.47,0.0,
ORD-103397,B2B-95842,2026-07-30 18:32:41,2026-08-11 18:32:41,2026-08-12 18:32:41,1,69.69,3,Brisbane,492.01,1.0,Late Delivery
ORD-103398,B2B-74018,2025-09-05 16:44:00,2025-09-15 16:44:00,2025-09-15 16:44:00,0,83.26,3,Brisbane,437.58,0.0,
ORD-103399,B2B-42372,2026-07-17 05:20:19,2026-07-31 05:20:19,2026-07-31 05:20:19,0,80.63,3,Melbourne,306.08,0.0,
ORD-103400,B2B-1715,2025-11-16 16:20:01,2025-11-26 16:20:01,2025-11-29 16:20:01,3,65.28,7,Melbourne,321.45,0.0,
ORD-103401,B2B-83353,2025-12-12 17:17:57,2025-12-25 17:17:57,2025-12-25 17:17:57,0,81.67,3,Melbourne,532.96,0.0,
ORD-103402,B2B-2258,2026-06-01 13:15:23,2026-06-09 13:15:23,2026-06-12 13:15:23,3,64.01,3,Brisbane,331.68,0.0,
ORD-103403,B2B-69254,2025-09-28 04:37:22,2025-10-06 04:37:22,2025-10-07 04:37:22,1,77.28,7,Brisbane,391.86,0.0,
ORD-103404,B2B-93209,2025-09-14 11:08:30,2025-09-23 11:08:30,2025-09-23 11:08:30,0,66.92,3,Perth,214.25,0.0,
ORD-103405,B2B-21663,2025-11-21 11:07:15,2025-12-01 11:07:15,2025-11-29 11:07:15,-2,68.64,7,Perth,430.53,0.0,
ORD-103406,B2B-84098,2026-01-18 15:08:00,2026-01-25 15:08:00,2026-01-24 15:08:00,-1,52.09,7,Adelaide,156.59,0.0,
ORD-103407,B2B-469,2026-02-07 02:15:43,2026-02-20 02:15:43,2026-02-24 02:15:43,4,77.92,7,Brisbane,568.96,1.0,Late Delivery
ORD-103408,B2B-69672,2025-09-06 08:50:02,2025-09-13 08:50:02,2025-09-13 08:50:02,0,63.98,7,Brisbane,117.85,0.0,
ORD-103409,B2B-8713,2025-10-21 23:27:07,2025-10-28 23:27:07,2025-10-27 23:27:07,-1,82.33,3,Perth,254.25,0.0,
ORD-103410,B2B-88750,2026-07-22 05:11:46,2026-07-31 05:11:46,2026-07-30 05:11:46,-1,69.45,7,Melbourne,232.31,0.0,
ORD-103411,B2B-25749,2026-06-19 07:07:08,2026-07-02 07:07:08,2026-07-03 07:07:08,1,66.44,7,Perth,212.64,0.0,
ORD-103412,B2B-42934,2026-02-24 12:50:29,2026-03-05 12:50:29,2026-03-10 12:50:29,5,81.99,3,Brisbane,637.56,1.0,Late Delivery
ORD-103413,B2B-20421,2026-06-04 18:06:35,2026-06-13 18:06:35,2026-06-12 18:06:35,-1,88.31,3,Brisbane,718.6,0.0,
ORD-103414,B2B-41547,2026-06-12 08:44:50,2026-06-20 08:44:50,2026-06-25 08:44:50,5,60.25,3,Brisbane,272.28,1.0,Late Delivery
ORD-103415,B2B-39082,2025-08-22 06:43:53,2025-08-31 06:43:53,2025-08-31 06:43:53,0,58.82,3,Melbourne,287.99,0.0,
ORD-103416,B2B-83901,2025-09-24 04:13:33,2025-10-07 04:13:33,2025-10-07 04:13:33,0,55.28,3,Brisbane,378.74,0.0,
ORD-103417,B2B-46372,2026-05-20 13:42:00,2026-05-28 13:42:00,2026-06-02 13:42:00,5,89.12,3,Melbourne,848.56,1.0,Late Delivery
ORD-103418,B2B-57426,2026-07-11 21:34:33,2026-07-23 21:34:33,2026-07-26 21:34:33,3,93.28,7,Melbourne,498.84,0.0,
ORD-103419,B2B-44847,2025-10-30 14:29:18,2025-11-11 14:29:18,2025-11-11 14:29:18,0,65.86,7,Melbourne,130.12,0.0,
ORD-103420,B2B-72765,2026-05-30 08:02:58,2026-06-11 08:02:58,2026-06-14 08:02:58,3,117.03,3,Melbourne,873.91,1.0,Late Delivery
ORD-103421,B2B-40012,2025-10-13 23:45:52,2025-10-24 23:45:52,2025-10-24 23:45:52,0,69.81,7,Adelaide,70.68,0.0,
ORD-103422,B2B-19595,2025-08-22 11:30:29,2025-09-04 11:30:29,2025-09-05 11:30:29,1,73.24,7,Brisbane,342.82,1.0,Late Delivery
ORD-103423,B2B-3615,2026-07-14 15:40:51,2026-07-21 15:40:51,2026-07-21 15:40:51,0,64.06,3,Brisbane,392.89,0.0,
ORD-103424,B2B-64472,2025-08-30 19:00:40,2025-09-11 19:00:40,2025-09-12 19:00:40,1,79.47,3,Melbourne,409.98,0.0,
ORD-103425,B2B-41342,2025-11-30 16:25:31,2025-12-14 16:25:31,2025-12-17 16:25:31,3,68.72,3,Adelaide,247.72,0.0,
ORD-103426,B2B-99501,2025-11-27 16:29:32,2025-12-10 16:29:32,2025-12-11 16:29:32,1,90.5,3,Melbourne,643.12,0.0,
ORD-103427,B2B-83562,2026-03-24 12:30:39,2026-04-06 12:30:39,2026-04-07 12:30:39,1,45.89,7,Brisbane,229.29,0.0,
ORD-103428,B2B-21199,2025-12-26 05:58:14,2026-01-06 05:58:14,2026-01-06 05:58:14,0,68.43,3,Adelaide,136.6,0.0,
ORD-103429,B2B-41580,2026-04-19 16:58:54,2026-04-29 16:58:54,2026-05-01 16:58:54,2,71.16,7,Brisbane,585.24,0.0,
ORD-103430,B2B-20315,2025-08-26 01:48:00,2025-09-05 01:48:00,2025-09-06 01:48:00,1,53.45,3,Perth,92.54,0.0,
ORD-103431,B2B-16020,2026-07-06 10:32:06,2026-07-20 10:32:06,2026-07-19 10:32:06,-1,61.82,3,Adelaide,32.56,0.0,
ORD-103432,B2B-19543,2025-08-20 20:31:16,2025-08-28 20:31:16,2025-08-28 20:31:16,0,77.67,7,Adelaide,260.58,0.0,
ORD-103433,B2B-6404,2026-03-05 07:01:21,2026-03-12 07:01:21,2026-03-14 07:01:21,2,76.13,3,Brisbane,732.93,0.0,
ORD-103434,B2B-17175,2025-10-11 14:18:06,2025-10-24 14:18:06,2025-10-23 14:18:06,-1,73.81,3,Melbourne,699.29,0.0,
ORD-103435,B2B-41230,2026-05-02 12:46:59,2026-05-09 12:46:59,2026-05-11 12:46:59,2,46.28,3,Adelaide,106.34,0.0,
ORD-103436,B2B-89899,2026-06-06 06:57:13,2026-06-15 06:57:13,2026-06-16 06:57:13,1,94.1,3,Brisbane,618.63,0.0,
ORD-103437,B2B-2258,2026-03-08 00:04:28,2026-03-21 00:04:28,2026-03-21 00:04:28,0,69.22,3,Brisbane,331.68,0.0,
ORD-103438,B2B-70586,2025-10-03 17:47:47,2025-10-17 17:47:47,2025-10-17 17:47:47,0,64.0,7,Adelaide,271.32,0.0,
ORD-103439,B2B-52871,2025-12-11 11:06:09,2025-12-21 11:06:09,2025-12-18 11:06:09,-3,91.36,3,Melbourne,625.46,0.0,
ORD-103440,B2B-54945,2026-04-20 23:27:47,2026-04-27 23:27:47,2026-04-25 23:27:47,-2,66.82,7,Brisbane,251.33,0.0,
ORD-103441,B2B-73618,2026-07-30 09:14:29,2026-08-10 09:14:29,2026-08-08 09:14:29,-2,61.38,3,Perth,263.71,0.0,
ORD-103442,B2B-30703,2026-04-08 19:42:56,2026-04-18 19:42:56,2026-04-17 19:42:56,-1,77.69,3,Brisbane,215.86,0.0,
ORD-103443,B2B-824,2026-06-06 00:01:19,2026-06-16 00:01:19,2026-06-16 00:01:19,0,51.7,7,Brisbane,210.68,0.0,
ORD-103444,B2B-68467,2025-08-07 10:55:15,2025-08-21 10:55:15,2025-08-21 10:55:15,0,57.58,3,Brisbane,288.51,0.0,
ORD-103445,B2B-61154,2025-09-19 14:15:15,2025-09-27 14:15:15,2025-09-28 14:15:15,1,87.29,3,Melbourne,527.14,0.0,
ORD-103446,B2B-65412,2026-04-04 11:42:35,2026-04-11 11:42:35,2026-04-11 11:42:35,0,61.4,3,Adelaide,368.85,0.0,
ORD-103447,B2B-3524,2025-11-19 02:17:11,2025-12-01 02:17:11,2025-11-29 02:17:11,-2,59.78,3,Melbourne,100.69,0.0,
ORD-103448,B2B-16719,2026-03-22 15:09:31,2026-04-01 15:09:31,2026-04-01 15:09:31,0,44.87,7,Perth,326.27,0.0,
ORD-103449,B2B-91629,2026-07-24 14:53:18,2026-08-04 14:53:18,2026-07-31 14:53:18,-4,60.12,3,Adelaide,222.93,0.0,
ORD-103450,B2B-3443,2026-03-29 17:01:38,2026-04-08 17:01:38,2026-04-11 17:01:38,3,46.4,3,Adelaide,221.32,1.0,Late Delivery
ORD-103451,B2B-36874,2026-07-07 03:33:13,2026-07-15 03:33:13,2026-07-15 03:33:13,0,66.66,3,Brisbane,580.4,0.0,
ORD-103452,B2B-41329,2026-04-14 04:22:32,2026-04-22 04:22:32,2026-04-25 04:22:32,3,56.81,7,Adelaide,225.17,0.0,
ORD-103453,B2B-15993,2026-04-15 13:16:21,2026-04-26 13:16:21,2026-04-27 13:16:21,1,58.52,3,Brisbane,270.48,0.0,
ORD-103454,B2B-15987,2026-06-25 16:14:49,2026-07-06 16:14:49,2026-07-06 16:14:49,0,80.11,3,Melbourne,646.88,0.0,
ORD-103455,B2B-27599,2026-06-14 13:38:41,2026-06-25 13:38:41,2026-06-23 13:38:41,-2,89.77,3,Brisbane,705.12,0.0,
ORD-103456,B2B-49876,2025-09-24 00:52:37,2025-10-07 00:52:37,2025-10-02 00:52:37,-5,69.54,3,Adelaide,216.16,0.0,
ORD-103457,B2B-475,2026-03-27 08:14:08,2026-04-03 08:14:08,2026-04-03 08:14:08,0,61.55,3,Melbourne,206.37,0.0,
ORD-103458,B2B-40085,2026-07-19 18:25:42,2026-07-31 18:25:42,2026-07-30 18:25:42,-1,63.15,3,Adelaide,297.66,0.0,
ORD-103459,B2B-48337,2025-08-07 18:26:20,2025-08-18 18:26:20,2025-08-19 18:26:20,1,71.05,3,Perth,217.85,0.0,
ORD-103460,B2B-39734,2025-10-11 05:15:18,2025-10-20 05:15:18,2025-10-20 05:15:18,0,81.36,3,Melbourne,599.79,0.0,
ORD-103461,B2B-25537,2025-09-07 08:47:29,2025-09-19 08:47:29,2025-09-25 08:47:29,6,83.24,7,Brisbane,634.04,0.0,
ORD-103462,B2B-61154,2026-03-30 22:37:23,2026-04-07 22:37:23,2026-04-07 22:37:23,0,79.43,3,Melbourne,527.14,0.0,
ORD-103463,B2B-6754,2026-07-19 19:26:13,2026-08-02 19:26:13,2026-08-02 19:26:13,0,86.72,3,Perth,533.44,0.0,
ORD-103464,B2B-1530,2026-05-01 11:04:40,2026-05-09 11:04:40,2026-05-09 11:04:40,0,48.51,3,Brisbane,38.68,0.0,
ORD-103465,B2B-6404,2025-11-28 06:34:54,2025-12-07 06:34:54,2025-12-08 06:34:54,1,91.37,3,Brisbane,732.93,0.0,
ORD-103466,B2B-1715,2025-08-04 18:08:23,2025-08-16 18:08:23,2025-08-15 18:08:23,-1,60.28,7,Melbourne,321.45,0.0,
ORD-103467,B2B-6754,2026-06-11 17:34:34,2026-06-25 17:34:34,2026-06-24 17:34:34,-1,68.7,3,Perth,533.44,0.0,
ORD-103468,B2B-88998,2025-12-15 11:30:29,2025-12-22 11:30:29,2025-12-25 11:30:29,3,70.86,3,Brisbane,653.07,1.0,Late Delivery
ORD-103469,B2B-11521,2025-08-08 17:31:10,2025-08-20 17:31:10,2025-08-22 17:31:10,2,58.49,3,Perth,26.15,0.0,
ORD-103470,B2B-12451,2025-09-15 11:25:40,2025-09-28 11:25:40,2025-09-28 11:25:40,0,53.79,3,Brisbane,110.17,0.0,
ORD-103471,B2B-41869,2026-07-01 19:10:21,2026-07-15 19:10:21,2026-07-18 19:10:21,3,75.76,7,Brisbane,608.63,0.0,
ORD-103472,B2B-89291,2025-10-31 20:32:37,2025-11-07 20:32:37,2025-11-07 20:32:37,0,61.77,3,Melbourne,355.57,0.0,
ORD-103473,B2B-22162,2025-12-13 05:36:35,2025-12-21 05:36:35,2025-12-21 05:36:35,0,58.85,3,Melbourne,263.03,0.0,
ORD-103474,B2B-13933,2025-08-05 12:17:13,2025-08-16 12:17:13,2025-08-15 12:17:13,-1,74.34,3,Adelaide,265.59,0.0,
ORD-103475,B2B-19214,2026-07-07 12:00:18,2026-07-19 12:00:18,2026-07-13 12:00:18,-6,82.65,7,Melbourne,863.96,0.0,
ORD-103476,B2B-92368,2026-02-16 00:18:44,2026-02-27 00:18:44,2026-02-25 00:18:44,-2,79.88,3,Brisbane,113.13,0.0,
ORD-103477,B2B-57426,2025-10-26 18:28:47,2025-11-04 18:28:47,2025-11-04 18:28:47,0,92.11,7,Melbourne,498.84,0.0,
ORD-103478,B2B-16615,2025-12-08 19:41:22,2025-12-22 19:41:22,2025-12-25 19:41:22,3,74.07,3,Brisbane,353.55,0.0,
ORD-103479,B2B-73618,2026-03-21 23:53:23,2026-04-01 23:53:23,2026-03-29 23:53:23,-3,67.83,3,Perth,263.71,0.0,
ORD-103480,B2B-20126,2025-12-03 07:04:16,2025-12-14 07:04:16,2025-12-15 07:04:16,1,68.4,3,Brisbane,415.01,0.0,
ORD-103481,B2B-49876,2025-09-20 13:13:52,2025-10-02 13:13:52,2025-10-02 13:13:52,0,42.99,3,Adelaide,216.16,0.0,
ORD-103482,B2B-824,2025-11-06 18:08:03,2025-11-18 18:08:03,2025-11-18 18:08:03,0,39.81,7,Brisbane,210.68,0.0,
ORD-103483,B2B-70880,2025-08-06 12:32:23,2025-08-18 12:32:23,2025-08-17 12:32:23,-1,87.57,3,Brisbane,644.27,0.0,
ORD-103484,B2B-12689,2025-09-03 22:02:14,2025-09-13 22:02:14,2025-09-10 22:02:14,-3,76.53,7,Melbourne,125.28,0.0,
ORD-103485,B2B-99480,2025-11-02 14:31:20,2025-11-15 14:31:20,2025-11-15 14:31:20,0,73.56,3,Perth,448.58,0.0,
ORD-103486,B2B-47887,2026-07-27 22:23:34,2026-08-10 22:23:34,2026-08-10 22:23:34,0,63.9,3,Brisbane,421.59,0.0,
ORD-103487,B2B-85301,2026-05-02 12:20:54,2026-05-16 12:20:54,2026-05-14 12:20:54,-2,55.84,7,Brisbane,149.09,0.0,
ORD-103488,B2B-77702,2026-01-26 02:41:21,2026-02-04 02:41:21,2026-02-04 02:41:21,0,61.47,7,Brisbane,154.37,0.0,
ORD-103489,B2B-72219,2026-04-13 04:41:47,2026-04-20 04:41:47,2026-04-23 04:41:47,3,72.51,7,Brisbane,428.71,0.0,
ORD-103490,B2B-43536,2026-02-09 09:58:52,2026-02-23 09:58:52,2026-02-21 09:58:52,-2,80.69,3,Melbourne,599.85,0.0,
ORD-103491,B2B-33006,2026-01-28 10:02:32,2026-02-05 10:02:32,2026-02-04 10:02:32,-1,64.2,3,Brisbane,288.71,0.0,
ORD-103492,B2B-69254,2025-10-04 14:20:03,2025-10-17 14:20:03,2025-10-20 14:20:03,3,65.49,7,Brisbane,391.86,1.0,Late Delivery
ORD-103493,B2B-76032,2025-11-26 17:35:00,2025-12-05 17:35:00,2025-12-04 17:35:00,-1,85.23,3,Melbourne,668.56,0.0,
ORD-103494,B2B-43323,2026-07-30 13:01:56,2026-08-08 13:01:56,2026-08-07 13:01:56,-1,107.99,7,Melbourne,593.06,0.0,
ORD-103495,B2B-41706,2025-10-13 23:31:17,2025-10-23 23:31:17,2025-10-23 23:31:17,0,46.64,7,Adelaide,65.65,0.0,
ORD-103496,B2B-23088,2025-11-14 14:59:15,2025-11-21 14:59:15,2025-11-22 14:59:15,1,44.95,3,Brisbane,52.74,0.0,
ORD-103497,B2B-26819,2025-12-19 19:08:10,2026-01-02 19:08:10,2026-01-03 19:08:10,1,78.85,7,Brisbane,325.12,0.0,
ORD-103498,B2B-28109,2025-12-14 14:37:21,2025-12-27 14:37:21,2025-12-26 14:37:21,-1,68.06,7,Melbourne,53.68,0.0,
ORD-103499,B2B-13926,2025-11-21 10:32:43,2025-11-30 10:32:43,2025-12-04 10:32:43,4,93.74,3,Brisbane,662.59,1.0,Late Delivery
ORD-103500,B2B-99069,2025-10-21 19:49:29,2025-10-31 19:49:29,2025-10-31 19:49:29,0,80.24,3,Brisbane,505.28,0.0,
ORD-103501,B2B-22033,2025-10-16 08:32:17,2025-10-27 08:32:17,2025-10-27 08:32:17,0,78.88,7,Perth,271.03,0.0,
ORD-103502,B2B-75299,2026-01-09 19:14:48,2026-01-18 19:14:48,2026-01-16 19:14:48,-2,56.4,3,Brisbane,418.34,0.0,
ORD-103503,B2B-25226,2025-11-19 12:32:20,2025-11-28 12:32:20,2025-12-01 12:32:20,3,28.3,3,Melbourne,147.8,0.0,
ORD-103504,B2B-2979,2026-05-04 03:16:37,2026-05-11 03:16:37,2026-05-13 03:16:37,2,55.62,3,Brisbane,367.89,1.0,Customer Service
ORD-103505,B2B-27599,2026-07-03 23:08:50,2026-07-10 23:08:50,2026-07-11 23:08:50,1,89.2,3,Brisbane,705.12,0.0,
ORD-103506,B2B-17434,2026-06-19 14:54:25,2026-07-03 14:54:25,2026-07-05 14:54:25,2,94.67,3,Brisbane,572.59,0.0,
ORD-103507,B2B-41580,2025-10-26 16:19:22,2025-11-06 16:19:22,2025-11-05 16:19:22,-1,63.56,7,Brisbane,585.24,0.0,
ORD-103508,B2B-69678,2026-05-11 10:26:40,2026-05-21 10:26:40,2026-05-22 10:26:40,1,82.2,3,Melbourne,207.28,0.0,
ORD-103509,B2B-17835,2025-10-09 22:31:36,2025-10-22 22:31:36,2025-10-24 22:31:36,2,89.55,3,Brisbane,516.94,0.0,
ORD-103510,B2B-73752,2026-02-10 18:46:05,2026-02-22 18:46:05,2026-02-24 18:46:05,2,75.48,7,Perth,578.14,1.0,Customer Service
ORD-103511,B2B-99156,2026-03-02 08:20:39,2026-03-13 08:20:39,2026-03-13 08:20:39,0,72.78,3,Melbourne,196.4,0.0,
ORD-103512,B2B-51091,2025-08-01 23:31:18,2025-08-15 23:31:18,2025-08-10 23:31:18,-5,88.78,3,Melbourne,632.83,0.0,
ORD-103513,B2B-6337,2025-12-16 11:20:11,2025-12-30 11:20:11,2025-12-30 11:20:11,0,63.78,7,Melbourne,362.09,0.0,
ORD-103514,B2B-76363,2026-02-01 01:08:50,2026-02-15 01:08:50,2026-02-11 01:08:50,-4,72.56,7,Melbourne,555.75,0.0,
ORD-103515,B2B-89921,2026-04-11 22:29:30,2026-04-21 22:29:30,2026-04-21 22:29:30,0,48.77,7,Perth,329.39,0.0,
ORD-103516,B2B-52689,2026-02-03 09:16:46,2026-02-11 09:16:46,2026-02-11 09:16:46,0,77.04,3,Melbourne,643.13,0.0,
ORD-103517,B2B-70992,2026-02-07 08:43:08,2026-02-19 08:43:08,2026-02-19 08:43:08,0,61.65,7,Melbourne,154.1,0.0,
ORD-103518,B2B-52689,2026-04-01 19:06:14,2026-04-11 19:06:14,2026-04-13 19:06:14,2,69.78,3,Melbourne,643.13,0.0,
ORD-103519,B2B-2144,2026-02-17 21:13:03,2026-02-25 21:13:03,2026-03-01 21:13:03,4,73.97,7,Brisbane,421.59,0.0,
ORD-103520,B2B-20130,2025-09-29 15:20:45,2025-10-12 15:20:45,2025-10-12 15:20:45,0,63.82,7,Adelaide,297.52,0.0,
ORD-103521,B2B-3524,2025-12-27 05:01:12,2026-01-03 05:01:12,2026-01-04 05:01:12,1,36.82,3,Melbourne,100.69,0.0,
ORD-103522,B2B-79786,2026-04-17 04:05:30,2026-04-30 04:05:30,2026-04-30 04:05:30,0,78.38,7,Melbourne,588.46,0.0,
ORD-103523,B2B-41342,2026-01-08 15:15:16,2026-01-17 15:15:16,2026-01-17 15:15:16,0,51.4,3,Adelaide,247.72,0.0,
ORD-103524,B2B-21199,2026-05-13 02:57:00,2026-05-22 02:57:00,2026-05-23 02:57:00,1,68.72,3,Adelaide,136.6,1.0,Late Delivery
ORD-103525,B2B-1575,2025-09-30 22:50:18,2025-10-11 22:50:18,2025-10-10 22:50:18,-1,61.93,3,Adelaide,313.76,0.0,
ORD-103526,B2B-76411,2025-08-11 15:50:22,2025-08-25 15:50:22,2025-08-26 15:50:22,1,77.99,3,Melbourne,806.71,0.0,
ORD-103527,B2B-55930,2026-04-11 06:53:53,2026-04-18 06:53:53,2026-04-20 06:53:53,2,64.69,3,Adelaide,264.74,0.0,
ORD-103528,B2B-17624,2025-10-10 13:26:04,2025-10-17 13:26:04,2025-10-14 13:26:04,-3,86.82,3,Brisbane,231.66,0.0,
ORD-103529,B2B-74695,2026-02-25 14:58:14,2026-03-07 14:58:14,2026-03-07 14:58:14,0,77.47,3,Melbourne,672.08,0.0,
ORD-103530,B2B-14570,2025-10-29 09:44:30,2025-11-09 09:44:30,2025-11-05 09:44:30,-4,86.55,3,Brisbane,633.84,0.0,
ORD-103531,B2B-69860,2025-12-12 20:05:43,2025-12-26 20:05:43,2025-12-29 20:05:43,3,65.68,3,Melbourne,629.23,0.0,
ORD-103532,B2B-46372,2026-01-15 10:14:51,2026-01-29 10:14:51,2026-01-26 10:14:51,-3,84.94,3,Melbourne,848.56,0.0,
ORD-103533,B2B-28602,2026-04-23 00:27:50,2026-05-07 00:27:50,2026-05-07 00:27:50,0,72.27,3,Melbourne,223.1,0.0,
ORD-103534,B2B-52689,2025-08-27 09:04:28,2025-09-09 09:04:28,2025-09-10 09:04:28,1,72.98,3,Melbourne,643.13,0.0,
ORD-103535,B2B-52871,2026-05-11 19:58:35,2026-05-24 19:58:35,2026-05-26 19:58:35,2,78.34,3,Melbourne,625.46,0.0,
ORD-103536,B2B-1835,2026-01-24 12:34:58,2026-02-07 12:34:58,2026-02-07 12:34:58,0,97.02,3,Melbourne,675.3,0.0,
ORD-103537,B2B-19214,2026-07-28 19:48:25,2026-08-06 19:48:25,2026-08-03 19:48:25,-3,70.35,7,Melbourne,863.96,0.0,
ORD-103538,B2B-5625,2025-11-04 08:01:51,2025-11-13 08:01:51,2025-11-12 08:01:51,-1,77.47,3,Brisbane,674.77,0.0,
ORD-103539,B2B-48997,2026-03-12 13:07:00,2026-03-26 13:07:00,2026-03-21 13:07:00,-5,90.12,3,Brisbane,508.18,0.0,
ORD-103540,B2B-23833,2025-08-04 07:04:30,2025-08-18 07:04:30,2025-08-24 07:04:30,6,74.76,3,Melbourne,421.56,1.0,Late Delivery
ORD-103541,B2B-71321,2026-01-08 20:40:35,2026-01-19 20:40:35,2026-01-19 20:40:35,0,69.03,7,Melbourne,460.1,0.0,
ORD-103542,B2B-99547,2025-12-23 06:02:24,2026-01-04 06:02:24,2026-01-04 06:02:24,0,56.45,3,Perth,179.33,0.0,
ORD-103543,B2B-28602,2026-01-08 08:11:12,2026-01-17 08:11:12,2026-01-16 08:11:12,-1,40.18,3,Melbourne,223.1,0.0,
ORD-103544,B2B-19407,2026-06-23 03:21:10,2026-07-06 03:21:10,2026-07-09 03:21:10,3,35.74,3,Perth,308.14,1.0,Late Delivery
ORD-103545,B2B-13926,2025-09-06 14:38:03,2025-09-13 14:38:03,2025-09-12 14:38:03,-1,92.16,3,Brisbane,662.59,0.0,
ORD-103546,B2B-11884,2026-07-16 02:09:38,2026-07-23 02:09:38,2026-07-27 02:09:38,4,86.0,3,Brisbane,732.96,1.0,Late Delivery
ORD-103547,B2B-50991,2025-12-06 00:17:11,2025-12-15 00:17:11,2025-12-12 00:17:11,-3,78.67,3,Adelaide,152.72,0.0,
ORD-103548,B2B-18221,2026-01-15 10:16:08,2026-01-25 10:16:08,2026-01-25 10:16:08,0,84.21,3,Perth,348.44,0.0,
ORD-103549,B2B-54945,2026-02-28 15:47:16,2026-03-09 15:47:16,2026-03-09 15:47:16,0,70.39,7,Brisbane,251.33,0.0,
ORD-103550,B2B-45405,2026-04-01 07:00:54,2026-04-11 07:00:54,2026-04-15 07:00:54,4,96.2,7,Melbourne,705.59,0.0,
ORD-103551,B2B-86225,2026-05-31 19:49:09,2026-06-13 19:49:09,2026-06-13 19:49:09,0,70.03,3,Perth,237.6,0.0,
ORD-103552,B2B-65412,2026-03-09 23:25:56,2026-03-23 23:25:56,2026-03-27 23:25:56,4,62.16,3,Adelaide,368.85,1.0,Late Delivery
ORD-103553,B2B-21663,2026-01-18 07:29:31,2026-01-29 07:29:31,2026-01-25 07:29:31,-4,76.37,7,Perth,430.53,0.0,
ORD-103554,B2B-10240,2026-05-22 07:31:00,2026-06-05 07:31:00,2026-06-05 07:31:00,0,49.55,7,Perth,327.65,0.0,
ORD-103555,B2B-48439,2026-06-01 06:23:20,2026-06-14 06:23:20,2026-06-15 06:23:20,1,44.79,3,Adelaide,187.34,1.0,Late Delivery
ORD-103556,B2B-30703,2025-12-22 02:11:38,2026-01-01 02:11:38,2025-12-28 02:11:38,-4,52.79,3,Brisbane,215.86,0.0,
ORD-103557,B2B-53868,2025-11-08 20:20:36,2025-11-22 20:20:36,2025-11-18 20:20:36,-4,54.83,3,Melbourne,40.78,0.0,
ORD-103558,B2B-52943,2026-03-25 03:58:45,2026-04-04 03:58:45,2026-04-02 03:58:45,-2,83.23,7,Melbourne,856.21,0.0,
ORD-103559,B2B-99501,2026-07-11 02:08:16,2026-07-23 02:08:16,2026-07-23 02:08:16,0,71.1,3,Melbourne,643.12,0.0,
ORD-103560,B2B-99156,2026-04-27 05:19:55,2026-05-09 05:19:55,2026-05-11 05:19:55,2,64.89,3,Melbourne,196.4,1.0,Late Delivery
ORD-103561,B2B-27599,2026-07-03 12:53:00,2026-07-11 12:53:00,2026-07-15 12:53:00,4,86.1,3,Brisbane,705.12,0.0,
ORD-103562,B2B-824,2025-12-17 11:57:41,2025-12-27 11:57:41,2025-12-26 11:57:41,-1,78.16,7,Brisbane,210.68,0.0,
ORD-103563,B2B-916,2025-08-05 17:49:06,2025-08-18 17:49:06,2025-08-17 17:49:06,-1,64.84,3,Melbourne,189.92,0.0,
ORD-103564,B2B-19407,2025-08-31 20:46:36,2025-09-09 20:46:36,2025-09-08 20:46:36,-1,53.08,3,Perth,308.14,0.0,
ORD-103565,B2B-12858,2026-04-16 05:04:41,2026-04-29 05:04:41,2026-05-02 05:04:41,3,68.28,7,Brisbane,294.08,0.0,
ORD-103566,B2B-67196,2026-05-08 11:42:53,2026-05-19 11:42:53,2026-05-16 11:42:53,-3,75.81,7,Brisbane,206.28,0.0,
ORD-103567,B2B-41329,2026-01-13 12:36:56,2026-01-20 12:36:56,2026-01-22 12:36:56,2,69.71,7,Adelaide,225.17,0.0,
ORD-103568,B2B-24203,2025-08-08 23:51:48,2025-08-22 23:51:48,2025-08-24 23:51:48,2,56.84,3,Brisbane,156.46,0.0,
ORD-103569,B2B-38648,2026-04-27 08:08:59,2026-05-08 08:08:59,2026-05-09 08:08:59,1,72.3,3,Brisbane,104.04,0.0,
ORD-103570,B2B-79534,2026-01-15 02:50:00,2026-01-22 02:50:00,2026-01-23 02:50:00,1,45.73,3,Melbourne,248.84,0.0,
ORD-103571,B2B-41230,2026-07-25 20:18:28,2026-08-05 20:18:28,2026-08-07 20:18:28,2,64.38,3,Adelaide,106.34,0.0,
ORD-103572,B2B-5218,2026-03-09 12:14:22,2026-03-23 12:14:22,2026-03-22 12:14:22,-1,85.99,3,Brisbane,370.92,0.0,
ORD-103573,B2B-67047,2026-04-10 19:48:56,2026-04-23 19:48:56,2026-04-21 19:48:56,-2,53.15,3,Brisbane,131.63,0.0,
ORD-103574,B2B-26239,2026-06-05 06:02:47,2026-06-13 06:02:47,2026-06-17 06:02:47,4,65.71,3,Brisbane,453.36,1.0,Late Delivery
ORD-103575,B2B-52072,2025-08-07 23:16:48,2025-08-21 23:16:48,2025-08-21 23:16:48,0,85.49,7,Brisbane,696.94,0.0,
ORD-103576,B2B-28688,2026-01-11 18:35:29,2026-01-23 18:35:29,2026-01-25 18:35:29,2,89.18,3,Perth,477.49,0.0,
ORD-103577,B2B-75641,2026-03-23 22:45:26,2026-03-30 22:45:26,2026-03-30 22:45:26,0,50.07,3,Adelaide,39.25,0.0,
ORD-103578,B2B-74018,2026-03-01 11:03:54,2026-03-15 11:03:54,2026-03-14 11:03:54,-1,71.75,3,Brisbane,437.58,0.0,
ORD-103579,B2B-84098,2026-06-28 21:04:44,2026-07-12 21:04:44,2026-07-11 21:04:44,-1,51.26,7,Adelaide,156.59,0.0,
ORD-103580,B2B-70116,2025-10-02 11:34:25,2025-10-09 11:34:25,2025-10-08 11:34:25,-1,65.62,7,Brisbane,289.27,0.0,
ORD-103581,B2B-6337,2025-11-28 15:05:25,2025-12-05 15:05:25,2025-12-03 15:05:25,-2,51.72,7,Melbourne,362.09,0.0,
ORD-103582,B2B-68087,2025-11-08 11:54:47,2025-11-19 11:54:47,2025-11-19 11:54:47,0,61.87,7,Adelaide,89.38,0.0,
ORD-103583,B2B-25537,2025-08-26 17:38:47,2025-09-06 17:38:47,2025-09-04 17:38:47,-2,76.34,7,Brisbane,634.04,0.0,
ORD-103584,B2B-28109,2025-09-18 07:30:25,2025-10-02 07:30:25,2025-09-29 07:30:25,-3,56.22,7,Melbourne,53.68,0.0,
ORD-103585,B2B-41869,2025-12-28 03:18:56,2026-01-07 03:18:56,2026-01-08 03:18:56,1,78.3,7,Brisbane,608.63,0.0,
ORD-103586,B2B-41777,2025-12-30 04:36:04,2026-01-07 04:36:04,2026-01-06 04:36:04,-1,60.83,7,Melbourne,60.38,0.0,
ORD-103587,B2B-4952,2026-07-21 09:19:55,2026-08-04 09:19:55,2026-08-04 09:19:55,0,47.96,3,Brisbane,366.81,0.0,
ORD-103588,B2B-16719,2025-10-30 14:30:21,2025-11-13 14:30:21,2025-11-17 14:30:21,4,84.6,7,Perth,326.27,0.0,
ORD-103589,B2B-90320,2025-08-14 16:37:53,2025-08-28 16:37:53,2025-08-29 16:37:53,1,60.45,7,Brisbane,519.08,0.0,
ORD-103590,B2B-90351,2025-10-11 20:11:56,2025-10-23 20:11:56,2025-10-22 20:11:56,-1,45.75,7,Perth,64.85,0.0,
ORD-103591,B2B-84085,2026-02-09 20:52:05,2026-02-18 20:52:05,2026-02-18 20:52:05,0,61.88,3,Melbourne,454.16,0.0,
ORD-103592,B2B-55930,2026-03-05 21:18:06,2026-03-17 21:18:06,2026-03-16 21:18:06,-1,61.14,3,Adelaide,264.74,0.0,
ORD-103593,B2B-79642,2026-04-19 12:29:52,2026-04-27 12:29:52,2026-04-29 12:29:52,2,85.02,3,Melbourne,606.95,1.0,Customer Service
ORD-103594,B2B-4182,2026-04-24 04:07:15,2026-05-08 04:07:15,2026-05-08 04:07:15,0,85.38,3,Melbourne,385.92,0.0,
ORD-103595,B2B-57908,2025-10-01 18:22:59,2025-10-15 18:22:59,2025-10-15 18:22:59,0,53.88,3,Brisbane,246.06,0.0,
ORD-103596,B2B-28120,2025-10-30 05:28:19,2025-11-09 05:28:19,2025-11-06 05:28:19,-3,50.94,3,Perth,444.72,0.0,
ORD-103597,B2B-14626,2026-03-05 19:41:16,2026-03-15 19:41:16,2026-03-13 19:41:16,-2,83.96,3,Melbourne,632.92,0.0,
ORD-103598,B2B-93209,2026-07-19 19:54:00,2026-07-30 19:54:00,2026-08-01 19:54:00,2,43.48,3,Perth,214.25,0.0,
ORD-103599,B2B-7824,2026-06-29 15:09:35,2026-07-12 15:09:35,2026-07-09 15:09:35,-3,95.23,3,Brisbane,603.55,0.0,
ORD-103600,B2B-24194,2025-11-18 11:03:51,2025-11-28 11:03:51,2025-11-29 11:03:51,1,60.33,7,Melbourne,142.61,0.0,
ORD-103601,B2B-43536,2025-10-31 22:23:34,2025-11-14 22:23:34,2025-11-18 22:23:34,4,74.48,3,Melbourne,599.85,1.0,Late Delivery
ORD-103602,B2B-17434,2026-05-30 17:14:43,2026-06-08 17:14:43,2026-06-07 17:14:43,-1,61.23,3,Brisbane,572.59,0.0,
ORD-103603,B2B-6492,2025-10-25 05:13:15,2025-11-04 05:13:15,2025-11-04 05:13:15,0,67.79,3,Brisbane,348.96,0.0,
ORD-103604,B2B-17520,2025-11-06 09:11:02,2025-11-20 09:11:02,2025-11-23 09:11:02,3,75.79,7,Melbourne,74.84,0.0,
ORD-103605,B2B-28602,2026-01-18 10:43:01,2026-01-29 10:43:01,2026-01-31 10:43:01,2,69.85,3,Melbourne,223.1,1.0,Late Delivery
ORD-103606,B2B-532,2026-07-15 11:45:00,2026-07-27 11:45:00,2026-07-29 11:45:00,2,46.47,7,Adelaide,57.73,0.0,
ORD-103607,B2B-25226,2026-07-29 06:35:05,2026-08-05 06:35:05,2026-08-06 06:35:05,1,64.43,3,Melbourne,147.8,0.0,
ORD-103608,B2B-21723,2026-07-21 13:40:29,2026-08-04 13:40:29,2026-08-01 13:40:29,-3,60.94,7,Perth,128.61,0.0,
ORD-103609,B2B-76411,2026-01-15 03:47:24,2026-01-22 03:47:24,2026-01-24 03:47:24,2,102.71,3,Melbourne,806.71,0.0,
ORD-103610,B2B-17449,2026-04-03 13:54:01,2026-04-11 13:54:01,2026-04-11 13:54:01,0,60.52,7,Brisbane,275.78,0.0,
ORD-103611,B2B-68218,2026-04-05 10:42:35,2026-04-18 10:42:35,2026-04-21 10:42:35,3,55.83,3,Melbourne,117.02,1.0,Customer Service
ORD-103612,B2B-35806,2026-07-03 15:27:13,2026-07-13 15:27:13,2026-07-12 15:27:13,-1,50.07,3,Adelaide,167.05,0.0,
ORD-103613,B2B-73790,2026-05-25 10:27:17,2026-06-06 10:27:17,2026-06-03 10:27:17,-3,67.91,3,Melbourne,354.4,0.0,
ORD-103614,B2B-81277,2026-07-07 14:20:35,2026-07-16 14:20:35,2026-07-19 14:20:35,3,82.01,3,Melbourne,659.12,0.0,
ORD-103615,B2B-38826,2026-02-09 21:34:39,2026-02-23 21:34:39,2026-02-28 21:34:39,5,77.87,7,Brisbane,536.49,0.0,
ORD-103616,B2B-14370,2026-02-08 14:25:05,2026-02-15 14:25:05,2026-02-13 14:25:05,-2,74.97,7,Brisbane,314.39,0.0,
ORD-103617,B2B-75299,2025-12-03 13:45:06,2025-12-16 13:45:06,2025-12-16 13:45:06,0,69.83,3,Brisbane,418.34,0.0,
ORD-103618,B2B-72219,2026-02-10 20:45:57,2026-02-20 20:45:57,2026-02-20 20:45:57,0,78.42,7,Brisbane,428.71,0.0,
ORD-103619,B2B-76456,2025-08-19 15:28:58,2025-08-29 15:28:58,2025-08-24 15:28:58,-5,72.26,3,Adelaide,487.84,0.0,
ORD-103620,B2B-14205,2025-11-15 13:26:16,2025-11-26 13:26:16,2025-11-26 13:26:16,0,62.05,7,Melbourne,93.91,0.0,
ORD-103621,B2B-88968,2026-01-27 10:03:16,2026-02-08 10:03:16,2026-02-08 10:03:16,0,73.16,7,Brisbane,928.28,0.0,
ORD-103622,B2B-24971,2025-09-05 16:04:27,2025-09-12 16:04:27,2025-09-14 16:04:27,2,40.29,3,Melbourne,288.01,0.0,
ORD-103623,B2B-69254,2025-09-15 22:53:24,2025-09-24 22:53:24,2025-09-25 22:53:24,1,59.44,7,Brisbane,391.86,0.0,
ORD-103624,B2B-89062,2025-12-09 03:43:20,2025-12-18 03:43:20,2025-12-16 03:43:20,-2,58.99,7,Perth,129.41,0.0,
ORD-103625,B2B-89419,2025-10-15 03:31:55,2025-10-28 03:31:55,2025-10-28 03:31:55,0,52.55,7,Perth,495.82,0.0,
ORD-103626,B2B-70408,2025-08-30 04:47:06,2025-09-09 04:47:06,2025-09-09 04:47:06,0,66.7,3,Brisbane,324.91,0.0,
ORD-103627,B2B-31938,2026-07-06 12:16:46,2026-07-15 12:16:46,2026-07-19 12:16:46,4,69.57,3,Melbourne,430.15,1.0,Late Delivery
ORD-103628,B2B-69678,2025-08-06 22:54:25,2025-08-20 22:54:25,2025-08-18 22:54:25,-2,67.77,3,Melbourne,207.28,0.0,
ORD-103629,B2B-89419,2026-01-30 02:09:28,2026-02-07 02:09:28,2026-02-07 02:09:28,0,71.74,7,Perth,495.82,0.0,
ORD-103630,B2B-77562,2025-09-20 22:50:23,2025-10-04 22:50:23,2025-10-02 22:50:23,-2,63.03,7,Perth,194.73,0.0,
ORD-103631,B2B-63735,2026-06-26 12:48:51,2026-07-09 12:48:51,2026-07-09 12:48:51,0,62.05,3,Brisbane,225.01,0.0,
ORD-103632,B2B-5625,2026-03-16 05:40:00,2026-03-24 05:40:00,2026-03-23 05:40:00,-1,84.04,3,Brisbane,674.77,0.0,
ORD-103633,B2B-88750,2026-05-15 12:03:20,2026-05-23 12:03:20,2026-05-23 12:03:20,0,54.47,7,Melbourne,232.31,0.0,
ORD-103634,B2B-824,2026-06-19 11:05:54,2026-06-26 11:05:54,2026-06-21 11:05:54,-5,54.55,7,Brisbane,210.68,0.0,
ORD-103635,B2B-88726,2025-11-16 19:02:30,2025-11-28 19:02:30,2025-11-28 19:02:30,0,69.64,3,Adelaide,442.26,0.0,
ORD-103636,B2B-41230,2026-07-21 02:01:33,2026-07-31 02:01:33,2026-07-31 02:01:33,0,45.04,3,Adelaide,106.34,0.0,
ORD-103637,B2B-74684,2025-11-18 20:38:47,2025-11-26 20:38:47,2025-11-28 20:38:47,2,65.01,3,Brisbane,548.73,1.0,Customer Service
ORD-103638,B2B-80845,2025-10-18 08:59:16,2025-10-26 08:59:16,2025-10-30 08:59:16,4,52.59,7,Brisbane,385.64,0.0,
ORD-103639,B2B-57908,2025-11-20 11:25:31,2025-11-29 11:25:31,2025-11-30 11:25:31,1,44.23,3,Brisbane,246.06,0.0,
ORD-103640,B2B-26819,2026-01-29 23:12:36,2026-02-11 23:12:36,2026-02-11 23:12:36,0,61.7,7,Brisbane,325.12,0.0,
ORD-103641,B2B-20143,2026-05-31 23:38:57,2026-06-11 23:38:57,2026-06-12 23:38:57,1,60.74,3,Brisbane,477.8,0.0,
ORD-103642,B2B-9928,2025-11-08 18:47:05,2025-11-16 18:47:05,2025-11-19 18:47:05,3,37.41,3,Perth,85.7,0.0,
ORD-103643,B2B-29323,2025-09-23 23:14:51,2025-10-02 23:14:51,2025-10-04 23:14:51,2,72.12,3,Melbourne,274.14,0.0,
ORD-103644,B2B-84142,2026-05-10 00:20:06,2026-05-20 00:20:06,2026-05-21 00:20:06,1,74.69,3,Perth,298.29,0.0,
ORD-103645,B2B-70465,2026-05-26 01:09:38,2026-06-03 01:09:38,2026-06-03 01:09:38,0,67.18,3,Melbourne,465.9,0.0,
ORD-103646,B2B-45405,2026-07-01 22:51:32,2026-07-09 22:51:32,2026-07-09 22:51:32,0,79.86,7,Melbourne,705.59,0.0,
ORD-103647,B2B-13926,2025-09-29 21:51:29,2025-10-11 21:51:29,2025-10-10 21:51:29,-1,74.81,3,Brisbane,662.59,0.0,
ORD-103648,B2B-9412,2026-02-14 03:07:21,2026-02-22 03:07:21,2026-02-25 03:07:21,3,66.65,3,Perth,353.19,0.0,
ORD-103649,B2B-13005,2026-05-11 17:10:07,2026-05-25 17:10:07,2026-05-25 17:10:07,0,70.83,3,Melbourne,364.43,0.0,
ORD-103650,B2B-51284,2026-07-23 22:50:14,2026-08-05 22:50:14,2026-08-04 22:50:14,-1,51.07,3,Perth,206.47,0.0,
ORD-103651,B2B-8853,2026-05-06 08:39:12,2026-05-14 08:39:12,2026-05-13 08:39:12,-1,88.21,7,Melbourne,432.38,0.0,
ORD-103652,B2B-20421,2025-12-13 20:18:22,2025-12-27 20:18:22,2025-12-28 20:18:22,1,79.46,3,Brisbane,718.6,0.0,
ORD-103653,B2B-18191,2025-09-10 06:52:04,2025-09-18 06:52:04,2025-09-22 06:52:04,4,62.41,3,Adelaide,239.43,1.0,Late Delivery
ORD-103654,B2B-20130,2025-09-30 02:09:18,2025-10-07 02:09:18,2025-10-04 02:09:18,-3,71.02,7,Adelaide,297.52,0.0,
ORD-103655,B2B-80845,2025-11-17 23:55:49,2025-11-28 23:55:49,2025-12-01 23:55:49,3,43.76,7,Brisbane,385.64,1.0,Late Delivery
ORD-103656,B2B-54070,2026-02-09 00:37:47,2026-02-23 00:37:47,2026-02-19 00:37:47,-4,70.11,3,Brisbane,415.03,0.0,
ORD-103657,B2B-39279,2026-01-17 04:59:38,2026-01-26 04:59:38,2026-01-29 04:59:38,3,64.98,7,Melbourne,220.21,1.0,Late Delivery
ORD-103658,B2B-71321,2025-11-03 21:26:49,2025-11-16 21:26:49,2025-11-17 21:26:49,1,68.4,7,Melbourne,460.1,0.0,
ORD-103659,B2B-40085,2025-12-12 13:10:07,2025-12-26 13:10:07,2025-12-26 13:10:07,0,65.26,3,Adelaide,297.66,0.0,
ORD-103660,B2B-23088,2025-12-22 06:27:47,2025-12-31 06:27:47,2025-12-31 06:27:47,0,34.22,3,Brisbane,52.74,0.0,
ORD-103661,B2B-10589,2025-10-19 11:28:38,2025-11-02 11:28:38,2025-11-02 11:28:38,0,75.77,7,Adelaide,206.53,0.0,
ORD-103662,B2B-84961,2026-06-16 13:16:33,2026-06-23 13:16:33,2026-06-22 13:16:33,-1,90.31,7,Melbourne,445.61,0.0,
ORD-103663,B2B-14570,2026-03-26 20:26:53,2026-04-03 20:26:53,2026-04-04 20:26:53,1,67.19,3,Brisbane,633.84,0.0,
ORD-103664,B2B-11884,2026-03-07 09:52:17,2026-03-18 09:52:17,2026-03-18 09:52:17,0,82.88,3,Brisbane,732.96,0.0,
ORD-103665,B2B-77707,2025-08-30 20:47:57,2025-09-12 20:47:57,2025-09-11 20:47:57,-1,42.85,3,Melbourne,132.1,0.0,
ORD-103666,B2B-79642,2025-08-24 20:49:19,2025-09-07 20:49:19,2025-09-13 20:49:19,6,87.04,3,Melbourne,606.95,1.0,Late Delivery
ORD-103667,B2B-75357,2026-07-06 21:19:08,2026-07-14 21:19:08,2026-07-12 21:19:08,-2,72.54,3,Perth,507.79,0.0,
ORD-103668,B2B-41178,2026-03-25 01:08:08,2026-04-04 01:08:08,2026-04-06 01:08:08,2,51.85,3,Perth,124.26,0.0,
ORD-103669,B2B-33897,2025-08-21 23:20:57,2025-08-30 23:20:57,2025-08-30 23:20:57,0,86.69,7,Melbourne,555.88,0.0,
ORD-103670,B2B-69093,2026-05-29 10:58:33,2026-06-05 10:58:33,2026-06-05 10:58:33,0,66.27,3,Melbourne,464.74,0.0,
ORD-103671,B2B-75594,2026-07-01 18:48:51,2026-07-15 18:48:51,2026-07-15 18:48:51,0,47.36,3,Perth,237.46,0.0,
ORD-103672,B2B-3948,2025-09-22 01:52:41,2025-10-02 01:52:41,2025-10-05 01:52:41,3,78.73,3,Melbourne,668.85,0.0,
ORD-103673,B2B-48439,2025-10-27 19:26:11,2025-11-09 19:26:11,2025-11-10 19:26:11,1,47.56,3,Adelaide,187.34,0.0,
ORD-103674,B2B-97179,2025-08-08 02:35:52,2025-08-18 02:35:52,2025-08-16 02:35:52,-2,77.46,3,Melbourne,566.59,0.0,
ORD-103675,B2B-17740,2026-01-21 22:51:33,2026-01-30 22:51:33,2026-02-01 22:51:33,2,39.33,3,Perth,162.38,0.0,
ORD-103676,B2B-6903,2025-12-13 03:56:15,2025-12-27 03:56:15,2025-12-24 03:56:15,-3,81.47,3,Perth,112.24,0.0,
ORD-103677,B2B-86270,2025-10-13 18:24:19,2025-10-26 18:24:19,2025-10-26 18:24:19,0,72.7,3,Melbourne,535.47,0.0,
ORD-103678,B2B-99069,2026-02-06 13:23:13,2026-02-13 13:23:13,2026-02-15 13:23:13,2,68.82,3,Brisbane,505.28,0.0,
ORD-103679,B2B-11848,2025-09-27 07:25:39,2025-10-07 07:25:39,2025-10-07 07:25:39,0,70.26,3,Melbourne,509.37,0.0,
ORD-103680,B2B-17434,2026-05-16 09:29:29,2026-05-27 09:29:29,2026-05-29 09:29:29,2,91.41,3,Brisbane,572.59,1.0,Late Delivery
ORD-103681,B2B-69495,2026-07-05 21:01:28,2026-07-13 21:01:28,2026-07-12 21:01:28,-1,62.64,3,Adelaide,147.01,0.0,
ORD-103682,B2B-83416,2025-10-10 20:45:31,2025-10-18 20:45:31,2025-10-21 20:45:31,3,71.98,3,Adelaide,207.08,0.0,
ORD-103683,B2B-54945,2025-09-22 00:17:42,2025-10-02 00:17:42,2025-09-30 00:17:42,-2,87.05,7,Brisbane,251.33,0.0,
ORD-103684,B2B-88385,2026-03-06 21:00:36,2026-03-13 21:00:36,2026-03-12 21:00:36,-1,56.19,3,Melbourne,238.32,0.0,
ORD-103685,B2B-84982,2025-09-17 09:47:35,2025-09-26 09:47:35,2025-09-26 09:47:35,0,57.66,3,Adelaide,168.92,0.0,
ORD-103686,B2B-35688,2026-04-08 22:36:53,2026-04-18 22:36:53,2026-04-15 22:36:53,-3,79.12,7,Adelaide,329.31,0.0,
ORD-103687,B2B-37132,2026-02-01 08:34:04,2026-02-09 08:34:04,2026-02-09 08:34:04,0,59.99,7,Melbourne,667.08,0.0,
ORD-103688,B2B-35323,2026-04-12 06:59:56,2026-04-20 06:59:56,2026-04-18 06:59:56,-2,75.96,3,Perth,248.47,0.0,
ORD-103689,B2B-87571,2026-05-01 19:09:17,2026-05-12 19:09:17,2026-05-12 19:09:17,0,71.7,3,Perth,271.95,0.0,
ORD-103690,B2B-36952,2026-07-10 17:22:25,2026-07-22 17:22:25,2026-07-25 17:22:25,3,93.64,7,Melbourne,659.01,0.0,
ORD-103691,B2B-760,2026-05-18 20:55:51,2026-06-01 20:55:51,2026-06-03 20:55:51,2,57.81,3,Adelaide,248.77,0.0,
ORD-103692,B2B-56126,2026-02-05 02:52:30,2026-02-12 02:52:30,2026-02-10 02:52:30,-2,83.63,3,Adelaide,432.51,0.0,
ORD-103693,B2B-81896,2025-11-04 04:09:26,2025-11-14 04:09:26,2025-11-14 04:09:26,0,63.35,3,Brisbane,219.03,0.0,
ORD-103694,B2B-75299,2025-08-19 09:17:15,2025-09-01 09:17:15,2025-08-29 09:17:15,-3,69.71,3,Brisbane,418.34,0.0,
ORD-103695,B2B-21323,2026-03-12 16:47:39,2026-03-23 16:47:39,2026-03-22 16:47:39,-1,57.46,3,Brisbane,105.37,0.0,
ORD-103696,B2B-9376,2026-01-20 00:02:03,2026-02-03 00:02:03,2026-02-02 00:02:03,-1,59.1,3,Perth,81.95,0.0,
ORD-103697,B2B-83863,2026-04-26 09:36:03,2026-05-04 09:36:03,2026-05-05 09:36:03,1,57.83,3,Perth,224.08,1.0,Late Delivery
ORD-103698,B2B-15993,2026-06-03 07:50:38,2026-06-10 07:50:38,2026-06-12 07:50:38,2,55.65,3,Brisbane,270.48,0.0,
ORD-103699,B2B-1715,2026-05-23 01:44:27,2026-06-02 01:44:27,2026-06-04 01:44:27,2,74.17,7,Melbourne,321.45,0.0,
ORD-103700,B2B-93779,2026-06-10 18:27:05,2026-06-20 18:27:05,2026-06-20 18:27:05,0,62.59,3,Adelaide,182.39,0.0,
ORD-103701,B2B-27189,2026-01-01 18:11:21,2026-01-11 18:11:21,2026-01-09 18:11:21,-2,81.17,3,Brisbane,532.44,0.0,
ORD-103702,B2B-56560,2026-05-20 04:37:07,2026-05-28 04:37:07,2026-05-27 04:37:07,-1,54.98,3,Brisbane,103.28,0.0,
ORD-103703,B2B-72918,2026-05-22 09:18:17,2026-06-02 09:18:17,2026-06-05 09:18:17,3,66.36,3,Brisbane,181.99,1.0,Late Delivery
ORD-103704,B2B-35219,2025-12-18 02:11:34,2025-12-26 02:11:34,2025-12-26 02:11:34,0,47.24,3,Adelaide,290.88,0.0,
ORD-103705,B2B-16719,2026-04-17 08:15:53,2026-04-30 08:15:53,2026-04-29 08:15:53,-1,81.9,7,Perth,326.27,0.0,
ORD-103706,B2B-49044,2025-09-17 14:44:02,2025-09-27 14:44:02,2025-09-27 14:44:02,0,94.5,7,Brisbane,662.08,0.0,
ORD-103707,B2B-13005,2026-03-12 12:44:30,2026-03-20 12:44:30,2026-03-21 12:44:30,1,55.12,3,Melbourne,364.43,0.0,
ORD-103708,B2B-17624,2025-09-24 08:27:11,2025-10-02 08:27:11,2025-10-07 08:27:11,5,59.83,3,Brisbane,231.66,1.0,Late Delivery
ORD-103709,B2B-6337,2026-02-01 16:06:09,2026-02-15 16:06:09,2026-02-18 16:06:09,3,62.09,7,Melbourne,362.09,0.0,
ORD-103710,B2B-86006,2025-09-19 16:02:24,2025-09-29 16:02:24,2025-09-29 16:02:24,0,92.05,3,Melbourne,700.53,0.0,
ORD-103711,B2B-75395,2025-11-01 01:28:56,2025-11-14 01:28:56,2025-11-14 01:28:56,0,65.88,7,Brisbane,95.08,0.0,
ORD-103712,B2B-72239,2025-11-27 09:11:27,2025-12-06 09:11:27,2025-12-04 09:11:27,-2,50.24,7,Perth,82.52,0.0,
ORD-103713,B2B-50991,2025-12-20 08:57:58,2026-01-03 08:57:58,2026-01-03 08:57:58,0,77.81,3,Adelaide,152.72,0.0,
ORD-103714,B2B-64472,2025-10-07 08:42:45,2025-10-21 08:42:45,2025-10-23 08:42:45,2,74.93,3,Melbourne,409.98,0.0,
ORD-103715,B2B-28602,2025-11-11 04:42:42,2025-11-19 04:42:42,2025-11-19 04:42:42,0,66.18,3,Melbourne,223.1,0.0,
ORD-103716,B2B-84961,2026-01-22 09:25:35,2026-01-29 09:25:35,2026-01-27 09:25:35,-2,79.2,7,Melbourne,445.61,0.0,
ORD-103717,B2B-86819,2026-03-22 17:14:26,2026-04-03 17:14:26,2026-04-06 17:14:26,3,75.79,3,Brisbane,531.68,1.0,Late Delivery
ORD-103718,B2B-81277,2025-10-22 18:25:53,2025-10-29 18:25:53,2025-10-29 18:25:53,0,91.48,3,Melbourne,659.12,0.0,
ORD-103719,B2B-57541,2025-07-31 15:16:47,2025-08-08 15:16:47,2025-08-08 15:16:47,0,74.77,3,Brisbane,338.12,0.0,
ORD-103720,B2B-35219,2026-06-19 13:59:01,2026-06-27 13:59:01,2026-06-27 13:59:01,0,78.6,3,Adelaide,290.88,0.0,
ORD-103721,B2B-55272,2025-10-18 15:37:18,2025-10-27 15:37:18,2025-10-25 15:37:18,-2,70.92,7,Brisbane,344.57,0.0,
ORD-103722,B2B-916,2026-04-13 17:30:55,2026-04-25 17:30:55,2026-04-27 17:30:55,2,50.5,3,Melbourne,189.92,0.0,
ORD-103723,B2B-54672,2026-01-02 23:54:44,2026-01-11 23:54:44,2026-01-09 23:54:44,-2,66.44,3,Melbourne,550.57,0.0,
ORD-103724,B2B-52522,2026-05-29 11:07:01,2026-06-11 11:07:01,2026-06-13 11:07:01,2,67.18,3,Melbourne,313.94,0.0,
ORD-103725,B2B-79642,2026-04-19 21:32:35,2026-05-01 21:32:35,2026-05-04 21:32:35,3,88.49,3,Melbourne,606.95,0.0,
ORD-103726,B2B-70408,2026-05-17 16:39:07,2026-05-30 16:39:07,2026-05-30 16:39:07,0,41.31,3,Brisbane,324.91,0.0,
ORD-103727,B2B-13363,2025-11-16 04:34:41,2025-11-30 04:34:41,2025-12-02 04:34:41,2,47.16,3,Perth,167.98,0.0,
ORD-103728,B2B-47208,2025-11-28 21:02:24,2025-12-10 21:02:24,2025-12-11 21:02:24,1,79.79,3,Melbourne,563.28,0.0,
ORD-103729,B2B-70481,2025-11-27 21:46:07,2025-12-06 21:46:07,2025-12-05 21:46:07,-1,80.15,7,Melbourne,569.0,0.0,
ORD-103730,B2B-87928,2025-09-01 13:04:08,2025-09-09 13:04:08,2025-09-11 13:04:08,2,49.7,3,Perth,293.15,0.0,
ORD-103731,B2B-12689,2026-07-25 06:46:22,2026-08-06 06:46:22,2026-08-09 06:46:22,3,62.89,7,Melbourne,125.28,0.0,
ORD-103732,B2B-85301,2025-12-27 09:20:52,2026-01-10 09:20:52,2026-01-10 09:20:52,0,45.17,7,Brisbane,149.09,0.0,
ORD-103733,B2B-92314,2025-11-15 02:52:37,2025-11-26 02:52:37,2025-11-22 02:52:37,-4,50.55,3,Adelaide,119.55,0.0,
ORD-103734,B2B-28120,2026-03-08 13:47:09,2026-03-17 13:47:09,2026-03-16 13:47:09,-1,53.97,3,Perth,444.72,0.0,
ORD-103735,B2B-24529,2026-06-20 02:46:35,2026-06-29 02:46:35,2026-06-26 02:46:35,-3,85.27,3,Brisbane,628.53,0.0,
ORD-103736,B2B-38648,2025-10-16 03:59:51,2025-10-24 03:59:51,2025-10-22 03:59:51,-2,55.24,3,Brisbane,104.04,0.0,
ORD-103737,B2B-11848,2025-09-22 10:18:36,2025-09-30 10:18:36,2025-10-01 10:18:36,1,94.69,3,Melbourne,509.37,0.0,
ORD-103738,B2B-26477,2025-10-22 09:09:43,2025-11-05 09:09:43,2025-11-05 09:09:43,0,74.71,3,Melbourne,267.63,0.0,
ORD-103739,B2B-14370,2025-12-31 06:45:00,2026-01-07 06:45:00,2026-01-08 06:45:00,1,76.45,7,Brisbane,314.39,0.0,
ORD-103740,B2B-30067,2025-10-07 05:45:48,2025-10-20 05:45:48,2025-10-23 05:45:48,3,67.87,7,Brisbane,209.94,0.0,
ORD-103741,B2B-53585,2025-08-24 11:19:14,2025-09-04 11:19:14,2025-09-03 11:19:14,-1,65.6,7,Adelaide,277.3,0.0,
ORD-103742,B2B-37132,2026-06-14 10:36:34,2026-06-21 10:36:34,2026-06-22 10:36:34,1,79.8,7,Melbourne,667.08,0.0,
ORD-103743,B2B-29165,2025-11-24 00:38:13,2025-12-04 00:38:13,2025-12-02 00:38:13,-2,55.97,3,Melbourne,23.01,0.0,
ORD-103744,B2B-46396,2025-09-04 11:09:39,2025-09-17 11:09:39,2025-09-19 11:09:39,2,72.2,7,Adelaide,251.37,0.0,
ORD-103745,B2B-68135,2025-08-09 21:04:16,2025-08-22 21:04:16,2025-08-26 21:04:16,4,74.47,7,Brisbane,706.94,0.0,
ORD-103746,B2B-15563,2025-10-14 17:54:21,2025-10-25 17:54:21,2025-10-26 17:54:21,1,64.52,7,Brisbane,559.64,0.0,
ORD-103747,B2B-88226,2025-10-08 20:58:35,2025-10-20 20:58:35,2025-10-24 20:58:35,4,87.5,3,Brisbane,836.71,1.0,Late Delivery
ORD-103748,B2B-16506,2026-03-17 14:46:50,2026-03-28 14:46:50,2026-03-26 14:46:50,-2,85.33,3,Brisbane,422.23,0.0,
ORD-103749,B2B-76411,2026-01-31 02:26:53,2026-02-12 02:26:53,2026-02-15 02:26:53,3,94.79,3,Melbourne,806.71,0.0,
ORD-103750,B2B-33006,2026-02-09 06:11:21,2026-02-19 06:11:21,2026-02-19 06:11:21,0,41.09,3,Brisbane,288.71,0.0,
ORD-103751,B2B-99784,2026-02-22 01:51:02,2026-03-06 01:51:02,2026-03-08 01:51:02,2,53.46,3,Adelaide,213.77,0.0,
ORD-103752,B2B-89458,2026-01-08 18:10:15,2026-01-21 18:10:15,2026-01-21 18:10:15,0,76.01,7,Adelaide,169.02,0.0,
ORD-103753,B2B-29564,2026-01-02 09:53:01,2026-01-12 09:53:01,2026-01-12 09:53:01,0,53.48,3,Adelaide,179.99,0.0,
ORD-103754,B2B-10589,2025-11-05 03:32:43,2025-11-16 03:32:43,2025-11-16 03:32:43,0,72.22,7,Adelaide,206.53,0.0,
ORD-103755,B2B-41342,2026-03-25 16:52:36,2026-04-05 16:52:36,2026-04-06 16:52:36,1,71.59,3,Adelaide,247.72,0.0,
ORD-103756,B2B-45330,2025-08-03 05:48:06,2025-08-13 05:48:06,2025-08-12 05:48:06,-1,68.88,3,Brisbane,371.39,0.0,
ORD-103757,B2B-16719,2026-01-17 15:26:52,2026-01-31 15:26:52,2026-02-01 15:26:52,1,63.65,7,Perth,326.27,0.0,
ORD-103758,B2B-10589,2026-04-26 05:00:26,2026-05-07 05:00:26,2026-05-08 05:00:26,1,81.27,7,Adelaide,206.53,0.0,
ORD-103759,B2B-77707,2025-12-04 04:02:33,2025-12-12 04:02:33,2025-12-09 04:02:33,-3,49.51,3,Melbourne,132.1,0.0,
ORD-103760,B2B-76411,2026-04-04 22:25:17,2026-04-14 22:25:17,2026-04-17 22:25:17,3,98.86,3,Melbourne,806.71,0.0,
ORD-103761,B2B-13496,2026-02-23 19:25:50,2026-03-02 19:25:50,2026-02-28 19:25:50,-2,77.36,3,Melbourne,404.5,0.0,
ORD-103762,B2B-44861,2026-01-31 09:19:09,2026-02-14 09:19:09,2026-02-14 09:19:09,0,80.35,3,Perth,329.47,0.0,
ORD-103763,B2B-68087,2025-10-09 19:21:50,2025-10-16 19:21:50,2025-10-18 19:21:50,2,48.95,7,Adelaide,89.38,0.0,
ORD-103764,B2B-17520,2026-06-07 11:28:13,2026-06-14 11:28:13,2026-06-14 11:28:13,0,62.71,7,Melbourne,74.84,0.0,
ORD-103765,B2B-29323,2025-10-25 17:39:32,2025-11-02 17:39:32,2025-11-01 17:39:32,-1,70.0,3,Melbourne,274.14,0.0,
ORD-103766,B2B-93833,2025-09-03 01:30:41,2025-09-13 01:30:41,2025-09-13 01:30:41,0,55.12,3,Brisbane,418.51,0.0,
ORD-103767,B2B-97673,2025-08-12 23:13:27,2025-08-25 23:13:27,2025-08-25 23:13:27,0,71.39,3,Melbourne,665.56,0.0,
ORD-103768,B2B-74692,2026-04-29 15:56:24,2026-05-12 15:56:24,2026-05-14 15:56:24,2,67.33,3,Melbourne,309.02,0.0,
ORD-103769,B2B-21541,2026-01-09 10:31:03,2026-01-20 10:31:03,2026-01-20 10:31:03,0,43.59,3,Adelaide,112.75,0.0,
ORD-103770,B2B-9589,2026-02-15 06:36:17,2026-02-24 06:36:17,2026-02-27 06:36:17,3,88.37,3,Brisbane,646.64,1.0,Late Delivery
ORD-103771,B2B-16966,2025-12-31 16:26:22,2026-01-08 16:26:22,2026-01-08 16:26:22,0,67.71,3,Melbourne,232.76,0.0,
ORD-103772,B2B-3029,2026-06-03 22:26:14,2026-06-11 22:26:14,2026-06-09 22:26:14,-2,63.51,3,Adelaide,244.75,0.0,
ORD-103773,B2B-87928,2025-12-27 02:26:35,2026-01-03 02:26:35,2026-01-03 02:26:35,0,51.62,3,Perth,293.15,0.0,
ORD-103774,B2B-38648,2025-09-07 13:40:24,2025-09-15 13:40:24,2025-09-15 13:40:24,0,53.07,3,Brisbane,104.04,0.0,
ORD-103775,B2B-89921,2025-08-11 00:20:00,2025-08-23 00:20:00,2025-08-25 00:20:00,2,79.17,7,Perth,329.39,0.0,
ORD-103776,B2B-65614,2026-06-11 01:30:10,2026-06-20 01:30:10,2026-06-19 01:30:10,-1,62.03,3,Melbourne,319.56,0.0,
ORD-103777,B2B-8713,2026-01-21 10:29:29,2026-01-29 10:29:29,2026-01-28 10:29:29,-1,69.15,3,Perth,254.25,0.0,
ORD-103778,B2B-76456,2025-09-22 00:00:35,2025-10-01 00:00:35,2025-10-01 00:00:35,0,78.74,3,Adelaide,487.84,0.0,
ORD-103779,B2B-9928,2025-11-08 21:58:52,2025-11-22 21:58:52,2025-11-21 21:58:52,-1,47.48,3,Perth,85.7,0.0,
ORD-103780,B2B-72630,2025-09-17 17:05:02,2025-09-25 17:05:02,2025-09-27 17:05:02,2,64.31,3,Brisbane,54.03,1.0,Customer Service
ORD-103781,B2B-3443,2026-01-08 19:24:01,2026-01-18 19:24:01,2026-01-21 19:24:01,3,65.48,3,Adelaide,221.32,1.0,Customer Service
ORD-103782,B2B-40012,2026-03-18 21:26:06,2026-03-30 21:26:06,2026-03-31 21:26:06,1,50.05,7,Adelaide,70.68,0.0,
ORD-103783,B2B-65084,2026-02-15 16:36:41,2026-02-25 16:36:41,2026-03-01 16:36:41,4,65.1,7,Brisbane,218.58,0.0,
ORD-103784,B2B-57541,2025-11-07 18:00:20,2025-11-15 18:00:20,2025-11-11 18:00:20,-4,49.76,3,Brisbane,338.12,0.0,
ORD-103785,B2B-10589,2026-02-18 15:46:20,2026-02-26 15:46:20,2026-02-27 15:46:20,1,68.56,7,Adelaide,206.53,0.0,
ORD-103786,B2B-16020,2026-03-13 11:39:05,2026-03-27 11:39:05,2026-03-29 11:39:05,2,35.64,3,Adelaide,32.56,0.0,
ORD-103787,B2B-77067,2026-02-10 20:28:28,2026-02-19 20:28:28,2026-02-17 20:28:28,-2,41.84,7,Melbourne,322.91,0.0,
ORD-103788,B2B-6404,2026-04-15 08:01:50,2026-04-24 08:01:50,2026-04-23 08:01:50,-1,103.59,3,Brisbane,732.93,0.0,
ORD-103789,B2B-8641,2026-03-25 09:23:51,2026-04-04 09:23:51,2026-04-03 09:23:51,-1,58.48,3,Melbourne,141.06,0.0,
ORD-103790,B2B-74340,2025-09-30 21:05:52,2025-10-07 21:05:52,2025-10-07 21:05:52,0,101.08,7,Brisbane,697.85,0.0,
ORD-103791,B2B-19407,2026-04-20 16:26:22,2026-04-30 16:26:22,2026-04-30 16:26:22,0,71.13,3,Perth,308.14,0.0,
ORD-103792,B2B-90351,2025-10-17 13:13:07,2025-10-24 13:13:07,2025-10-24 13:13:07,0,58.31,7,Perth,64.85,0.0,
ORD-103793,B2B-70283,2026-01-31 14:49:33,2026-02-07 14:49:33,2026-02-06 14:49:33,-1,101.63,3,Melbourne,878.87,0.0,
ORD-103794,B2B-33671,2026-07-06 00:02:14,2026-07-18 00:02:14,2026-07-17 00:02:14,-1,77.08,7,Brisbane,831.52,0.0,
ORD-103795,B2B-56126,2025-09-14 21:21:17,2025-09-24 21:21:17,2025-09-23 21:21:17,-1,58.07,3,Adelaide,432.51,0.0,
ORD-103796,B2B-1245,2026-01-24 20:33:57,2026-01-31 20:33:57,2026-01-31 20:33:57,0,70.68,3,Brisbane,612.32,0.0,
ORD-103797,B2B-77562,2026-01-03 06:15:15,2026-01-10 06:15:15,2026-01-12 06:15:15,2,65.41,7,Perth,194.73,0.0,
ORD-103798,B2B-99646,2026-06-12 06:53:41,2026-06-26 06:53:41,2026-06-26 06:53:41,0,50.7,7,Perth,86.76,0.0,
ORD-103799,B2B-55596,2025-12-26 23:49:54,2026-01-03 23:49:54,2026-01-06 23:49:54,3,61.54,3,Brisbane,37.19,0.0,
ORD-103800,B2B-93833,2026-05-15 01:27:05,2026-05-27 01:27:05,2026-05-26 01:27:05,-1,80.29,3,Brisbane,418.51,0.0,
ORD-103801,B2B-89458,2026-02-27 04:33:00,2026-03-11 04:33:00,2026-03-11 04:33:00,0,64.29,7,Adelaide,169.02,0.0,
ORD-103802,B2B-19407,2026-01-14 03:53:09,2026-01-28 03:53:09,2026-01-30 03:53:09,2,73.19,3,Perth,308.14,1.0,Late Delivery
ORD-103803,B2B-41230,2026-02-07 09:22:26,2026-02-18 09:22:26,2026-02-18 09:22:26,0,53.36,3,Adelaide,106.34,0.0,
ORD-103804,B2B-41024,2026-01-14 06:24:00,2026-01-23 06:24:00,2026-01-25 06:24:00,2,58.89,3,Brisbane,433.53,1.0,Late Delivery
ORD-103805,B2B-52689,2026-07-06 15:56:14,2026-07-15 15:56:14,2026-07-20 15:56:14,5,96.68,3,Melbourne,643.13,1.0,Late Delivery
ORD-103806,B2B-77562,2025-12-21 06:49:22,2025-12-30 06:49:22,2025-12-30 06:49:22,0,60.01,7,Perth,194.73,0.0,
ORD-103807,B2B-51284,2025-08-12 13:33:15,2025-08-21 13:33:15,2025-08-21 13:33:15,0,62.39,3,Perth,206.47,0.0,
ORD-103808,B2B-52106,2026-07-14 11:16:23,2026-07-27 11:16:23,2026-07-29 11:16:23,2,82.59,3,Brisbane,665.15,0.0,
ORD-103809,B2B-72765,2026-02-28 07:59:21,2026-03-07 07:59:21,2026-03-10 07:59:21,3,93.07,3,Melbourne,873.91,0.0,
ORD-103810,B2B-71281,2025-08-01 21:35:52,2025-08-08 21:35:52,2025-08-09 21:35:52,1,90.11,3,Adelaide,295.12,0.0,
ORD-103811,B2B-92368,2025-11-26 16:25:34,2025-12-07 16:25:34,2025-12-05 16:25:34,-2,60.46,3,Brisbane,113.13,0.0,
ORD-103812,B2B-70465,2026-05-04 15:54:38,2026-05-12 15:54:38,2026-05-15 15:54:38,3,83.52,3,Melbourne,465.9,1.0,Customer Service
ORD-103813,B2B-53868,2025-09-13 04:30:47,2025-09-20 04:30:47,2025-09-20 04:30:47,0,62.33,3,Melbourne,40.78,0.0,
ORD-103814,B2B-69678,2026-02-26 18:18:29,2026-03-05 18:18:29,2026-03-07 18:18:29,2,52.17,3,Melbourne,207.28,1.0,Late Delivery
ORD-103815,B2B-89892,2025-10-18 17:38:43,2025-10-31 17:38:43,2025-10-31 17:38:43,0,57.44,3,Melbourne,259.72,0.0,
ORD-103816,B2B-50609,2026-03-30 00:39:41,2026-04-07 00:39:41,2026-04-05 00:39:41,-2,42.59,7,Melbourne,160.69,0.0,
ORD-103817,B2B-50609,2025-11-29 11:44:32,2025-12-06 11:44:32,2025-12-09 11:44:32,3,77.37,7,Melbourne,160.69,0.0,
ORD-103818,B2B-61154,2025-09-09 20:25:28,2025-09-17 20:25:28,2025-09-15 20:25:28,-2,71.34,3,Melbourne,527.14,0.0,
ORD-103819,B2B-76456,2026-02-15 11:07:54,2026-02-25 11:07:54,2026-02-28 11:07:54,3,86.15,3,Adelaide,487.84,1.0,Late Delivery
ORD-103820,B2B-58097,2025-12-20 04:29:50,2025-12-31 04:29:50,2026-01-01 04:29:50,1,74.16,3,Melbourne,527.36,0.0,
ORD-103821,B2B-89921,2026-05-26 04:19:34,2026-06-03 04:19:34,2026-06-03 04:19:34,0,65.91,7,Perth,329.39,0.0,
ORD-103822,B2B-40702,2026-06-11 01:33:50,2026-06-21 01:33:50,2026-06-24 01:33:50,3,72.49,7,Perth,229.26,0.0,
ORD-103823,B2B-45330,2025-10-21 04:24:52,2025-11-02 04:24:52,2025-11-01 04:24:52,-1,88.97,3,Brisbane,371.39,0.0,
ORD-103824,B2B-16876,2025-09-18 17:21:43,2025-10-02 17:21:43,2025-09-30 17:21:43,-2,91.33,3,Brisbane,560.95,0.0,
ORD-103825,B2B-15987,2025-08-12 17:51:43,2025-08-26 17:51:43,2025-08-30 17:51:43,4,92.75,3,Melbourne,646.88,1.0,Late Delivery
ORD-103826,B2B-56992,2026-01-19 07:20:17,2026-02-01 07:20:17,2026-02-05 07:20:17,4,51.66,3,Brisbane,164.68,1.0,Late Delivery
ORD-103827,B2B-475,2025-09-11 05:33:53,2025-09-22 05:33:53,2025-09-21 05:33:53,-1,59.39,3,Melbourne,206.37,0.0,
ORD-103828,B2B-17835,2026-05-04 21:39:55,2026-05-17 21:39:55,2026-05-17 21:39:55,0,82.64,3,Brisbane,516.94,0.0,
ORD-103829,B2B-15534,2026-07-03 05:34:56,2026-07-11 05:34:56,2026-07-12 05:34:56,1,69.31,3,Brisbane,688.04,0.0,
ORD-103830,B2B-95375,2026-02-26 16:07:54,2026-03-12 16:07:54,2026-03-10 16:07:54,-2,53.44,3,Perth,62.32,0.0,
ORD-103831,B2B-88555,2026-07-15 05:20:36,2026-07-23 05:20:36,2026-07-22 05:20:36,-1,92.9,3,Brisbane,560.64,0.0,
ORD-103832,B2B-2773,2026-03-11 14:10:58,2026-03-21 14:10:58,2026-03-23 14:10:58,2,54.71,3,Perth,223.95,0.0,
ORD-103833,B2B-10100,2026-01-29 20:16:41,2026-02-06 20:16:41,2026-02-07 20:16:41,1,53.15,3,Perth,132.58,0.0,
ORD-103834,B2B-40535,2025-08-17 12:34:54,2025-08-30 12:34:54,2025-08-31 12:34:54,1,79.73,3,Brisbane,625.16,1.0,Late Delivery
ORD-103835,B2B-71321,2026-07-11 13:43:53,2026-07-25 13:43:53,2026-07-26 13:43:53,1,59.86,7,Melbourne,460.1,0.0,
ORD-103836,B2B-66471,2025-11-03 04:44:43,2025-11-16 04:44:43,2025-11-14 04:44:43,-2,80.96,3,Brisbane,457.4,0.0,
ORD-103837,B2B-84058,2026-05-31 06:20:50,2026-06-11 06:20:50,2026-06-14 06:20:50,3,70.42,3,Brisbane,322.72,1.0,Late Delivery
ORD-103838,B2B-72219,2026-02-22 03:11:41,2026-03-06 03:11:41,2026-03-06 03:11:41,0,62.21,7,Brisbane,428.71,0.0,
ORD-103839,B2B-88750,2025-08-21 15:54:19,2025-08-31 15:54:19,2025-08-30 15:54:19,-1,74.28,7,Melbourne,232.31,0.0,
ORD-103840,B2B-69665,2026-05-06 09:06:57,2026-05-16 09:06:57,2026-05-17 09:06:57,1,84.38,3,Melbourne,585.98,0.0,
ORD-103841,B2B-10603,2026-01-02 23:43:12,2026-01-10 23:43:12,2026-01-13 23:43:12,3,87.43,3,Brisbane,792.16,0.0,
ORD-103842,B2B-52689,2025-08-05 20:00:07,2025-08-14 20:00:07,2025-08-14 20:00:07,0,70.21,3,Melbourne,643.13,0.0,
ORD-103843,B2B-53047,2025-12-30 01:59:17,2026-01-11 01:59:17,2026-01-12 01:59:17,1,78.19,3,Brisbane,465.29,1.0,Late Delivery
ORD-103844,B2B-91629,2026-03-27 18:31:08,2026-04-06 18:31:08,2026-04-05 18:31:08,-1,66.75,3,Adelaide,222.93,0.0,
ORD-103845,B2B-41342,2026-04-05 04:42:10,2026-04-16 04:42:10,2026-04-16 04:42:10,0,73.71,3,Adelaide,247.72,0.0,
ORD-103846,B2B-68467,2025-09-09 20:39:10,2025-09-23 20:39:10,2025-09-24 20:39:10,1,67.67,3,Brisbane,288.51,0.0,
ORD-103847,B2B-84692,2025-12-09 05:04:16,2025-12-18 05:04:16,2025-12-18 05:04:16,0,62.55,3,Melbourne,682.93,0.0,
ORD-103848,B2B-49876,2025-08-06 15:38:53,2025-08-15 15:38:53,2025-08-20 15:38:53,5,52.51,3,Adelaide,216.16,0.0,
ORD-103849,B2B-14570,2026-04-12 15:32:43,2026-04-25 15:32:43,2026-05-02 15:32:43,7,95.33,3,Brisbane,633.84,1.0,Late Delivery
ORD-103850,B2B-63735,2026-03-15 12:29:42,2026-03-23 12:29:42,2026-03-20 12:29:42,-3,55.78,3,Brisbane,225.01,0.0,
ORD-103851,B2B-67244,2025-09-20 15:10:47,2025-09-30 15:10:47,2025-10-02 15:10:47,2,83.08,3,Brisbane,698.62,1.0,Late Delivery
ORD-103852,B2B-97922,2025-11-08 16:05:25,2025-11-16 16:05:25,2025-11-21 16:05:25,5,89.32,7,Brisbane,843.37,1.0,Late Delivery
ORD-103853,B2B-93779,2025-10-15 06:10:19,2025-10-25 06:10:19,2025-10-24 06:10:19,-1,59.2,3,Adelaide,182.39,0.0,
ORD-103854,B2B-1530,2026-05-31 16:09:50,2026-06-12 16:09:50,2026-06-10 16:09:50,-2,50.41,3,Brisbane,38.68,0.0,
ORD-103855,B2B-93833,2025-08-27 07:45:51,2025-09-04 07:45:51,2025-09-03 07:45:51,-1,53.22,3,Brisbane,418.51,0.0,
ORD-103856,B2B-71281,2025-10-30 18:44:28,2025-11-07 18:44:28,2025-11-10 18:44:28,3,50.17,3,Adelaide,295.12,0.0,
ORD-103857,B2B-16185,2026-01-23 10:03:03,2026-01-30 10:03:03,2026-01-30 10:03:03,0,67.73,3,Melbourne,106.42,0.0,
ORD-103858,B2B-21323,2025-10-13 20:54:23,2025-10-22 20:54:23,2025-10-21 20:54:23,-1,42.15,3,Brisbane,105.37,0.0,
ORD-103859,B2B-9272,2025-09-28 07:35:25,2025-10-09 07:35:25,2025-10-07 07:35:25,-2,67.87,3,Brisbane,404.59,0.0,
ORD-103860,B2B-81277,2026-06-23 04:33:44,2026-07-04 04:33:44,2026-07-06 04:33:44,2,63.58,3,Melbourne,659.12,0.0,
ORD-103861,B2B-68218,2026-04-09 17:44:43,2026-04-21 17:44:43,2026-04-24 17:44:43,3,54.86,3,Melbourne,117.02,1.0,Late Delivery
ORD-103862,B2B-97179,2026-07-09 02:23:11,2026-07-23 02:23:11,2026-07-21 02:23:11,-2,76.37,3,Melbourne,566.59,0.0,
ORD-103863,B2B-6754,2026-01-22 21:30:51,2026-02-05 21:30:51,2026-02-03 21:30:51,-2,73.43,3,Perth,533.44,0.0,
ORD-103864,B2B-3524,2025-11-16 03:56:13,2025-11-24 03:56:13,2025-11-27 03:56:13,3,40.54,3,Melbourne,100.69,0.0,
ORD-103865,B2B-77482,2025-08-10 22:47:56,2025-08-18 22:47:56,2025-08-16 22:47:56,-2,63.36,7,Melbourne,132.64,0.0,
ORD-103866,B2B-43536,2025-09-03 00:04:21,2025-09-10 00:04:21,2025-09-10 00:04:21,0,85.85,3,Melbourne,599.85,0.0,
ORD-103867,B2B-82260,2025-08-29 01:56:36,2025-09-08 01:56:36,2025-09-11 01:56:36,3,63.88,7,Melbourne,634.11,0.0,
ORD-103868,B2B-35323,2026-01-07 04:51:27,2026-01-16 04:51:27,2026-01-16 04:51:27,0,58.06,3,Perth,248.47,0.0,
ORD-103869,B2B-93117,2026-04-01 21:27:46,2026-04-12 21:27:46,2026-04-16 21:27:46,4,93.89,3,Brisbane,583.68,0.0,
ORD-103870,B2B-10240,2025-11-07 18:53:40,2025-11-18 18:53:40,2025-11-17 18:53:40,-1,49.93,7,Perth,327.65,0.0,
ORD-103871,B2B-39279,2026-03-10 05:48:15,2026-03-23 05:48:15,2026-03-21 05:48:15,-2,50.92,7,Melbourne,220.21,0.0,
ORD-103872,B2B-97673,2026-04-10 07:08:07,2026-04-18 07:08:07,2026-04-18 07:08:07,0,82.61,3,Melbourne,665.56,0.0,
ORD-103873,B2B-56126,2026-07-10 23:57:55,2026-07-18 23:57:55,2026-07-21 23:57:55,3,51.68,3,Adelaide,432.51,1.0,Late Delivery
ORD-103874,B2B-70481,2026-05-10 19:22:25,2026-05-19 19:22:25,2026-05-21 19:22:25,2,89.5,7,Melbourne,569.0,0.0,
ORD-103875,B2B-51284,2026-01-28 17:14:06,2026-02-08 17:14:06,2026-02-08 17:14:06,0,54.4,3,Perth,206.47,0.0,
ORD-103876,B2B-62940,2026-01-15 20:24:54,2026-01-27 20:24:54,2026-01-27 20:24:54,0,46.91,3,Perth,79.42,0.0,
ORD-103877,B2B-1563,2025-09-30 18:25:16,2025-10-07 18:25:16,2025-10-06 18:25:16,-1,75.83,3,Adelaide,182.02,0.0,
ORD-103878,B2B-9412,2026-05-14 01:30:10,2026-05-26 01:30:10,2026-05-26 01:30:10,0,52.94,3,Perth,353.19,0.0,
ORD-103879,B2B-6337,2025-10-20 10:14:38,2025-11-02 10:14:38,2025-11-01 10:14:38,-1,57.03,7,Melbourne,362.09,0.0,
ORD-103880,B2B-37007,2026-01-16 11:53:52,2026-01-25 11:53:52,2026-01-26 11:53:52,1,53.77,3,Adelaide,369.48,0.0,
ORD-103881,B2B-93002,2025-08-31 14:55:21,2025-09-14 14:55:21,2025-09-14 14:55:21,0,56.47,3,Brisbane,216.77,0.0,
ORD-103882,B2B-55267,2026-05-05 08:18:57,2026-05-16 08:18:57,2026-05-14 08:18:57,-2,59.04,3,Brisbane,417.67,1.0,Quality Issue
ORD-103883,B2B-46368,2026-01-26 22:37:03,2026-02-07 22:37:03,2026-02-09 22:37:03,2,64.78,7,Brisbane,226.22,0.0,
ORD-103884,B2B-4952,2025-08-27 12:50:10,2025-09-07 12:50:10,2025-09-08 12:50:10,1,84.21,3,Brisbane,366.81,0.0,
ORD-103885,B2B-89062,2025-11-28 22:56:45,2025-12-11 22:56:45,2025-12-12 22:56:45,1,47.13,7,Perth,129.41,0.0,
ORD-103886,B2B-90351,2026-04-04 13:58:49,2026-04-16 13:58:49,2026-04-15 13:58:49,-1,53.63,7,Perth,64.85,0.0,
ORD-103887,B2B-33897,2026-05-02 14:52:25,2026-05-10 14:52:25,2026-05-11 14:52:25,1,69.58,7,Melbourne,555.88,0.0,
ORD-103888,B2B-19595,2026-06-11 00:09:11,2026-06-20 00:09:11,2026-06-21 00:09:11,1,71.73,7,Brisbane,342.82,0.0,
ORD-103889,B2B-41342,2025-08-11 18:17:47,2025-08-18 18:17:47,2025-08-18 18:17:47,0,79.98,3,Adelaide,247.72,0.0,
ORD-103890,B2B-80015,2026-05-24 07:08:31,2026-06-04 07:08:31,2026-06-03 07:08:31,-1,68.94,3,Perth,168.28,0.0,
ORD-103891,B2B-80168,2026-03-29 22:59:24,2026-04-05 22:59:24,2026-04-09 22:59:24,4,83.39,3,Brisbane,467.72,0.0,
ORD-103892,B2B-53585,2025-10-27 15:47:10,2025-11-07 15:47:10,2025-11-02 15:47:10,-5,52.67,7,Adelaide,277.3,0.0,
ORD-103893,B2B-97673,2025-11-14 20:32:12,2025-11-25 20:32:12,2025-11-26 20:32:12,1,94.3,3,Melbourne,665.56,0.0,
ORD-103894,B2B-54070,2026-04-05 20:28:36,2026-04-18 20:28:36,2026-04-21 20:28:36,3,51.53,3,Brisbane,415.03,0.0,
ORD-103895,B2B-27189,2026-04-30 00:43:51,2026-05-07 00:43:51,2026-05-11 00:43:51,4,89.12,3,Brisbane,532.44,1.0,Late Delivery
ORD-103896,B2B-74836,2025-09-05 10:26:26,2025-09-17 10:26:26,2025-09-17 10:26:26,0,64.91,3,Adelaide,437.22,0.0,
ORD-103897,B2B-15887,2026-05-03 04:00:54,2026-05-15 04:00:54,2026-05-17 04:00:54,2,59.73,7,Perth,234.39,1.0,Late Delivery
ORD-103898,B2B-80380,2026-02-16 21:57:35,2026-02-23 21:57:35,2026-02-20 21:57:35,-3,68.09,3,Adelaide,545.83,0.0,
ORD-103899,B2B-20143,2026-05-08 13:16:00,2026-05-16 13:16:00,2026-05-17 13:16:00,1,62.39,3,Brisbane,477.8,1.0,Late Delivery
ORD-103900,B2B-21700,2025-10-29 13:07:47,2025-11-10 13:07:47,2025-11-12 13:07:47,2,54.99,3,Perth,314.43,0.0,
ORD-103901,B2B-47096,2025-08-07 08:54:19,2025-08-17 08:54:19,2025-08-16 08:54:19,-1,65.69,3,Brisbane,91.69,0.0,
ORD-103902,B2B-39539,2026-07-19 14:59:12,2026-07-26 14:59:12,2026-07-26 14:59:12,0,92.16,3,Brisbane,614.75,0.0,
ORD-103903,B2B-13005,2025-08-21 22:09:17,2025-08-29 22:09:17,2025-08-29 22:09:17,0,73.16,3,Melbourne,364.43,0.0,
ORD-103904,B2B-24203,2025-12-28 05:15:15,2026-01-04 05:15:15,2026-01-05 05:15:15,1,59.6,3,Brisbane,156.46,0.0,
ORD-103905,B2B-67244,2026-07-06 15:45:53,2026-07-19 15:45:53,2026-07-16 15:45:53,-3,94.98,3,Brisbane,698.62,0.0,
ORD-103906,B2B-64472,2026-02-28 06:32:52,2026-03-09 06:32:52,2026-03-09 06:32:52,0,63.17,3,Melbourne,409.98,0.0,
ORD-103907,B2B-69254,2026-02-26 12:49:10,2026-03-08 12:49:10,2026-03-10 12:49:10,2,49.34,7,Brisbane,391.86,0.0,
ORD-103908,B2B-93117,2026-02-21 19:34:05,2026-03-05 19:34:05,2026-03-07 19:34:05,2,77.37,3,Brisbane,583.68,0.0,
ORD-103909,B2B-87928,2025-12-04 19:02:17,2025-12-11 19:02:17,2025-12-10 19:02:17,-1,60.24,3,Perth,293.15,0.0,
ORD-103910,B2B-33006,2026-07-08 12:12:58,2026-07-19 12:12:58,2026-07-21 12:12:58,2,79.63,3,Brisbane,288.71,0.0,
ORD-103911,B2B-24194,2026-02-10 03:14:39,2026-02-18 03:14:39,2026-02-18 03:14:39,0,59.25,7,Melbourne,142.61,0.0,
ORD-103912,B2B-93157,2025-11-28 15:01:38,2025-12-07 15:01:38,2025-12-09 15:01:38,2,44.82,3,Perth,103.37,0.0,
ORD-103913,B2B-99547,2026-03-24 00:30:39,2026-04-04 00:30:39,2026-04-03 00:30:39,-1,54.25,3,Perth,179.33,0.0,
ORD-103914,B2B-20256,2026-06-06 06:32:13,2026-06-20 06:32:13,2026-06-23 06:32:13,3,83.31,3,Adelaide,276.38,1.0,Late Delivery
ORD-103915,B2B-99646,2025-11-18 09:53:59,2025-12-02 09:53:59,2025-11-30 09:53:59,-2,56.91,7,Perth,86.76,0.0,
ORD-103916,B2B-48337,2025-08-23 18:11:35,2025-09-06 18:11:35,2025-09-07 18:11:35,1,66.17,3,Perth,217.85,0.0,
ORD-103917,B2B-65273,2026-01-07 10:30:23,2026-01-21 10:30:23,2026-01-22 10:30:23,1,94.18,3,Melbourne,526.64,1.0,Late Delivery
ORD-103918,B2B-42372,2025-07-31 23:01:23,2025-08-10 23:01:23,2025-08-10 23:01:23,0,86.24,3,Melbourne,306.08,0.0,
ORD-103919,B2B-68212,2025-08-28 17:52:21,2025-09-08 17:52:21,2025-09-09 17:52:21,1,50.24,3,Adelaide,41.47,0.0,
ORD-103920,B2B-72918,2025-11-24 14:16:45,2025-12-07 14:16:45,2025-12-07 14:16:45,0,58.64,3,Brisbane,181.99,0.0,
ORD-103921,B2B-8916,2025-10-22 17:09:31,2025-10-29 17:09:31,2025-10-31 17:09:31,2,56.95,3,Adelaide,335.64,1.0,Late Delivery
ORD-103922,B2B-10435,2025-10-23 15:35:07,2025-11-02 15:35:07,2025-11-06 15:35:07,4,60.28,3,Melbourne,145.35,0.0,
ORD-103923,B2B-72214,2026-03-01 07:06:52,2026-03-09 07:06:52,2026-03-10 07:06:52,1,50.72,3,Melbourne,211.97,0.0,
ORD-103924,B2B-93779,2026-05-29 16:23:16,2026-06-12 16:23:16,2026-06-12 16:23:16,0,63.49,3,Adelaide,182.39,0.0,
ORD-103925,B2B-88998,2026-07-17 03:13:03,2026-07-30 03:13:03,2026-07-28 03:13:03,-2,93.57,3,Brisbane,653.07,0.0,
ORD-103926,B2B-28688,2026-02-19 06:49:52,2026-03-05 06:49:52,2026-03-06 06:49:52,1,73.07,3,Perth,477.49,0.0,
ORD-103927,B2B-9412,2026-01-05 19:37:16,2026-01-12 19:37:16,2026-01-11 19:37:16,-1,47.73,3,Perth,353.19,0.0,
ORD-103928,B2B-86270,2026-01-01 12:55:23,2026-01-15 12:55:23,2026-01-16 12:55:23,1,77.17,3,Melbourne,535.47,0.0,
ORD-103929,B2B-33006,2025-08-31 03:37:08,2025-09-09 03:37:08,2025-09-08 03:37:08,-1,69.13,3,Brisbane,288.71,0.0,
ORD-103930,B2B-3380,2026-01-12 19:22:46,2026-01-21 19:22:46,2026-01-21 19:22:46,0,49.17,3,Perth,113.43,0.0,
ORD-103931,B2B-3524,2025-09-04 06:56:29,2025-09-18 06:56:29,2025-09-22 06:56:29,4,62.43,3,Melbourne,100.69,1.0,Late Delivery
ORD-103932,B2B-2773,2026-07-30 02:17:58,2026-08-09 02:17:58,2026-08-07 02:17:58,-2,42.58,3,Perth,223.95,0.0,
ORD-103933,B2B-41761,2025-12-25 00:17:19,2026-01-03 00:17:19,2026-01-03 00:17:19,0,62.29,3,Adelaide,248.81,0.0,
ORD-103934,B2B-35745,2026-06-15 23:27:46,2026-06-23 23:27:46,2026-06-23 23:27:46,0,60.91,7,Brisbane,188.89,0.0,
ORD-103935,B2B-51284,2026-06-10 08:11:13,2026-06-24 08:11:13,2026-06-21 08:11:13,-3,82.24,3,Perth,206.47,0.0,
ORD-103936,B2B-17835,2025-09-09 09:33:27,2025-09-16 09:33:27,2025-09-16 09:33:27,0,74.34,3,Brisbane,516.94,0.0,
ORD-103937,B2B-28375,2026-07-07 06:46:46,2026-07-15 06:46:46,2026-07-11 06:46:46,-4,69.28,3,Brisbane,465.41,0.0,
ORD-103938,B2B-57091,2026-02-20 00:48:49,2026-03-02 00:48:49,2026-02-28 00:48:49,-2,69.19,3,Brisbane,159.39,0.0,
ORD-103939,B2B-9589,2026-06-01 19:56:48,2026-06-09 19:56:48,2026-06-12 19:56:48,3,95.95,3,Brisbane,646.64,0.0,
ORD-103940,B2B-55207,2026-03-04 05:36:46,2026-03-15 05:36:46,2026-03-19 05:36:46,4,65.51,3,Brisbane,245.68,1.0,Late Delivery
ORD-103941,B2B-88226,2026-01-12 08:12:41,2026-01-21 08:12:41,2026-01-25 08:12:41,4,98.3,3,Brisbane,836.71,1.0,Late Delivery
ORD-103942,B2B-14570,2026-03-03 12:20:55,2026-03-17 12:20:55,2026-03-16 12:20:55,-1,88.89,3,Brisbane,633.84,0.0,
ORD-103943,B2B-93157,2026-07-31 01:27:08,2026-08-10 01:27:08,2026-08-10 01:27:08,0,58.36,3,Perth,103.37,0.0,
ORD-103944,B2B-99069,2026-03-09 16:43:09,2026-03-21 16:43:09,2026-03-22 16:43:09,1,74.61,3,Brisbane,505.28,0.0,
ORD-103945,B2B-8916,2025-09-21 12:18:52,2025-10-03 12:18:52,2025-09-27 12:18:52,-6,65.91,3,Adelaide,335.64,0.0,
ORD-103946,B2B-88226,2026-06-18 08:20:37,2026-06-26 08:20:37,2026-06-25 08:20:37,-1,95.37,3,Brisbane,836.71,0.0,
ORD-103947,B2B-12858,2025-10-30 17:37:56,2025-11-11 17:37:56,2025-11-11 17:37:56,0,74.16,7,Brisbane,294.08,0.0,
ORD-103948,B2B-70994,2026-03-21 09:58:57,2026-03-28 09:58:57,2026-03-27 09:58:57,-1,65.31,7,Melbourne,301.53,0.0,
ORD-103949,B2B-4952,2026-01-20 18:55:14,2026-02-01 18:55:14,2026-01-30 18:55:14,-2,78.09,3,Brisbane,366.81,0.0,
ORD-103950,B2B-21097,2026-07-25 22:21:30,2026-08-01 22:21:30,2026-07-31 22:21:30,-1,58.27,3,Melbourne,138.29,0.0,
ORD-103951,B2B-74695,2026-02-21 13:59:01,2026-03-03 13:59:01,2026-03-08 13:59:01,5,80.18,3,Melbourne,672.08,1.0,Late Delivery
ORD-103952,B2B-41054,2025-10-08 15:26:18,2025-10-16 15:26:18,2025-10-13 15:26:18,-3,81.94,7,Perth,470.71,0.0,
ORD-103953,B2B-99045,2025-12-23 08:00:56,2026-01-03 08:00:56,2025-12-29 08:00:56,-5,100.35,3,Melbourne,685.6,0.0,
ORD-103954,B2B-71281,2025-09-24 14:25:20,2025-10-07 14:25:20,2025-10-10 14:25:20,3,75.71,3,Adelaide,295.12,1.0,Late Delivery
ORD-103955,B2B-11907,2025-10-26 09:10:22,2025-11-03 09:10:22,2025-11-02 09:10:22,-1,46.06,7,Brisbane,272.23,0.0,
ORD-103956,B2B-15987,2026-03-28 02:39:58,2026-04-04 02:39:58,2026-04-04 02:39:58,0,99.44,3,Melbourne,646.88,0.0,
ORD-103957,B2B-12409,2026-07-19 01:39:22,2026-08-02 01:39:22,2026-08-02 01:39:22,0,67.29,7,Adelaide,200.39,0.0,
ORD-103958,B2B-24126,2026-06-15 10:40:50,2026-06-23 10:40:50,2026-06-27 10:40:50,4,66.76,3,Adelaide,180.35,1.0,Late Delivery
ORD-103959,B2B-4727,2026-05-09 10:58:45,2026-05-17 10:58:45,2026-05-21 10:58:45,4,73.77,7,Adelaide,619.93,0.0,
ORD-103960,B2B-75641,2025-08-19 21:05:58,2025-08-28 21:05:58,2025-08-30 21:05:58,2,57.45,3,Adelaide,39.25,1.0,Customer Service
ORD-103961,B2B-44861,2026-06-04 09:12:35,2026-06-12 09:12:35,2026-06-12 09:12:35,0,51.79,3,Perth,329.47,0.0,
ORD-103962,B2B-41910,2026-03-19 07:31:44,2026-03-31 07:31:44,2026-03-29 07:31:44,-2,68.66,3,Brisbane,191.25,0.0,
ORD-103963,B2B-6337,2026-05-03 14:51:49,2026-05-12 14:51:49,2026-05-12 14:51:49,0,81.83,7,Melbourne,362.09,0.0,
ORD-103964,B2B-40535,2025-12-27 23:35:54,2026-01-10 23:35:54,2026-01-10 23:35:54,0,82.29,3,Brisbane,625.16,0.0,
ORD-103965,B2B-57091,2025-11-29 09:08:57,2025-12-11 09:08:57,2025-12-09 09:08:57,-2,51.98,3,Brisbane,159.39,0.0,
ORD-103966,B2B-16020,2026-03-24 14:48:50,2026-04-07 14:48:50,2026-04-07 14:48:50,0,58.43,3,Adelaide,32.56,0.0,
ORD-103967,B2B-70994,2026-05-16 14:25:30,2026-05-26 14:25:30,2026-05-26 14:25:30,0,63.26,7,Melbourne,301.53,0.0,
ORD-103968,B2B-69678,2026-03-17 01:02:25,2026-03-24 01:02:25,2026-03-23 01:02:25,-1,78.26,3,Melbourne,207.28,0.0,
ORD-103969,B2B-98544,2025-10-18 04:35:32,2025-10-29 04:35:32,2025-10-26 04:35:32,-3,55.42,7,Perth,332.42,0.0,
ORD-103970,B2B-96332,2026-02-04 10:35:43,2026-02-15 10:35:43,2026-02-12 10:35:43,-3,72.02,3,Brisbane,296.44,0.0,
ORD-103971,B2B-80380,2026-04-07 20:50:26,2026-04-20 20:50:26,2026-04-18 20:50:26,-2,59.18,3,Adelaide,545.83,0.0,
ORD-103972,B2B-17434,2026-06-17 17:13:20,2026-06-30 17:13:20,2026-06-29 17:13:20,-1,72.55,3,Brisbane,572.59,0.0,
ORD-103973,B2B-68467,2025-08-22 21:13:27,2025-09-05 21:13:27,2025-09-09 21:13:27,4,59.39,3,Brisbane,288.51,1.0,Late Delivery
ORD-103974,B2B-13363,2026-07-24 19:54:45,2026-08-06 19:54:45,2026-08-08 19:54:45,2,60.72,3,Perth,167.98,1.0,Late Delivery
ORD-103975,B2B-18221,2026-03-12 22:54:33,2026-03-21 22:54:33,2026-03-21 22:54:33,0,70.34,3,Perth,348.44,0.0,
ORD-103976,B2B-70408,2026-07-27 02:15:46,2026-08-05 02:15:46,2026-08-08 02:15:46,3,73.6,3,Brisbane,324.91,0.0,
ORD-103977,B2B-70586,2026-05-11 17:17:15,2026-05-22 17:17:15,2026-05-22 17:17:15,0,64.29,7,Adelaide,271.32,0.0,
ORD-103978,B2B-99480,2026-03-08 22:40:03,2026-03-16 22:40:03,2026-03-17 22:40:03,1,51.69,3,Perth,448.58,0.0,
ORD-103979,B2B-42643,2026-06-08 13:20:14,2026-06-17 13:20:14,2026-06-19 13:20:14,2,75.07,3,Brisbane,334.58,0.0,
ORD-103980,B2B-75357,2026-06-20 03:34:38,2026-07-03 03:34:38,2026-07-04 03:34:38,1,54.06,3,Perth,507.79,0.0,
ORD-103981,B2B-98544,2026-03-05 11:29:41,2026-03-16 11:29:41,2026-03-16 11:29:41,0,63.53,7,Perth,332.42,0.0,
ORD-103982,B2B-11884,2025-10-08 19:36:29,2025-10-15 19:36:29,2025-10-16 19:36:29,1,84.42,3,Brisbane,732.96,1.0,Customer Service
ORD-103983,B2B-75299,2026-01-11 23:27:21,2026-01-20 23:27:21,2026-01-20 23:27:21,0,76.74,3,Brisbane,418.34,0.0,
ORD-103984,B2B-5218,2025-09-10 16:19:12,2025-09-22 16:19:12,2025-09-22 16:19:12,0,62.16,3,Brisbane,370.92,0.0,
ORD-103985,B2B-47208,2026-05-13 11:02:27,2026-05-26 11:02:27,2026-05-26 11:02:27,0,88.32,3,Melbourne,563.28,0.0,
ORD-103986,B2B-93779,2026-07-05 13:52:13,2026-07-17 13:52:13,2026-07-17 13:52:13,0,69.06,3,Adelaide,182.39,0.0,
ORD-103987,B2B-76411,2026-05-19 17:40:44,2026-05-28 17:40:44,2026-06-02 17:40:44,5,78.93,3,Melbourne,806.71,0.0,
ORD-103988,B2B-70481,2026-06-13 03:44:41,2026-06-27 03:44:41,2026-06-26 03:44:41,-1,77.45,7,Melbourne,569.0,0.0,
ORD-103989,B2B-68467,2026-03-03 22:12:52,2026-03-13 22:12:52,2026-03-13 22:12:52,0,79.27,3,Brisbane,288.51,0.0,
ORD-103990,B2B-35219,2025-08-25 18:24:39,2025-09-05 18:24:39,2025-09-05 18:24:39,0,52.42,3,Adelaide,290.88,0.0,
ORD-103991,B2B-475,2026-04-27 00:06:44,2026-05-05 00:06:44,2026-05-06 00:06:44,1,84.59,3,Melbourne,206.37,0.0,
ORD-103992,B2B-55596,2025-10-23 19:05:15,2025-11-06 19:05:15,2025-11-06 19:05:15,0,55.39,3,Brisbane,37.19,0.0,
ORD-103993,B2B-699,2025-08-19 00:53:06,2025-08-28 00:53:06,2025-08-26 00:53:06,-2,78.65,3,Melbourne,312.08,0.0,
ORD-103994,B2B-29283,2026-04-25 18:30:57,2026-05-07 18:30:57,2026-05-06 18:30:57,-1,55.87,3,Perth,334.32,0.0,
ORD-103995,B2B-21862,2025-08-19 22:49:17,2025-08-31 22:49:17,2025-08-31 22:49:17,0,71.63,3,Brisbane,673.76,0.0,
ORD-103996,B2B-77661,2025-08-11 05:51:11,2025-08-25 05:51:11,2025-08-27 05:51:11,2,92.25,3,Melbourne,852.66,1.0,Late Delivery
ORD-103997,B2B-31506,2026-04-05 23:00:41,2026-04-18 23:00:41,2026-04-19 23:00:41,1,95.91,7,Brisbane,802.14,0.0,
ORD-103998,B2B-77482,2026-01-09 18:45:47,2026-01-21 18:45:47,2026-01-18 18:45:47,-3,34.34,7,Melbourne,132.64,0.0,
ORD-103999,B2B-69254,2026-06-04 16:40:07,2026-06-17 16:40:07,2026-06-17 16:40:07,0,73.42,7,Brisbane,391.86,0.0,
ORD-104000,B2B-83562,2025-12-27 00:24:53,2026-01-08 00:24:53,2026-01-10 00:24:53,2,61.38,7,Brisbane,229.29,0.0,
ORD-104001,B2B-91425,2026-03-12 22:11:17,2026-03-25 22:11:17,2026-03-28 22:11:17,3,79.43,3,Brisbane,396.55,0.0,
ORD-104002,B2B-57426,2025-12-26 12:37:14,2026-01-06 12:37:14,2026-01-02 12:37:14,-4,88.17,7,Melbourne,498.84,0.0,
ORD-104003,B2B-8713,2025-12-23 15:20:49,2026-01-05 15:20:49,2026-01-08 15:20:49,3,69.92,3,Perth,254.25,0.0,
ORD-104004,B2B-79418,2026-07-15 20:55:48,2026-07-28 20:55:48,2026-07-26 20:55:48,-2,71.48,3,Perth,263.24,0.0,
ORD-104005,B2B-44050,2025-11-03 09:48:39,2025-11-13 09:48:39,2025-11-13 09:48:39,0,79.84,3,Adelaide,232.02,0.0,
ORD-104006,B2B-99784,2025-11-26 22:25:37,2025-12-08 22:25:37,2025-12-09 22:25:37,1,45.42,3,Adelaide,213.77,0.0,
ORD-104007,B2B-86225,2025-09-09 09:02:04,2025-09-16 09:02:04,2025-09-13 09:02:04,-3,69.28,3,Perth,237.6,0.0,
ORD-104008,B2B-18191,2025-09-02 08:13:09,2025-09-10 08:13:09,2025-09-09 08:13:09,-1,69.86,3,Adelaide,239.43,0.0,
ORD-104009,B2B-7824,2026-02-05 08:09:16,2026-02-16 08:09:16,2026-02-20 08:09:16,4,90.66,3,Brisbane,603.55,1.0,Late Delivery
ORD-104010,B2B-24126,2025-12-18 14:50:25,2025-12-28 14:50:25,2025-12-27 14:50:25,-1,75.0,3,Adelaide,180.35,0.0,
ORD-104011,B2B-87026,2026-07-03 18:45:37,2026-07-16 18:45:37,2026-07-15 18:45:37,-1,52.67,3,Melbourne,149.38,0.0,
ORD-104012,B2B-88360,2026-06-28 18:14:17,2026-07-09 18:14:17,2026-07-09 18:14:17,0,58.42,7,Brisbane,120.26,0.0,
ORD-104013,B2B-22033,2026-03-21 19:36:04,2026-03-30 19:36:04,2026-04-01 19:36:04,2,60.61,7,Perth,271.03,0.0,
ORD-104014,B2B-65614,2026-06-25 19:55:31,2026-07-08 19:55:31,2026-07-11 19:55:31,3,73.88,3,Melbourne,319.56,0.0,
ORD-104015,B2B-92368,2026-02-16 02:15:47,2026-02-28 02:15:47,2026-02-28 02:15:47,0,56.73,3,Brisbane,113.13,0.0,
ORD-104016,B2B-89892,2026-03-28 20:19:05,2026-04-11 20:19:05,2026-04-12 20:19:05,1,54.2,3,Melbourne,259.72,0.0,
ORD-104017,B2B-57770,2025-09-02 11:21:08,2025-09-15 11:21:08,2025-09-15 11:21:08,0,62.3,3,Perth,398.92,0.0,
ORD-104018,B2B-86819,2026-07-30 11:55:02,2026-08-12 11:55:02,2026-08-11 11:55:02,-1,84.49,3,Brisbane,531.68,0.0,
ORD-104019,B2B-96462,2025-08-03 23:18:56,2025-08-16 23:18:56,2025-08-13 23:18:56,-3,63.95,3,Brisbane,172.15,0.0,
ORD-104020,B2B-88750,2026-02-20 06:37:58,2026-03-04 06:37:58,2026-03-04 06:37:58,0,66.17,7,Melbourne,232.31,0.0,
ORD-104021,B2B-97825,2026-06-23 07:07:38,2026-06-30 07:07:38,2026-06-29 07:07:38,-1,50.46,3,Brisbane,371.6,0.0,
ORD-104022,B2B-29323,2026-03-25 11:22:50,2026-04-02 11:22:50,2026-04-05 11:22:50,3,55.09,3,Melbourne,274.14,1.0,Late Delivery
ORD-104023,B2B-71281,2025-11-30 08:11:40,2025-12-11 08:11:40,2025-12-10 08:11:40,-1,69.35,3,Adelaide,295.12,0.0,
ORD-104024,B2B-39487,2026-04-27 17:21:44,2026-05-07 17:21:44,2026-05-08 17:21:44,1,56.5,3,Brisbane,103.63,0.0,
ORD-104025,B2B-41910,2026-02-07 00:32:30,2026-02-20 00:32:30,2026-02-21 00:32:30,1,60.56,3,Brisbane,191.25,0.0,
ORD-104026,B2B-52943,2026-01-31 10:46:43,2026-02-09 10:46:43,2026-02-07 10:46:43,-2,98.14,7,Melbourne,856.21,0.0,
ORD-104027,B2B-5941,2026-02-12 12:43:27,2026-02-25 12:43:27,2026-02-25 12:43:27,0,52.28,3,Melbourne,491.49,0.0,
ORD-104028,B2B-46127,2025-09-14 06:28:00,2025-09-24 06:28:00,2025-09-23 06:28:00,-1,74.07,3,Brisbane,494.33,0.0,
ORD-104029,B2B-56126,2026-07-23 04:26:36,2026-08-02 04:26:36,2026-08-04 04:26:36,2,72.46,3,Adelaide,432.51,0.0,
ORD-104030,B2B-99085,2025-08-30 02:11:28,2025-09-09 02:11:28,2025-09-09 02:11:28,0,78.59,7,Melbourne,721.6,0.0,
ORD-104031,B2B-80845,2026-01-26 12:13:54,2026-02-09 12:13:54,2026-02-09 12:13:54,0,54.46,7,Brisbane,385.64,0.0,
ORD-104032,B2B-20126,2025-10-12 12:05:20,2025-10-21 12:05:20,2025-10-18 12:05:20,-3,77.9,3,Brisbane,415.01,0.0,
ORD-104033,B2B-56992,2025-11-29 23:02:54,2025-12-13 23:02:54,2025-12-13 23:02:54,0,42.61,3,Brisbane,164.68,0.0,
ORD-104034,B2B-35806,2025-10-03 01:29:16,2025-10-16 01:29:16,2025-10-16 01:29:16,0,56.74,3,Adelaide,167.05,0.0,
ORD-104035,B2B-33680,2026-06-17 16:20:24,2026-06-30 16:20:24,2026-07-01 16:20:24,1,62.97,3,Perth,278.55,1.0,Late Delivery
ORD-104036,B2B-37132,2026-06-27 21:13:40,2026-07-07 21:13:40,2026-07-09 21:13:40,2,84.17,7,Melbourne,667.08,0.0,
ORD-104037,B2B-25910,2026-03-24 01:34:17,2026-04-02 01:34:17,2026-04-04 01:34:17,2,62.62,3,Melbourne,151.59,0.0,
ORD-104038,B2B-99105,2025-11-18 20:44:37,2025-11-25 20:44:37,2025-11-25 20:44:37,0,75.67,3,Brisbane,503.69,0.0,
ORD-104039,B2B-5625,2026-01-23 08:21:54,2026-02-05 08:21:54,2026-01-30 08:21:54,-6,77.52,3,Brisbane,674.77,0.0,
ORD-104040,B2B-88226,2025-11-01 21:07:40,2025-11-13 21:07:40,2025-11-10 21:07:40,-3,87.39,3,Brisbane,836.71,0.0,
ORD-104041,B2B-83025,2026-01-14 02:32:11,2026-01-26 02:32:11,2026-01-30 02:32:11,4,84.13,3,Melbourne,664.33,1.0,Late Delivery
ORD-104042,B2B-59929,2025-10-05 20:27:14,2025-10-16 20:27:14,2025-10-16 20:27:14,0,37.11,3,Perth,145.95,0.0,
ORD-104043,B2B-30703,2025-09-13 11:03:19,2025-09-20 11:03:19,2025-09-21 11:03:19,1,53.29,3,Brisbane,215.86,0.0,
ORD-104044,B2B-90320,2026-03-13 03:46:39,2026-03-24 03:46:39,2026-03-24 03:46:39,0,77.77,7,Brisbane,519.08,0.0,
ORD-104045,B2B-88506,2025-09-07 15:04:42,2025-09-14 15:04:42,2025-09-14 15:04:42,0,67.57,3,Adelaide,379.24,0.0,
ORD-104046,B2B-69495,2025-11-16 10:57:30,2025-11-25 10:57:30,2025-11-26 10:57:30,1,50.42,3,Adelaide,147.01,0.0,
ORD-104047,B2B-72474,2025-10-26 02:08:50,2025-11-09 02:08:50,2025-11-09 02:08:50,0,78.33,7,Melbourne,663.97,0.0,
ORD-104048,B2B-11265,2026-03-08 00:17:04,2026-03-22 00:17:04,2026-03-22 00:17:04,0,56.4,3,Brisbane,241.54,0.0,
ORD-104049,B2B-97673,2026-07-04 02:21:39,2026-07-12 02:21:39,2026-07-15 02:21:39,3,73.8,3,Melbourne,665.56,1.0,Late Delivery
ORD-104050,B2B-86845,2026-03-23 16:04:06,2026-03-30 16:04:06,2026-03-27 16:04:06,-3,61.74,3,Melbourne,198.3,0.0,
ORD-104051,B2B-41230,2026-05-14 00:24:26,2026-05-27 00:24:26,2026-05-26 00:24:26,-1,57.47,3,Adelaide,106.34,0.0,
ORD-104052,B2B-79786,2025-10-16 10:46:43,2025-10-26 10:46:43,2025-10-29 10:46:43,3,77.37,7,Melbourne,588.46,0.0,
ORD-104053,B2B-79534,2025-09-13 11:14:33,2025-09-20 11:14:33,2025-09-21 11:14:33,1,63.84,3,Melbourne,248.84,0.0,
ORD-104054,B2B-45936,2025-12-16 16:41:44,2025-12-27 16:41:44,2025-12-28 16:41:44,1,87.22,3,Perth,315.79,0.0,
ORD-104055,B2B-18051,2025-12-31 14:28:58,2026-01-10 14:28:58,2026-01-08 14:28:58,-2,90.56,3,Melbourne,606.19,0.0,
ORD-104056,B2B-52072,2025-08-10 20:47:23,2025-08-23 20:47:23,2025-08-23 20:47:23,0,70.35,7,Brisbane,696.94,0.0,
ORD-104057,B2B-37533,2025-09-07 22:23:44,2025-09-16 22:23:44,2025-09-14 22:23:44,-2,86.87,3,Melbourne,626.0,0.0,
ORD-104058,B2B-29165,2025-08-07 09:50:10,2025-08-16 09:50:10,2025-08-18 09:50:10,2,50.41,3,Melbourne,23.01,0.0,
ORD-104059,B2B-88750,2026-06-29 22:20:25,2026-07-06 22:20:25,2026-07-09 22:20:25,3,43.72,7,Melbourne,232.31,0.0,
ORD-104060,B2B-52585,2025-10-13 02:56:23,2025-10-25 02:56:23,2025-10-23 02:56:23,-2,68.74,7,Brisbane,496.03,0.0,
ORD-104061,B2B-43536,2025-11-23 03:33:52,2025-11-30 03:33:52,2025-12-03 03:33:52,3,92.03,3,Melbourne,599.85,0.0,
ORD-104062,B2B-97673,2025-10-24 08:24:03,2025-11-06 08:24:03,2025-11-05 08:24:03,-1,91.5,3,Melbourne,665.56,0.0,
ORD-104063,B2B-84142,2025-08-24 16:41:43,2025-09-03 16:41:43,2025-09-05 16:41:43,2,47.93,3,Perth,298.29,1.0,Late Delivery
ORD-104064,B2B-69672,2026-05-08 18:05:47,2026-05-15 18:05:47,2026-05-17 18:05:47,2,59.62,7,Brisbane,117.85,0.0,
ORD-104065,B2B-87928,2026-06-02 16:54:41,2026-06-11 16:54:41,2026-06-08 16:54:41,-3,61.88,3,Perth,293.15,0.0,
ORD-104066,B2B-48337,2025-10-14 21:25:38,2025-10-27 21:25:38,2025-10-30 21:25:38,3,56.91,3,Perth,217.85,0.0,
ORD-104067,B2B-21323,2026-04-02 20:17:26,2026-04-10 20:17:26,2026-04-10 20:17:26,0,58.13,3,Brisbane,105.37,0.0,
ORD-104068,B2B-20421,2026-04-04 03:51:02,2026-04-11 03:51:02,2026-04-18 03:51:02,7,81.37,3,Brisbane,718.6,1.0,Late Delivery
ORD-104069,B2B-55596,2026-05-19 03:52:05,2026-05-26 03:52:05,2026-05-26 03:52:05,0,56.42,3,Brisbane,37.19,0.0,
ORD-104070,B2B-40702,2026-04-22 08:35:53,2026-05-03 08:35:53,2026-05-04 08:35:53,1,58.5,7,Perth,229.26,0.0,
ORD-104071,B2B-93543,2025-12-14 19:45:32,2025-12-27 19:45:32,2025-12-27 19:45:32,0,106.89,7,Adelaide,576.39,0.0,
ORD-104072,B2B-51284,2026-06-06 04:28:08,2026-06-14 04:28:08,2026-06-12 04:28:08,-2,64.3,3,Perth,206.47,0.0,
ORD-104073,B2B-99547,2026-06-23 00:58:08,2026-07-03 00:58:08,2026-07-05 00:58:08,2,30.54,3,Perth,179.33,0.0,
ORD-104074,B2B-88385,2025-12-18 23:28:09,2025-12-27 23:28:09,2025-12-28 23:28:09,1,66.83,3,Melbourne,238.32,0.0,
ORD-104075,B2B-31915,2025-10-21 23:42:37,2025-11-02 23:42:37,2025-11-02 23:42:37,0,81.19,7,Perth,291.96,0.0,
ORD-104076,B2B-51530,2026-05-03 13:33:36,2026-05-12 13:33:36,2026-05-15 13:33:36,3,58.19,3,Brisbane,257.73,1.0,Late Delivery
ORD-104077,B2B-74018,2025-08-27 08:16:04,2025-09-08 08:16:04,2025-09-11 08:16:04,3,87.02,3,Brisbane,437.58,0.0,
ORD-104078,B2B-76481,2026-06-13 21:29:15,2026-06-25 21:29:15,2026-06-25 21:29:15,0,74.38,3,Melbourne,188.56,0.0,
ORD-104079,B2B-41547,2025-10-07 04:49:06,2025-10-21 04:49:06,2025-10-22 04:49:06,1,63.58,3,Brisbane,272.28,0.0,
ORD-104080,B2B-40702,2026-04-23 03:45:22,2026-05-01 03:45:22,2026-05-02 03:45:22,1,57.69,7,Perth,229.26,0.0,
ORD-104081,B2B-5107,2026-07-15 01:22:06,2026-07-24 01:22:06,2026-07-24 01:22:06,0,68.45,7,Brisbane,521.23,0.0,
ORD-104082,B2B-43127,2026-06-03 05:28:22,2026-06-12 05:28:22,2026-06-13 05:28:22,1,75.57,7,Melbourne,363.12,0.0,
ORD-104083,B2B-31938,2025-09-08 03:59:24,2025-09-22 03:59:24,2025-09-24 03:59:24,2,90.0,3,Melbourne,430.15,0.0,
ORD-104084,B2B-70283,2025-11-23 12:37:01,2025-12-01 12:37:01,2025-11-30 12:37:01,-1,82.05,3,Melbourne,878.87,0.0,
ORD-104085,B2B-88998,2026-07-28 23:19:09,2026-08-09 23:19:09,2026-08-09 23:19:09,0,89.48,3,Brisbane,653.07,0.0,
ORD-104086,B2B-3948,2026-04-19 17:54:40,2026-05-01 17:54:40,2026-05-01 17:54:40,0,68.96,3,Melbourne,668.85,0.0,
ORD-104087,B2B-15534,2025-09-02 14:34:47,2025-09-13 14:34:47,2025-09-15 14:34:47,2,71.5,3,Brisbane,688.04,1.0,Late Delivery
ORD-104088,B2B-68135,2026-04-17 19:56:02,2026-04-29 19:56:02,2026-05-03 19:56:02,4,67.3,7,Brisbane,706.94,1.0,Late Delivery
ORD-104089,B2B-30184,2026-05-18 06:12:18,2026-06-01 06:12:18,2026-06-02 06:12:18,1,57.64,7,Brisbane,318.79,0.0,
ORD-104090,B2B-69254,2025-11-20 03:03:38,2025-11-30 03:03:38,2025-11-28 03:03:38,-2,80.95,7,Brisbane,391.86,0.0,
ORD-104091,B2B-15563,2025-10-26 22:05:51,2025-11-03 22:05:51,2025-10-30 22:05:51,-4,74.76,7,Brisbane,559.64,0.0,
ORD-104092,B2B-15429,2026-06-20 08:34:53,2026-06-27 08:34:53,2026-06-30 08:34:53,3,88.84,3,Brisbane,682.84,1.0,Late Delivery
ORD-104093,B2B-45936,2026-06-03 19:28:15,2026-06-11 19:28:15,2026-06-12 19:28:15,1,52.69,3,Perth,315.79,0.0,
ORD-104094,B2B-6754,2025-09-01 02:07:26,2025-09-14 02:07:26,2025-09-15 02:07:26,1,71.43,3,Perth,533.44,0.0,
ORD-104095,B2B-35219,2026-05-03 12:55:36,2026-05-10 12:55:36,2026-05-10 12:55:36,0,78.86,3,Adelaide,290.88,0.0,
ORD-104096,B2B-83416,2025-10-03 17:26:14,2025-10-13 17:26:14,2025-10-14 17:26:14,1,63.32,3,Adelaide,207.08,0.0,
ORD-104097,B2B-29290,2026-05-04 21:40:13,2026-05-13 21:40:13,2026-05-10 21:40:13,-3,84.75,7,Melbourne,739.67,0.0,
ORD-104098,B2B-12858,2026-07-28 21:28:45,2026-08-08 21:28:45,2026-08-07 21:28:45,-1,70.82,7,Brisbane,294.08,0.0,
ORD-104099,B2B-85628,2026-04-12 02:11:07,2026-04-20 02:11:07,2026-04-19 02:11:07,-1,72.41,7,Brisbane,299.31,0.0,
ORD-104100,B2B-83353,2026-02-05 21:57:16,2026-02-14 21:57:16,2026-02-14 21:57:16,0,93.52,3,Melbourne,532.96,0.0,
ORD-104101,B2B-39279,2025-10-07 08:17:16,2025-10-20 08:17:16,2025-10-21 08:17:16,1,53.8,7,Melbourne,220.21,0.0,
ORD-104102,B2B-42595,2025-11-27 23:03:28,2025-12-11 23:03:28,2025-12-13 23:03:28,2,80.34,3,Melbourne,363.92,1.0,Late Delivery
ORD-104103,B2B-83887,2025-08-25 22:25:33,2025-09-01 22:25:33,2025-09-03 22:25:33,2,44.99,7,Brisbane,45.19,0.0,
ORD-104104,B2B-50991,2025-11-26 22:31:02,2025-12-06 22:31:02,2025-12-07 22:31:02,1,68.19,3,Adelaide,152.72,1.0,Late Delivery
ORD-104105,B2B-52738,2026-06-23 12:04:16,2026-07-01 12:04:16,2026-06-29 12:04:16,-2,85.95,3,Brisbane,826.49,0.0,
ORD-104106,B2B-69678,2025-11-04 06:28:25,2025-11-13 06:28:25,2025-11-13 06:28:25,0,51.43,3,Melbourne,207.28,0.0,
ORD-104107,B2B-6304,2025-09-08 18:44:23,2025-09-18 18:44:23,2025-09-15 18:44:23,-3,52.66,3,Brisbane,299.5,0.0,
ORD-104108,B2B-38648,2025-12-03 10:03:06,2025-12-16 10:03:06,2025-12-16 10:03:06,0,44.17,3,Brisbane,104.04,0.0,
ORD-104109,B2B-13926,2026-02-11 00:48:34,2026-02-23 00:48:34,2026-02-21 00:48:34,-2,86.54,3,Brisbane,662.59,0.0,
ORD-104110,B2B-28120,2026-01-16 07:56:51,2026-01-25 07:56:51,2026-01-25 07:56:51,0,83.8,3,Perth,444.72,0.0,
ORD-104111,B2B-31506,2025-10-01 01:09:40,2025-10-11 01:09:40,2025-10-11 01:09:40,0,82.27,7,Brisbane,802.14,0.0,
ORD-104112,B2B-35745,2026-06-05 18:54:11,2026-06-19 18:54:11,2026-06-16 18:54:11,-3,66.52,7,Brisbane,188.89,0.0,
ORD-104113,B2B-12451,2026-06-03 09:24:17,2026-06-16 09:24:17,2026-06-16 09:24:17,0,50.51,3,Brisbane,110.17,0.0,
ORD-104114,B2B-80845,2026-02-07 04:50:31,2026-02-15 04:50:31,2026-02-14 04:50:31,-1,70.63,7,Brisbane,385.64,0.0,
ORD-104115,B2B-70992,2026-07-22 21:02:40,2026-08-01 21:02:40,2026-08-07 21:02:40,6,48.47,7,Melbourne,154.1,0.0,
ORD-104116,B2B-52943,2026-04-05 10:14:08,2026-04-15 10:14:08,2026-04-13 10:14:08,-2,87.86,7,Melbourne,856.21,0.0,
ORD-104117,B2B-51328,2026-07-16 09:42:21,2026-07-24 09:42:21,2026-07-24 09:42:21,0,85.38,3,Brisbane,571.61,0.0,
ORD-104118,B2B-52106,2025-09-15 08:12:48,2025-09-27 08:12:48,2025-09-27 08:12:48,0,99.5,3,Brisbane,665.15,0.0,
ORD-104119,B2B-36874,2026-05-28 18:22:21,2026-06-04 18:22:21,2026-06-06 18:22:21,2,54.78,3,Brisbane,580.4,1.0,Late Delivery
ORD-104120,B2B-58412,2026-04-22 05:59:50,2026-05-06 05:59:50,2026-05-05 05:59:50,-1,93.46,7,Adelaide,543.27,0.0,
ORD-104121,B2B-40702,2026-04-01 00:57:35,2026-04-12 00:57:35,2026-04-13 00:57:35,1,71.81,7,Perth,229.26,0.0,
ORD-104122,B2B-55547,2026-07-12 14:56:13,2026-07-26 14:56:13,2026-07-25 14:56:13,-1,70.54,3,Melbourne,437.05,0.0,
ORD-104123,B2B-96462,2026-07-27 05:59:38,2026-08-10 05:59:38,2026-08-10 05:59:38,0,63.52,3,Brisbane,172.15,0.0,
ORD-104124,B2B-68919,2026-06-19 23:29:47,2026-07-01 23:29:47,2026-07-02 23:29:47,1,62.49,7,Adelaide,182.23,1.0,Late Delivery
ORD-104125,B2B-24203,2026-05-13 19:43:11,2026-05-20 19:43:11,2026-05-19 19:43:11,-1,59.77,3,Brisbane,156.46,0.0,
ORD-104126,B2B-24999,2025-11-02 02:57:11,2025-11-12 02:57:11,2025-11-15 02:57:11,3,70.03,7,Melbourne,573.77,0.0,
ORD-104127,B2B-52738,2026-03-02 17:04:44,2026-03-12 17:04:44,2026-03-11 17:04:44,-1,89.24,3,Brisbane,826.49,0.0,
ORD-104128,B2B-68087,2026-02-02 08:53:29,2026-02-16 08:53:29,2026-02-17 08:53:29,1,54.91,7,Adelaide,89.38,0.0,
ORD-104129,B2B-21323,2025-11-09 11:28:03,2025-11-16 11:28:03,2025-11-20 11:28:03,4,50.88,3,Brisbane,105.37,1.0,Late Delivery
ORD-104130,B2B-5208,2025-11-26 07:41:49,2025-12-04 07:41:49,2025-12-06 07:41:49,2,72.31,3,Brisbane,483.35,0.0,
ORD-104131,B2B-83353,2026-04-19 11:06:08,2026-04-26 11:06:08,2026-04-24 11:06:08,-2,89.8,3,Melbourne,532.96,0.0,
ORD-104132,B2B-23833,2026-04-25 01:04:00,2026-05-08 01:04:00,2026-05-10 01:04:00,2,68.33,3,Melbourne,421.56,0.0,
ORD-104133,B2B-79642,2025-10-01 19:40:56,2025-10-09 19:40:56,2025-10-12 19:40:56,3,77.84,3,Melbourne,606.95,0.0,
ORD-104134,B2B-36771,2026-04-01 10:10:43,2026-04-10 10:10:43,2026-04-09 10:10:43,-1,73.16,3,Brisbane,443.33,0.0,
ORD-104135,B2B-56377,2025-11-03 11:57:58,2025-11-17 11:57:58,2025-11-21 11:57:58,4,79.74,3,Perth,536.78,0.0,
ORD-104136,B2B-44861,2026-06-19 03:20:51,2026-06-28 03:20:51,2026-06-28 03:20:51,0,55.62,3,Perth,329.47,0.0,
ORD-104137,B2B-86006,2026-03-06 03:03:16,2026-03-19 03:03:16,2026-03-20 03:03:16,1,99.99,3,Melbourne,700.53,0.0,
ORD-104138,B2B-65084,2026-05-23 00:40:55,2026-06-01 00:40:55,2026-05-31 00:40:55,-1,51.04,7,Brisbane,218.58,0.0,
ORD-104139,B2B-59929,2025-10-23 08:29:49,2025-11-04 08:29:49,2025-11-06 08:29:49,2,51.36,3,Perth,145.95,0.0,
ORD-104140,B2B-71568,2026-05-21 14:07:51,2026-05-29 14:07:51,2026-05-26 14:07:51,-3,77.46,3,Perth,305.9,0.0,
ORD-104141,B2B-84058,2025-10-30 16:08:00,2025-11-08 16:08:00,2025-11-12 16:08:00,4,80.32,3,Brisbane,322.72,0.0,
ORD-104142,B2B-59929,2026-06-20 05:38:00,2026-07-02 05:38:00,2026-07-02 05:38:00,0,60.31,3,Perth,145.95,0.0,
ORD-104143,B2B-13005,2025-10-22 22:11:31,2025-10-31 22:11:31,2025-10-27 22:11:31,-4,60.97,3,Melbourne,364.43,0.0,
ORD-104144,B2B-5208,2026-03-22 21:16:46,2026-03-29 21:16:46,2026-03-29 21:16:46,0,77.39,3,Brisbane,483.35,0.0,
ORD-104145,B2B-96173,2026-05-15 18:22:25,2026-05-26 18:22:25,2026-05-26 18:22:25,0,76.27,3,Melbourne,452.85,0.0,
ORD-104146,B2B-88998,2026-03-01 06:59:33,2026-03-15 06:59:33,2026-03-08 06:59:33,-7,75.63,3,Brisbane,653.07,1.0,Quality Issue
ORD-104147,B2B-56377,2025-10-11 10:03:07,2025-10-22 10:03:07,2025-10-20 10:03:07,-2,81.5,3,Perth,536.78,0.0,
ORD-104148,B2B-79028,2025-12-10 15:50:24,2025-12-18 15:50:24,2025-12-18 15:50:24,0,89.66,3,Adelaide,466.94,0.0,
ORD-104149,B2B-5218,2026-03-07 21:55:31,2026-03-21 21:55:31,2026-03-21 21:55:31,0,61.07,3,Brisbane,370.92,0.0,
ORD-104150,B2B-92368,2025-09-23 01:32:58,2025-10-07 01:32:58,2025-10-08 01:32:58,1,68.03,3,Brisbane,113.13,0.0,
ORD-104151,B2B-4952,2025-08-23 09:01:09,2025-08-30 09:01:09,2025-08-30 09:01:09,0,55.88,3,Brisbane,366.81,0.0,
ORD-104152,B2B-75395,2025-09-01 06:29:58,2025-09-09 06:29:58,2025-09-10 06:29:58,1,51.11,7,Brisbane,95.08,0.0,
ORD-104153,B2B-96594,2026-03-04 22:55:24,2026-03-15 22:55:24,2026-03-15 22:55:24,0,43.35,7,Adelaide,317.48,0.0,
ORD-104154,B2B-78955,2025-11-04 23:57:42,2025-11-11 23:57:42,2025-11-11 23:57:42,0,55.45,3,Adelaide,132.63,0.0,
ORD-104155,B2B-26090,2026-01-24 07:55:29,2026-02-03 07:55:29,2026-02-04 07:55:29,1,84.92,7,Melbourne,685.13,0.0,
ORD-104156,B2B-86270,2025-09-02 05:13:34,2025-09-15 05:13:34,2025-09-13 05:13:34,-2,75.71,3,Melbourne,535.47,0.0,
ORD-104157,B2B-54897,2026-06-28 04:56:34,2026-07-10 04:56:34,2026-07-13 04:56:34,3,69.97,3,Melbourne,287.59,0.0,
ORD-104158,B2B-24126,2025-09-26 12:13:08,2025-10-05 12:13:08,2025-10-07 12:13:08,2,63.99,3,Adelaide,180.35,0.0,
ORD-104159,B2B-5218,2025-09-26 20:36:53,2025-10-06 20:36:53,2025-10-03 20:36:53,-3,70.59,3,Brisbane,370.92,0.0,
ORD-104160,B2B-70116,2026-03-18 23:59:32,2026-03-31 23:59:32,2026-03-27 23:59:32,-4,62.05,7,Brisbane,289.27,0.0,
ORD-104161,B2B-21097,2026-02-02 03:24:42,2026-02-16 03:24:42,2026-02-23 03:24:42,7,64.36,3,Melbourne,138.29,1.0,Late Delivery
ORD-104162,B2B-2258,2025-12-14 13:56:38,2025-12-23 13:56:38,2025-12-23 13:56:38,0,79.67,3,Brisbane,331.68,0.0,
ORD-104163,B2B-45159,2025-10-20 20:34:40,2025-10-29 20:34:40,2025-10-31 20:34:40,2,67.77,3,Melbourne,438.13,0.0,
ORD-104164,B2B-77482,2026-02-09 02:59:34,2026-02-23 02:59:34,2026-02-23 02:59:34,0,51.39,7,Melbourne,132.64,0.0,
ORD-104165,B2B-69665,2026-02-01 15:02:17,2026-02-13 15:02:17,2026-02-13 15:02:17,0,89.63,3,Melbourne,585.98,0.0,
ORD-104166,B2B-42641,2025-08-14 07:27:51,2025-08-27 07:27:51,2025-08-28 07:27:51,1,52.6,3,Melbourne,304.19,0.0,
ORD-104167,B2B-36364,2025-10-15 14:30:00,2025-10-28 14:30:00,2025-10-29 14:30:00,1,82.25,3,Brisbane,450.6,0.0,
ORD-104168,B2B-73752,2026-07-11 19:46:32,2026-07-24 19:46:32,2026-07-22 19:46:32,-2,72.54,7,Perth,578.14,0.0,
ORD-104169,B2B-28109,2025-12-19 10:51:03,2025-12-28 10:51:03,2025-12-29 10:51:03,1,55.97,7,Melbourne,53.68,0.0,
ORD-104170,B2B-54945,2026-03-05 08:54:36,2026-03-18 08:54:36,2026-03-14 08:54:36,-4,52.0,7,Brisbane,251.33,0.0,
ORD-104171,B2B-56560,2026-07-25 12:57:09,2026-08-02 12:57:09,2026-08-02 12:57:09,0,57.01,3,Brisbane,103.28,0.0,
ORD-104172,B2B-40839,2025-09-23 12:00:42,2025-09-30 12:00:42,2025-09-29 12:00:42,-1,60.04,3,Brisbane,148.87,0.0,
ORD-104173,B2B-46372,2026-05-02 23:56:45,2026-05-14 23:56:45,2026-05-15 23:56:45,1,87.06,3,Melbourne,848.56,0.0,
ORD-104174,B2B-70880,2025-12-06 22:18:15,2025-12-15 22:18:15,2025-12-13 22:18:15,-2,71.64,3,Brisbane,644.27,0.0,
ORD-104175,B2B-70481,2026-05-11 15:20:05,2026-05-25 15:20:05,2026-05-27 15:20:05,2,74.07,7,Melbourne,569.0,0.0,
ORD-104176,B2B-70880,2026-02-03 07:43:42,2026-02-14 07:43:42,2026-02-12 07:43:42,-2,93.89,3,Brisbane,644.27,0.0,
ORD-104177,B2B-17740,2025-09-24 23:53:38,2025-10-07 23:53:38,2025-10-03 23:53:38,-4,51.39,3,Perth,162.38,0.0,
ORD-104178,B2B-72474,2025-09-07 09:06:41,2025-09-18 09:06:41,2025-09-22 09:06:41,4,82.57,7,Melbourne,663.97,0.0,
ORD-104179,B2B-77562,2026-06-14 19:47:41,2026-06-23 19:47:41,2026-06-23 19:47:41,0,85.91,7,Perth,194.73,0.0,
ORD-104180,B2B-26090,2025-12-09 02:29:30,2025-12-21 02:29:30,2025-12-23 02:29:30,2,75.13,7,Melbourne,685.13,0.0,
ORD-104181,B2B-22162,2026-03-02 02:34:06,2026-03-16 02:34:06,2026-03-20 02:34:06,4,81.3,3,Melbourne,263.03,1.0,Late Delivery
ORD-104182,B2B-77661,2025-12-31 00:27:22,2026-01-12 00:27:22,2026-01-10 00:27:22,-2,93.44,3,Melbourne,852.66,0.0,
ORD-104183,B2B-69672,2025-09-28 07:53:30,2025-10-12 07:53:30,2025-10-12 07:53:30,0,50.84,7,Brisbane,117.85,0.0,
ORD-104184,B2B-88555,2026-02-24 10:41:17,2026-03-07 10:41:17,2026-03-09 10:41:17,2,77.5,3,Brisbane,560.64,0.0,
ORD-104185,B2B-17175,2025-08-30 15:12:26,2025-09-12 15:12:26,2025-09-14 15:12:26,2,88.06,3,Melbourne,699.29,1.0,Late Delivery
ORD-104186,B2B-46372,2025-10-03 07:06:49,2025-10-11 07:06:49,2025-10-12 07:06:49,1,105.6,3,Melbourne,848.56,0.0,
ORD-104187,B2B-47096,2025-08-05 03:07:05,2025-08-12 03:07:05,2025-08-12 03:07:05,0,64.29,3,Brisbane,91.69,0.0,
ORD-104188,B2B-16185,2026-06-27 02:59:34,2026-07-10 02:59:34,2026-07-07 02:59:34,-3,65.37,3,Melbourne,106.42,0.0,
ORD-104189,B2B-83884,2026-07-23 08:27:26,2026-08-02 08:27:26,2026-08-04 08:27:26,2,62.04,7,Perth,339.04,0.0,
ORD-104190,B2B-42372,2026-05-24 14:51:51,2026-06-03 14:51:51,2026-06-02 14:51:51,-1,47.34,3,Melbourne,306.08,0.0,
ORD-104191,B2B-48337,2025-12-17 12:22:06,2025-12-24 12:22:06,2025-12-24 12:22:06,0,66.43,3,Perth,217.85,0.0,
ORD-104192,B2B-80380,2026-03-25 06:59:04,2026-04-06 06:59:04,2026-04-09 06:59:04,3,89.59,3,Adelaide,545.83,1.0,Late Delivery
ORD-104193,B2B-5107,2026-05-20 07:18:10,2026-06-01 07:18:10,2026-06-05 07:18:10,4,77.1,7,Brisbane,521.23,0.0,
ORD-104194,B2B-21663,2026-04-16 16:41:58,2026-04-25 16:41:58,2026-04-25 16:41:58,0,77.04,7,Perth,430.53,0.0,
ORD-104195,B2B-90471,2026-05-26 17:34:32,2026-06-02 17:34:32,2026-06-06 17:34:32,4,85.58,3,Brisbane,681.93,1.0,Late Delivery
ORD-104196,B2B-95842,2025-09-19 21:35:58,2025-09-27 21:35:58,2025-09-27 21:35:58,0,96.85,3,Brisbane,492.01,0.0,
ORD-104197,B2B-75752,2026-05-26 15:58:15,2026-06-03 15:58:15,2026-06-03 15:58:15,0,64.62,3,Brisbane,434.83,0.0,
ORD-104198,B2B-88726,2025-07-31 15:57:53,2025-08-10 15:57:53,2025-08-09 15:57:53,-1,94.21,3,Adelaide,442.26,0.0,
ORD-104199,B2B-37007,2025-08-30 22:45:08,2025-09-08 22:45:08,2025-09-03 22:45:08,-5,67.5,3,Adelaide,369.48,0.0,
ORD-104200,B2B-86225,2025-11-08 16:23:59,2025-11-15 16:23:59,2025-11-14 16:23:59,-1,70.35,3,Perth,237.6,0.0,
ORD-104201,B2B-4919,2026-05-03 20:55:27,2026-05-16 20:55:27,2026-05-16 20:55:27,0,49.94,3,Perth,100.95,0.0,
ORD-104202,B2B-13496,2025-09-27 09:39:42,2025-10-09 09:39:42,2025-10-11 09:39:42,2,79.8,3,Melbourne,404.5,0.0,
ORD-104203,B2B-65412,2026-02-05 08:35:20,2026-02-14 08:35:20,2026-02-16 08:35:20,2,49.56,3,Adelaide,368.85,1.0,Late Delivery
ORD-104204,B2B-69665,2026-02-20 08:00:54,2026-03-05 08:00:54,2026-03-04 08:00:54,-1,77.73,3,Melbourne,585.98,0.0,
ORD-104205,B2B-56377,2025-08-30 05:46:14,2025-09-06 05:46:14,2025-09-06 05:46:14,0,77.95,3,Perth,536.78,1.0,Quality Issue
ORD-104206,B2B-93543,2026-03-13 17:06:11,2026-03-24 17:06:11,2026-03-27 17:06:11,3,89.49,7,Adelaide,576.39,0.0,
ORD-104207,B2B-42372,2026-04-20 11:16:11,2026-05-02 11:16:11,2026-05-06 11:16:11,4,77.4,3,Melbourne,306.08,1.0,Late Delivery
ORD-104208,B2B-10100,2026-03-31 10:39:07,2026-04-10 10:39:07,2026-04-12 10:39:07,2,65.37,3,Perth,132.58,0.0,
ORD-104209,B2B-27599,2025-09-27 23:10:44,2025-10-08 23:10:44,2025-10-06 23:10:44,-2,81.59,3,Brisbane,705.12,0.0,
ORD-104210,B2B-12172,2026-04-07 10:58:30,2026-04-16 10:58:30,2026-04-16 10:58:30,0,74.89,7,Brisbane,499.33,0.0,
ORD-104211,B2B-582,2026-06-21 19:32:01,2026-07-05 19:32:01,2026-07-04 19:32:01,-1,73.31,3,Perth,244.06,0.0,
ORD-104212,B2B-37132,2025-09-15 16:05:23,2025-09-24 16:05:23,2025-09-29 16:05:23,5,92.29,7,Melbourne,667.08,0.0,
ORD-104213,B2B-80146,2026-02-14 23:25:42,2026-02-21 23:25:42,2026-02-27 23:25:42,6,93.81,7,Melbourne,723.44,1.0,Late Delivery
ORD-104214,B2B-24922,2026-02-10 23:11:48,2026-02-18 23:11:48,2026-02-18 23:11:48,0,82.19,7,Melbourne,637.48,0.0,
ORD-104215,B2B-2773,2025-12-16 10:26:06,2025-12-25 10:26:06,2025-12-25 10:26:06,0,68.81,3,Perth,223.95,0.0,
ORD-104216,B2B-19402,2026-06-12 23:47:45,2026-06-20 23:47:45,2026-06-19 23:47:45,-1,76.54,7,Brisbane,198.91,0.0,
ORD-104217,B2B-90351,2026-05-26 09:13:50,2026-06-04 09:13:50,2026-06-05 09:13:50,1,58.3,7,Perth,64.85,0.0,
ORD-104218,B2B-40535,2026-06-25 17:28:34,2026-07-04 17:28:34,2026-07-04 17:28:34,0,102.61,3,Brisbane,625.16,0.0,
ORD-104219,B2B-67196,2026-03-13 13:23:04,2026-03-26 13:23:04,2026-03-25 13:23:04,-1,53.72,7,Brisbane,206.28,0.0,
ORD-104220,B2B-51328,2025-08-08 02:56:23,2025-08-15 02:56:23,2025-08-15 02:56:23,0,73.36,3,Brisbane,571.61,0.0,
ORD-104221,B2B-6492,2025-12-18 22:53:57,2025-12-25 22:53:57,2025-12-24 22:53:57,-1,46.58,3,Brisbane,348.96,0.0,
ORD-104222,B2B-35745,2026-04-26 18:18:23,2026-05-09 18:18:23,2026-05-08 18:18:23,-1,57.34,7,Brisbane,188.89,0.0,
ORD-104223,B2B-17740,2026-01-29 10:04:37,2026-02-08 10:04:37,2026-02-08 10:04:37,0,56.67,3,Perth,162.38,0.0,
ORD-104224,B2B-98544,2025-08-12 11:16:00,2025-08-23 11:16:00,2025-08-22 11:16:00,-1,82.8,7,Perth,332.42,0.0,
ORD-104225,B2B-43536,2026-05-06 10:08:37,2026-05-16 10:08:37,2026-05-16 10:08:37,0,70.69,3,Melbourne,599.85,0.0,
ORD-104226,B2B-80489,2026-07-18 13:41:55,2026-07-29 13:41:55,2026-07-29 13:41:55,0,93.72,3,Brisbane,668.13,0.0,
ORD-104227,B2B-89419,2025-12-30 21:24:48,2026-01-10 21:24:48,2026-01-08 21:24:48,-2,71.5,7,Perth,495.82,0.0,
ORD-104228,B2B-79866,2026-06-25 09:54:57,2026-07-08 09:54:57,2026-07-07 09:54:57,-1,71.3,3,Perth,122.78,0.0,
ORD-104229,B2B-74695,2026-06-17 11:20:06,2026-06-30 11:20:06,2026-07-01 11:20:06,1,93.62,3,Melbourne,672.08,0.0,
ORD-104230,B2B-16719,2025-08-30 08:17:17,2025-09-12 08:17:17,2025-09-12 08:17:17,0,61.42,7,Perth,326.27,0.0,
ORD-104231,B2B-11848,2026-06-06 00:10:30,2026-06-18 00:10:30,2026-06-19 00:10:30,1,76.25,3,Melbourne,509.37,0.0,
ORD-104232,B2B-21541,2025-10-07 23:46:16,2025-10-15 23:46:16,2025-10-18 23:46:16,3,58.77,3,Adelaide,112.75,0.0,
ORD-104233,B2B-85628,2026-01-16 16:47:14,2026-01-24 16:47:14,2026-01-24 16:47:14,0,56.63,7,Brisbane,299.31,0.0,
ORD-104234,B2B-12451,2026-02-07 10:06:50,2026-02-18 10:06:50,2026-02-20 10:06:50,2,63.47,3,Brisbane,110.17,0.0,
ORD-104235,B2B-44847,2025-10-27 05:54:52,2025-11-10 05:54:52,2025-11-08 05:54:52,-2,62.98,7,Melbourne,130.12,0.0,
ORD-104236,B2B-532,2026-02-06 19:26:22,2026-02-16 19:26:22,2026-02-16 19:26:22,0,44.71,7,Adelaide,57.73,1.0,Quality Issue
ORD-104237,B2B-99547,2026-01-03 07:32:59,2026-01-15 07:32:59,2026-01-15 07:32:59,0,43.49,3,Perth,179.33,0.0,
ORD-104238,B2B-44861,2025-11-26 05:47:40,2025-12-08 05:47:40,2025-12-09 05:47:40,1,54.25,3,Perth,329.47,0.0,
ORD-104239,B2B-95375,2025-08-11 13:56:24,2025-08-25 13:56:24,2025-08-26 13:56:24,1,34.21,3,Perth,62.32,0.0,
ORD-104240,B2B-55207,2025-11-22 19:39:31,2025-12-03 19:39:31,2025-12-04 19:39:31,1,69.67,3,Brisbane,245.68,0.0,
ORD-104241,B2B-99085,2025-12-21 17:53:54,2026-01-03 17:53:54,2026-01-07 17:53:54,4,79.84,7,Melbourne,721.6,0.0,
ORD-104242,B2B-73618,2026-03-29 04:48:24,2026-04-06 04:48:24,2026-04-07 04:48:24,1,45.3,3,Perth,263.71,0.0,
ORD-104243,B2B-92368,2026-05-03 21:48:10,2026-05-12 21:48:10,2026-05-12 21:48:10,0,28.36,3,Brisbane,113.13,0.0,
ORD-104244,B2B-89892,2025-09-04 20:46:29,2025-09-14 20:46:29,2025-09-10 20:46:29,-4,66.74,3,Melbourne,259.72,0.0,
ORD-104245,B2B-52871,2026-01-28 08:48:36,2026-02-10 08:48:36,2026-02-11 08:48:36,1,55.68,3,Melbourne,625.46,0.0,
ORD-104246,B2B-76363,2026-07-19 13:49:00,2026-08-01 13:49:00,2026-08-01 13:49:00,0,73.79,7,Melbourne,555.75,0.0,
ORD-104247,B2B-85301,2025-10-03 23:26:27,2025-10-15 23:26:27,2025-10-13 23:26:27,-2,41.33,7,Brisbane,149.09,0.0,
ORD-104248,B2B-5625,2026-04-02 08:10:06,2026-04-12 08:10:06,2026-04-12 08:10:06,0,63.3,3,Brisbane,674.77,0.0,
ORD-104249,B2B-36134,2026-07-23 11:00:40,2026-08-02 11:00:40,2026-08-03 11:00:40,1,44.56,7,Adelaide,79.29,1.0,Late Delivery
ORD-104250,B2B-76456,2026-05-12 10:31:44,2026-05-26 10:31:44,2026-05-29 10:31:44,3,72.08,3,Adelaide,487.84,0.0,
ORD-104251,B2B-34427,2026-04-21 19:45:28,2026-04-29 19:45:28,2026-04-29 19:45:28,0,70.55,3,Brisbane,212.11,0.0,
ORD-104252,B2B-58097,2025-09-02 00:14:31,2025-09-13 00:14:31,2025-09-13 00:14:31,0,78.37,3,Melbourne,527.36,0.0,
ORD-104253,B2B-70994,2026-03-31 03:06:41,2026-04-12 03:06:41,2026-04-12 03:06:41,0,80.63,7,Melbourne,301.53,0.0,
ORD-104254,B2B-70994,2026-03-14 17:47:39,2026-03-24 17:47:39,2026-03-25 17:47:39,1,59.92,7,Melbourne,301.53,0.0,
ORD-104255,B2B-8853,2025-11-28 04:50:44,2025-12-10 04:50:44,2025-12-12 04:50:44,2,55.33,7,Melbourne,432.38,0.0,
ORD-104256,B2B-79866,2025-08-11 09:37:54,2025-08-23 09:37:54,2025-08-23 09:37:54,0,71.5,3,Perth,122.78,0.0,
ORD-104257,B2B-30192,2025-09-11 21:47:02,2025-09-18 21:47:02,2025-09-18 21:47:02,0,100.86,7,Melbourne,660.18,0.0,
ORD-104258,B2B-70586,2026-06-13 16:55:08,2026-06-26 16:55:08,2026-06-26 16:55:08,0,72.22,7,Adelaide,271.32,0.0,
ORD-104259,B2B-73752,2026-06-05 07:10:53,2026-06-16 07:10:53,2026-06-16 07:10:53,0,73.95,7,Perth,578.14,0.0,
ORD-104260,B2B-74684,2026-01-03 03:23:15,2026-01-16 03:23:15,2026-01-12 03:23:15,-4,81.11,3,Brisbane,548.73,0.0,
ORD-104261,B2B-84509,2025-11-28 10:39:58,2025-12-07 10:39:58,2025-12-09 10:39:58,2,61.71,3,Brisbane,417.09,0.0,
ORD-104262,B2B-99069,2025-11-25 21:29:00,2025-12-08 21:29:00,2025-12-10 21:29:00,2,86.17,3,Brisbane,505.28,0.0,
ORD-104263,B2B-21647,2026-05-23 01:09:27,2026-06-05 01:09:27,2026-06-05 01:09:27,0,52.66,3,Perth,378.29,0.0,
ORD-104264,B2B-41761,2026-01-08 21:05:38,2026-01-18 21:05:38,2026-01-22 21:05:38,4,44.87,3,Adelaide,248.81,1.0,Late Delivery
ORD-104265,B2B-28120,2026-03-24 23:18:13,2026-04-06 23:18:13,2026-04-04 23:18:13,-2,77.11,3,Perth,444.72,0.0,
ORD-104266,B2B-17835,2025-12-22 14:01:07,2026-01-02 14:01:07,2025-12-29 14:01:07,-4,53.21,3,Brisbane,516.94,0.0,
ORD-104267,B2B-35806,2025-10-30 00:08:30,2025-11-13 00:08:30,2025-11-13 00:08:30,0,59.54,3,Adelaide,167.05,0.0,
ORD-104268,B2B-80380,2025-09-07 04:29:07,2025-09-21 04:29:07,2025-09-21 04:29:07,0,94.19,3,Adelaide,545.83,0.0,
ORD-104269,B2B-14161,2025-12-30 03:17:07,2026-01-07 03:17:07,2026-01-06 03:17:07,-1,47.67,3,Perth,220.42,0.0,
ORD-104270,B2B-41178,2025-08-05 16:25:39,2025-08-13 16:25:39,2025-08-11 16:25:39,-2,68.52,3,Perth,124.26,0.0,
ORD-104271,B2B-77707,2025-11-16 06:10:59,2025-11-30 06:10:59,2025-11-30 06:10:59,0,49.99,3,Melbourne,132.1,0.0,
ORD-104272,B2B-1563,2025-09-09 22:39:48,2025-09-19 22:39:48,2025-09-17 22:39:48,-2,61.98,3,Adelaide,182.02,0.0,
ORD-104273,B2B-82260,2026-04-30 09:46:52,2026-05-07 09:46:52,2026-05-09 09:46:52,2,75.59,7,Melbourne,634.11,0.0,
ORD-104274,B2B-21723,2025-12-25 14:33:49,2026-01-08 14:33:49,2026-01-07 14:33:49,-1,68.69,7,Perth,128.61,0.0,
ORD-104275,B2B-96594,2026-06-05 15:04:53,2026-06-17 15:04:53,2026-06-17 15:04:53,0,60.2,7,Adelaide,317.48,0.0,
ORD-104276,B2B-83353,2025-09-19 00:33:55,2025-09-30 00:33:55,2025-09-28 00:33:55,-2,76.21,3,Melbourne,532.96,0.0,
ORD-104277,B2B-38648,2026-04-24 05:29:02,2026-05-03 05:29:02,2026-05-03 05:29:02,0,51.89,3,Brisbane,104.04,0.0,
ORD-104278,B2B-70283,2026-03-29 16:17:44,2026-04-05 16:17:44,2026-04-05 16:17:44,0,98.03,3,Melbourne,878.87,0.0,
ORD-104279,B2B-69495,2025-09-28 18:24:33,2025-10-12 18:24:33,2025-10-12 18:24:33,0,89.19,3,Adelaide,147.01,0.0,
ORD-104280,B2B-88360,2026-06-24 03:57:56,2026-07-05 03:57:56,2026-07-08 03:57:56,3,42.28,7,Brisbane,120.26,0.0,
ORD-104281,B2B-9589,2026-07-18 17:15:31,2026-07-29 17:15:31,2026-07-26 17:15:31,-3,66.89,3,Brisbane,646.64,0.0,
ORD-104282,B2B-79028,2026-06-07 16:30:17,2026-06-14 16:30:17,2026-06-14 16:30:17,0,63.17,3,Adelaide,466.94,0.0,
ORD-104283,B2B-86465,2025-11-15 14:48:04,2025-11-28 14:48:04,2025-11-27 14:48:04,-1,86.82,7,Brisbane,662.66,0.0,
ORD-104284,B2B-2773,2026-03-15 10:50:02,2026-03-23 10:50:02,2026-03-24 10:50:02,1,67.41,3,Perth,223.95,0.0,
ORD-104285,B2B-76411,2025-11-09 21:33:10,2025-11-22 21:33:10,2025-11-20 21:33:10,-2,90.48,3,Melbourne,806.71,0.0,
ORD-104286,B2B-82861,2026-07-04 12:23:46,2026-07-14 12:23:46,2026-07-11 12:23:46,-3,67.17,7,Brisbane,269.58,0.0,
ORD-104287,B2B-72214,2025-08-07 15:45:25,2025-08-19 15:45:25,2025-08-20 15:45:25,1,68.1,3,Melbourne,211.97,0.0,
ORD-104288,B2B-70116,2026-02-01 10:14:56,2026-02-13 10:14:56,2026-02-13 10:14:56,0,70.43,7,Brisbane,289.27,0.0,
ORD-104289,B2B-70994,2026-07-10 01:41:55,2026-07-24 01:41:55,2026-07-24 01:41:55,0,78.2,7,Melbourne,301.53,0.0,
ORD-104290,B2B-93209,2026-01-18 02:50:26,2026-02-01 02:50:26,2026-02-03 02:50:26,2,53.83,3,Perth,214.25,0.0,
ORD-104291,B2B-23088,2025-12-20 00:10:13,2025-12-30 00:10:13,2025-12-26 00:10:13,-4,39.25,3,Brisbane,52.74,0.0,
ORD-104292,B2B-7824,2026-03-25 10:01:34,2026-04-05 10:01:34,2026-04-05 10:01:34,0,78.05,3,Brisbane,603.55,0.0,
ORD-104293,B2B-79534,2026-04-23 22:39:00,2026-05-07 22:39:00,2026-05-07 22:39:00,0,76.63,3,Melbourne,248.84,0.0,
ORD-104294,B2B-20130,2026-04-27 11:38:01,2026-05-08 11:38:01,2026-05-10 11:38:01,2,51.16,7,Adelaide,297.52,0.0,
ORD-104295,B2B-65273,2025-09-07 20:52:02,2025-09-14 20:52:02,2025-09-13 20:52:02,-1,72.66,3,Melbourne,526.64,0.0,
ORD-104296,B2B-99480,2026-03-07 10:17:01,2026-03-17 10:17:01,2026-03-16 10:17:01,-1,87.08,3,Perth,448.58,0.0,
ORD-104297,B2B-68467,2026-04-23 14:05:55,2026-05-05 14:05:55,2026-05-05 14:05:55,0,63.17,3,Brisbane,288.51,0.0,
ORD-104298,B2B-78279,2026-04-10 03:20:53,2026-04-24 03:20:53,2026-04-21 03:20:53,-3,40.77,3,Adelaide,40.95,0.0,
ORD-104299,B2B-54346,2025-12-23 13:01:46,2026-01-02 13:01:46,2026-01-04 13:01:46,2,79.48,7,Melbourne,648.51,0.0,
ORD-104300,B2B-12858,2025-09-17 14:09:23,2025-09-28 14:09:23,2025-09-28 14:09:23,0,53.89,7,Brisbane,294.08,0.0,
ORD-104301,B2B-21323,2026-04-25 08:51:29,2026-05-08 08:51:29,2026-05-07 08:51:29,-1,59.83,3,Brisbane,105.37,0.0,
ORD-104302,B2B-18221,2026-01-29 14:52:23,2026-02-05 14:52:23,2026-02-05 14:52:23,0,48.96,3,Perth,348.44,0.0,
ORD-104303,B2B-77661,2026-06-23 14:59:29,2026-06-30 14:59:29,2026-07-01 14:59:29,1,75.28,3,Melbourne,852.66,0.0,
ORD-104304,B2B-824,2026-03-31 00:06:23,2026-04-07 00:06:23,2026-04-07 00:06:23,0,84.92,7,Brisbane,210.68,0.0,
ORD-104305,B2B-79642,2025-12-28 17:29:56,2026-01-08 17:29:56,2026-01-07 17:29:56,-1,71.13,3,Melbourne,606.95,0.0,
ORD-104306,B2B-35745,2025-11-08 17:01:54,2025-11-22 17:01:54,2025-11-22 17:01:54,0,52.35,7,Brisbane,188.89,0.0,
ORD-104307,B2B-97276,2025-08-15 14:26:18,2025-08-23 14:26:18,2025-08-27 14:26:18,4,60.48,3,Brisbane,198.51,0.0,
ORD-104308,B2B-41706,2025-12-04 03:32:57,2025-12-18 03:32:57,2025-12-17 03:32:57,-1,51.6,7,Adelaide,65.65,0.0,
ORD-104309,B2B-99045,2026-06-21 12:51:03,2026-07-01 12:51:03,2026-07-02 12:51:03,1,85.98,3,Melbourne,685.6,0.0,
ORD-104310,B2B-76983,2026-06-02 09:33:57,2026-06-11 09:33:57,2026-06-12 09:33:57,1,59.07,7,Brisbane,167.27,0.0,
ORD-104311,B2B-13363,2025-11-03 18:18:22,2025-11-15 18:18:22,2025-11-19 18:18:22,4,71.47,3,Perth,167.98,0.0,
ORD-104312,B2B-16876,2025-08-15 07:09:03,2025-08-25 07:09:03,2025-08-25 07:09:03,0,82.15,3,Brisbane,560.95,0.0,
ORD-104313,B2B-28688,2026-01-27 03:28:15,2026-02-09 03:28:15,2026-02-10 03:28:15,1,76.62,3,Perth,477.49,1.0,Late Delivery
ORD-104314,B2B-68467,2026-05-15 11:19:01,2026-05-28 11:19:01,2026-06-02 11:19:01,5,65.79,3,Brisbane,288.51,1.0,Late Delivery
ORD-104315,B2B-41178,2026-01-07 15:51:19,2026-01-17 15:51:19,2026-01-19 15:51:19,2,55.51,3,Perth,124.26,0.0,
ORD-104316,B2B-19407,2026-04-01 04:09:21,2026-04-11 04:09:21,2026-04-12 04:09:21,1,43.04,3,Perth,308.14,0.0,
ORD-104317,B2B-77067,2025-08-23 11:36:59,2025-09-06 11:36:59,2025-09-06 11:36:59,0,66.33,7,Melbourne,322.91,0.0,
ORD-104318,B2B-68087,2025-08-07 22:06:44,2025-08-19 22:06:44,2025-08-21 22:06:44,2,61.16,7,Adelaide,89.38,0.0,
ORD-104319,B2B-3948,2026-03-28 02:32:30,2026-04-04 02:32:30,2026-04-05 02:32:30,1,94.81,3,Melbourne,668.85,0.0,
ORD-104320,B2B-26090,2026-03-27 02:50:38,2026-04-10 02:50:38,2026-04-10 02:50:38,0,75.47,7,Melbourne,685.13,0.0,
ORD-104321,B2B-96173,2026-01-09 08:48:01,2026-01-20 08:48:01,2026-01-20 08:48:01,0,75.21,3,Melbourne,452.85,0.0,
ORD-104322,B2B-54672,2026-06-15 01:39:30,2026-06-26 01:39:30,2026-06-27 01:39:30,1,69.03,3,Melbourne,550.57,0.0,
ORD-104323,B2B-97922,2026-02-05 01:48:36,2026-02-15 01:48:36,2026-02-19 01:48:36,4,107.58,7,Brisbane,843.37,1.0,Late Delivery
ORD-104324,B2B-99045,2026-03-21 20:48:16,2026-04-02 20:48:16,2026-04-03 20:48:16,1,80.03,3,Melbourne,685.6,0.0,
ORD-104325,B2B-80380,2025-08-11 15:53:38,2025-08-25 15:53:38,2025-08-27 15:53:38,2,80.2,3,Adelaide,545.83,1.0,Late Delivery
ORD-104326,B2B-53585,2026-02-04 01:02:54,2026-02-11 01:02:54,2026-02-11 01:02:54,0,65.49,7,Adelaide,277.3,0.0,
ORD-104327,B2B-92368,2026-01-09 22:23:30,2026-01-18 22:23:30,2026-01-21 22:23:30,3,53.58,3,Brisbane,113.13,1.0,Late Delivery
ORD-104328,B2B-57770,2026-07-12 18:21:45,2026-07-20 18:21:45,2026-07-20 18:21:45,0,87.52,3,Perth,398.92,0.0,
ORD-104329,B2B-25749,2025-11-25 02:44:55,2025-12-03 02:44:55,2025-12-03 02:44:55,0,55.51,7,Perth,212.64,0.0,
ORD-104330,B2B-2979,2025-10-13 09:45:11,2025-10-24 09:45:11,2025-10-26 09:45:11,2,55.61,3,Brisbane,367.89,0.0,
ORD-104331,B2B-25910,2026-04-26 15:19:11,2026-05-09 15:19:11,2026-05-12 15:19:11,3,44.14,3,Melbourne,151.59,0.0,
ORD-104332,B2B-35806,2026-05-07 17:33:28,2026-05-14 17:33:28,2026-05-13 17:33:28,-1,65.3,3,Adelaide,167.05,0.0,
ORD-104333,B2B-41761,2026-04-10 05:40:33,2026-04-21 05:40:33,2026-04-22 05:40:33,1,72.03,3,Adelaide,248.81,0.0,
ORD-104334,B2B-74695,2025-08-18 14:29:13,2025-08-28 14:29:13,2025-08-27 14:29:13,-1,94.69,3,Melbourne,672.08,0.0,
ORD-104335,B2B-75641,2026-05-17 00:36:21,2026-05-31 00:36:21,2026-05-31 00:36:21,0,41.28,3,Adelaide,39.25,0.0,
ORD-104336,B2B-52106,2026-01-14 07:59:18,2026-01-21 07:59:18,2026-01-20 07:59:18,-1,81.47,3,Brisbane,665.15,0.0,
ORD-104337,B2B-17434,2025-10-07 02:39:00,2025-10-20 02:39:00,2025-10-17 02:39:00,-3,57.69,3,Brisbane,572.59,0.0,
ORD-104338,B2B-36134,2025-10-02 23:36:48,2025-10-09 23:36:48,2025-10-11 23:36:48,2,46.99,7,Adelaide,79.29,1.0,Late Delivery
ORD-104339,B2B-36364,2025-09-04 07:17:37,2025-09-12 07:17:37,2025-09-11 07:17:37,-1,86.7,3,Brisbane,450.6,0.0,
ORD-104340,B2B-55272,2026-06-01 15:12:34,2026-06-13 15:12:34,2026-06-14 15:12:34,1,68.09,7,Brisbane,344.57,0.0,
ORD-104341,B2B-80380,2026-04-23 04:37:14,2026-05-01 04:37:14,2026-05-01 04:37:14,0,73.29,3,Adelaide,545.83,0.0,
ORD-104342,B2B-57541,2026-05-11 14:18:59,2026-05-22 14:18:59,2026-05-22 14:18:59,0,69.75,3,Brisbane,338.12,0.0,
ORD-104343,B2B-25910,2026-01-19 06:01:08,2026-01-26 06:01:08,2026-01-27 06:01:08,1,77.77,3,Melbourne,151.59,0.0,
ORD-104344,B2B-92314,2026-02-20 01:51:38,2026-02-28 01:51:38,2026-02-28 01:51:38,0,61.52,3,Adelaide,119.55,0.0,
ORD-104345,B2B-23833,2026-07-13 15:44:58,2026-07-24 15:44:58,2026-07-29 15:44:58,5,65.21,3,Melbourne,421.56,1.0,Late Delivery
ORD-104346,B2B-17434,2026-01-27 13:27:41,2026-02-10 13:27:41,2026-02-10 13:27:41,0,78.33,3,Brisbane,572.59,0.0,
ORD-104347,B2B-17835,2026-05-14 23:41:55,2026-05-22 23:41:55,2026-05-26 23:41:55,4,75.38,3,Brisbane,516.94,0.0,
ORD-104348,B2B-36206,2025-10-07 08:45:21,2025-10-18 08:45:21,2025-10-14 08:45:21,-4,74.3,3,Perth,423.79,0.0,
ORD-104349,B2B-61154,2026-06-27 22:55:42,2026-07-08 22:55:42,2026-07-09 22:55:42,1,72.37,3,Melbourne,527.14,0.0,
ORD-104350,B2B-80380,2025-08-07 03:49:02,2025-08-19 03:49:02,2025-08-20 03:49:02,1,62.09,3,Adelaide,545.83,0.0,
ORD-104351,B2B-83562,2026-03-31 10:47:37,2026-04-07 10:47:37,2026-04-08 10:47:37,1,52.48,7,Brisbane,229.29,0.0,
ORD-104352,B2B-60586,2026-01-28 12:48:56,2026-02-09 12:48:56,2026-02-09 12:48:56,0,95.59,3,Brisbane,738.48,0.0,
ORD-104353,B2B-84509,2025-11-24 10:59:11,2025-12-06 10:59:11,2025-12-05 10:59:11,-1,74.34,3,Brisbane,417.09,0.0,
ORD-104354,B2B-68212,2026-03-28 00:14:12,2026-04-04 00:14:12,2026-04-07 00:14:12,3,81.7,3,Adelaide,41.47,1.0,Late Delivery
ORD-104355,B2B-62843,2026-07-19 04:58:10,2026-08-02 04:58:10,2026-08-01 04:58:10,-1,57.59,7,Melbourne,82.28,0.0,
ORD-104356,B2B-69665,2025-08-10 11:49:29,2025-08-24 11:49:29,2025-08-29 11:49:29,5,86.11,3,Melbourne,585.98,1.0,Late Delivery
ORD-104357,B2B-20256,2025-10-09 11:14:15,2025-10-17 11:14:15,2025-10-14 11:14:15,-3,72.07,3,Adelaide,276.38,0.0,
ORD-104358,B2B-36952,2026-07-30 08:30:31,2026-08-06 08:30:31,2026-08-08 08:30:31,2,92.8,7,Melbourne,659.01,0.0,
ORD-104359,B2B-51091,2025-10-16 12:41:02,2025-10-29 12:41:02,2025-10-30 12:41:02,1,82.45,3,Melbourne,632.83,0.0,
ORD-104360,B2B-73101,2026-01-14 19:27:58,2026-01-24 19:27:58,2026-01-25 19:27:58,1,86.61,3,Melbourne,574.65,0.0,
ORD-104361,B2B-8641,2025-10-23 20:28:36,2025-11-03 20:28:36,2025-11-02 20:28:36,-1,46.95,3,Melbourne,141.06,0.0,
ORD-104362,B2B-90230,2026-06-05 09:25:47,2026-06-17 09:25:47,2026-06-17 09:25:47,0,68.53,7,Brisbane,406.47,0.0,
ORD-104363,B2B-93002,2026-01-28 00:33:28,2026-02-11 00:33:28,2026-02-11 00:33:28,0,57.53,3,Brisbane,216.77,0.0,
ORD-104364,B2B-21862,2025-12-11 15:01:59,2025-12-25 15:01:59,2025-12-26 15:01:59,1,87.6,3,Brisbane,673.76,0.0,
ORD-104365,B2B-46396,2025-08-15 03:29:34,2025-08-25 03:29:34,2025-08-28 03:29:34,3,56.87,7,Adelaide,251.37,0.0,
ORD-104366,B2B-80015,2025-09-09 06:32:15,2025-09-18 06:32:15,2025-09-19 06:32:15,1,62.49,3,Perth,168.28,1.0,Late Delivery
ORD-104367,B2B-64224,2026-05-27 07:48:23,2026-06-04 07:48:23,2026-06-03 07:48:23,-1,51.75,3,Brisbane,300.91,0.0,
ORD-104368,B2B-12689,2026-04-02 08:51:09,2026-04-13 08:51:09,2026-04-11 08:51:09,-2,48.54,7,Melbourne,125.28,0.0,
ORD-104369,B2B-28259,2026-02-15 11:41:10,2026-02-23 11:41:10,2026-02-23 11:41:10,0,69.5,3,Perth,266.36,0.0,
ORD-104370,B2B-73752,2026-02-10 03:35:18,2026-02-18 03:35:18,2026-02-19 03:35:18,1,85.89,7,Perth,578.14,0.0,
ORD-104371,B2B-52522,2026-05-14 21:45:44,2026-05-25 21:45:44,2026-05-25 21:45:44,0,63.59,3,Melbourne,313.94,0.0,
ORD-104372,B2B-916,2026-05-08 09:50:58,2026-05-19 09:50:58,2026-05-19 09:50:58,0,48.04,3,Melbourne,189.92,0.0,
ORD-104373,B2B-24971,2025-10-24 01:43:00,2025-11-02 01:43:00,2025-11-01 01:43:00,-1,78.88,3,Melbourne,288.01,0.0,
ORD-104374,B2B-41777,2026-01-19 10:12:27,2026-01-29 10:12:27,2026-01-28 10:12:27,-1,72.21,7,Melbourne,60.38,0.0,
ORD-104375,B2B-45936,2026-06-21 19:46:24,2026-07-01 19:46:24,2026-06-30 19:46:24,-1,49.09,3,Perth,315.79,0.0,
ORD-104376,B2B-1563,2026-05-26 03:31:58,2026-06-03 03:31:58,2026-06-05 03:31:58,2,63.61,3,Adelaide,182.02,1.0,Late Delivery
ORD-104377,B2B-41024,2025-08-03 17:37:42,2025-08-10 17:37:42,2025-08-09 17:37:42,-1,67.92,3,Brisbane,433.53,0.0,
ORD-104378,B2B-99480,2026-05-31 04:49:04,2026-06-10 04:49:04,2026-06-09 04:49:04,-1,82.71,3,Perth,448.58,0.0,
ORD-104379,B2B-11435,2025-10-29 12:23:04,2025-11-10 12:23:04,2025-11-09 12:23:04,-1,62.8,7,Melbourne,298.71,0.0,
ORD-104380,B2B-38648,2025-12-31 00:22:37,2026-01-09 00:22:37,2026-01-10 00:22:37,1,70.05,3,Brisbane,104.04,0.0,
ORD-104381,B2B-15563,2026-07-08 10:26:09,2026-07-17 10:26:09,2026-07-18 10:26:09,1,67.63,7,Brisbane,559.64,0.0,
ORD-104382,B2B-35806,2025-08-08 20:50:37,2025-08-17 20:50:37,2025-08-19 20:50:37,2,41.19,3,Adelaide,167.05,1.0,Late Delivery
ORD-104383,B2B-58025,2026-07-18 09:40:59,2026-08-01 09:40:59,2026-08-01 09:40:59,0,80.72,3,Melbourne,333.8,0.0,
ORD-104384,B2B-36134,2026-06-13 18:41:59,2026-06-24 18:41:59,2026-06-25 18:41:59,1,59.32,7,Adelaide,79.29,0.0,
ORD-104385,B2B-17449,2026-01-19 10:55:14,2026-01-27 10:55:14,2026-01-29 10:55:14,2,68.98,7,Brisbane,275.78,0.0,
ORD-104386,B2B-71321,2026-03-03 07:51:39,2026-03-12 07:51:39,2026-03-15 07:51:39,3,65.25,7,Melbourne,460.1,1.0,Late Delivery
ORD-104387,B2B-1530,2026-06-19 16:50:39,2026-06-28 16:50:39,2026-06-25 16:50:39,-3,69.52,3,Brisbane,38.68,0.0,
ORD-104388,B2B-4182,2025-12-18 23:19:35,2025-12-29 23:19:35,2025-12-30 23:19:35,1,77.28,3,Melbourne,385.92,1.0,Customer Service
ORD-104389,B2B-10435,2026-07-22 08:07:39,2026-08-04 08:07:39,2026-08-04 08:07:39,0,51.27,3,Melbourne,145.35,0.0,
ORD-104390,B2B-40702,2025-09-22 16:50:27,2025-10-04 16:50:27,2025-10-04 16:50:27,0,65.59,7,Perth,229.26,0.0,
ORD-104391,B2B-10589,2026-03-14 19:51:11,2026-03-26 19:51:11,2026-03-26 19:51:11,0,58.7,7,Adelaide,206.53,0.0,
ORD-104392,B2B-84142,2026-02-07 05:31:30,2026-02-17 05:31:30,2026-02-19 05:31:30,2,66.53,3,Perth,298.29,0.0,
ORD-104393,B2B-53897,2026-06-27 00:58:52,2026-07-11 00:58:52,2026-07-09 00:58:52,-2,68.15,3,Brisbane,321.22,0.0,
ORD-104394,B2B-66471,2026-06-04 23:34:37,2026-06-16 23:34:37,2026-06-16 23:34:37,0,62.24,3,Brisbane,457.4,0.0,
ORD-104395,B2B-70994,2026-06-15 18:17:49,2026-06-29 18:17:49,2026-06-27 18:17:49,-2,67.45,7,Melbourne,301.53,0.0,
ORD-104396,B2B-19543,2026-06-06 08:54:57,2026-06-13 08:54:57,2026-06-15 08:54:57,2,68.75,7,Adelaide,260.58,0.0,
ORD-104397,B2B-16876,2025-11-09 16:38:50,2025-11-23 16:38:50,2025-11-19 16:38:50,-4,68.71,3,Brisbane,560.95,0.0,
ORD-104398,B2B-19543,2025-08-04 14:00:26,2025-08-11 14:00:26,2025-08-15 14:00:26,4,56.31,7,Adelaide,260.58,0.0,
ORD-104399,B2B-46396,2026-05-10 14:36:23,2026-05-22 14:36:23,2026-05-22 14:36:23,0,45.12,7,Adelaide,251.37,0.0,
ORD-104400,B2B-16719,2026-01-18 01:47:47,2026-02-01 01:47:47,2026-01-29 01:47:47,-3,70.22,7,Perth,326.27,0.0,
ORD-104401,B2B-93779,2026-05-10 04:58:37,2026-05-17 04:58:37,2026-05-17 04:58:37,0,63.71,3,Adelaide,182.39,0.0,
ORD-104402,B2B-80380,2025-12-10 13:55:19,2025-12-24 13:55:19,2025-12-24 13:55:19,0,93.81,3,Adelaide,545.83,0.0,
ORD-104403,B2B-9928,2026-04-25 18:39:41,2026-05-03 18:39:41,2026-05-03 18:39:41,0,62.21,3,Perth,85.7,0.0,
ORD-104404,B2B-10100,2025-12-21 15:25:53,2026-01-03 15:25:53,2025-12-31 15:25:53,-3,59.53,3,Perth,132.58,0.0,
ORD-104405,B2B-30184,2025-11-22 10:24:02,2025-12-03 10:24:02,2025-11-29 10:24:02,-4,75.24,7,Brisbane,318.79,0.0,
ORD-104406,B2B-13926,2026-03-19 08:36:33,2026-03-27 08:36:33,2026-04-01 08:36:33,5,96.87,3,Brisbane,662.59,1.0,Late Delivery
ORD-104407,B2B-33181,2026-04-17 12:04:27,2026-05-01 12:04:27,2026-04-29 12:04:27,-2,68.97,3,Adelaide,257.39,0.0,
ORD-104408,B2B-89062,2026-05-31 09:50:41,2026-06-13 09:50:41,2026-06-12 09:50:41,-1,55.68,7,Perth,129.41,0.0,
ORD-104409,B2B-26819,2025-08-10 18:09:59,2025-08-24 18:09:59,2025-08-28 18:09:59,4,70.93,7,Brisbane,325.12,0.0,
ORD-104410,B2B-72239,2026-04-23 15:54:30,2026-05-05 15:54:30,2026-05-06 15:54:30,1,54.86,7,Perth,82.52,0.0,
ORD-104411,B2B-1530,2026-01-17 03:11:37,2026-01-25 03:11:37,2026-01-24 03:11:37,-1,47.23,3,Brisbane,38.68,0.0,
ORD-104412,B2B-90471,2025-08-25 00:18:29,2025-09-03 00:18:29,2025-09-04 00:18:29,1,65.1,3,Brisbane,681.93,0.0,
ORD-104413,B2B-99045,2026-07-13 00:24:26,2026-07-23 00:24:26,2026-07-25 00:24:26,2,100.3,3,Melbourne,685.6,0.0,
ORD-104414,B2B-70465,2025-11-12 20:59:09,2025-11-23 20:59:09,2025-11-23 20:59:09,0,56.07,3,Melbourne,465.9,0.0,
ORD-104415,B2B-80489,2025-10-17 02:58:23,2025-10-31 02:58:23,2025-11-03 02:58:23,3,77.29,3,Brisbane,668.13,1.0,Late Delivery
ORD-104416,B2B-16506,2026-02-27 21:23:15,2026-03-12 21:23:15,2026-03-10 21:23:15,-2,76.5,3,Brisbane,422.23,0.0,
ORD-104417,B2B-10100,2025-11-03 14:38:41,2025-11-13 14:38:41,2025-11-13 14:38:41,0,36.84,3,Perth,132.58,0.0,
ORD-104418,B2B-35688,2025-08-09 20:00:21,2025-08-22 20:00:21,2025-08-21 20:00:21,-1,78.79,7,Adelaide,329.31,0.0,
ORD-104419,B2B-16829,2025-12-13 01:05:42,2025-12-23 01:05:42,2025-12-23 01:05:42,0,62.07,3,Melbourne,128.6,0.0,
ORD-104420,B2B-24971,2026-06-22 04:46:00,2026-07-05 04:46:00,2026-07-04 04:46:00,-1,67.51,3,Melbourne,288.01,0.0,
ORD-104421,B2B-69860,2025-08-01 15:18:08,2025-08-09 15:18:08,2025-08-03 15:18:08,-6,84.93,3,Melbourne,629.23,0.0,
ORD-104422,B2B-2258,2026-06-02 22:12:31,2026-06-13 22:12:31,2026-06-15 22:12:31,2,66.13,3,Brisbane,331.68,0.0,
ORD-104423,B2B-77661,2025-09-05 01:02:13,2025-09-12 01:02:13,2025-09-18 01:02:13,6,75.85,3,Melbourne,852.66,1.0,Late Delivery
ORD-104424,B2B-17835,2025-09-02 21:22:48,2025-09-13 21:22:48,2025-09-15 21:22:48,2,77.73,3,Brisbane,516.94,1.0,Late Delivery
ORD-104425,B2B-35757,2025-12-20 05:40:01,2025-12-30 05:40:01,2025-12-29 05:40:01,-1,45.35,3,Perth,153.49,0.0,
ORD-104426,B2B-26477,2025-10-24 02:33:49,2025-11-02 02:33:49,2025-11-03 02:33:49,1,59.9,3,Melbourne,267.63,0.0,
ORD-104427,B2B-36771,2026-05-01 09:37:30,2026-05-14 09:37:30,2026-05-14 09:37:30,0,78.92,3,Brisbane,443.33,0.0,
ORD-104428,B2B-33181,2025-09-14 08:25:30,2025-09-23 08:25:30,2025-09-26 08:25:30,3,57.03,3,Adelaide,257.39,0.0,
ORD-104429,B2B-13363,2026-02-13 03:06:48,2026-02-26 03:06:48,2026-02-26 03:06:48,0,51.18,3,Perth,167.98,0.0,
ORD-104430,B2B-17835,2026-05-29 22:44:03,2026-06-06 22:44:03,2026-06-06 22:44:03,0,87.43,3,Brisbane,516.94,0.0,
ORD-104431,B2B-69860,2026-06-18 03:41:36,2026-06-27 03:41:36,2026-06-30 03:41:36,3,88.82,3,Melbourne,629.23,0.0,
ORD-104432,B2B-92314,2026-01-20 21:45:17,2026-02-03 21:45:17,2026-02-03 21:45:17,0,58.91,3,Adelaide,119.55,0.0,
ORD-104433,B2B-38648,2026-04-09 09:36:02,2026-04-20 09:36:02,2026-04-21 09:36:02,1,58.1,3,Brisbane,104.04,0.0,
ORD-104434,B2B-72239,2026-05-07 02:26:22,2026-05-14 02:26:22,2026-05-16 02:26:22,2,58.1,7,Perth,82.52,0.0,
ORD-104435,B2B-22162,2025-11-26 09:15:06,2025-12-10 09:15:06,2025-12-14 09:15:06,4,69.12,3,Melbourne,263.03,1.0,Late Delivery
ORD-104436,B2B-47887,2025-11-26 19:38:58,2025-12-09 19:38:58,2025-12-08 19:38:58,-1,63.94,3,Brisbane,421.59,0.0,
ORD-104437,B2B-52072,2025-08-04 14:01:54,2025-08-11 14:01:54,2025-08-03 14:01:54,-8,76.45,7,Brisbane,696.94,0.0,
ORD-104438,B2B-14370,2026-01-15 00:38:28,2026-01-22 00:38:28,2026-01-22 00:38:28,0,59.07,7,Brisbane,314.39,0.0,
ORD-104439,B2B-31915,2026-04-08 02:02:11,2026-04-17 02:02:11,2026-04-18 02:02:11,1,56.56,7,Perth,291.96,0.0,
ORD-104440,B2B-21541,2026-02-02 21:19:05,2026-02-13 21:19:05,2026-02-11 21:19:05,-2,53.96,3,Adelaide,112.75,0.0,
ORD-104441,B2B-14205,2025-11-01 22:31:20,2025-11-08 22:31:20,2025-11-07 22:31:20,-1,60.34,7,Melbourne,93.91,0.0,
ORD-104442,B2B-68218,2026-05-12 09:12:33,2026-05-26 09:12:33,2026-05-26 09:12:33,0,49.61,3,Melbourne,117.02,0.0,
ORD-104443,B2B-93543,2026-01-23 00:39:15,2026-01-30 00:39:15,2026-01-28 00:39:15,-2,78.61,7,Adelaide,576.39,0.0,
ORD-104444,B2B-89458,2026-02-26 01:45:15,2026-03-07 01:45:15,2026-03-07 01:45:15,0,50.57,7,Adelaide,169.02,0.0,
ORD-104445,B2B-21663,2026-03-14 21:46:11,2026-03-28 21:46:11,2026-04-01 21:46:11,4,62.34,7,Perth,430.53,1.0,Late Delivery
ORD-104446,B2B-55547,2025-12-02 00:48:09,2025-12-12 00:48:09,2025-12-13 00:48:09,1,73.56,3,Melbourne,437.05,0.0,
ORD-104447,B2B-58252,2026-03-20 05:27:05,2026-04-03 05:27:05,2026-04-04 05:27:05,1,47.33,3,Melbourne,190.25,0.0,
ORD-104448,B2B-699,2026-07-27 02:27:44,2026-08-10 02:27:44,2026-08-10 02:27:44,0,65.64,3,Melbourne,312.08,1.0,Quality Issue
ORD-104449,B2B-15993,2025-11-07 16:16:05,2025-11-14 16:16:05,2025-11-14 16:16:05,0,68.68,3,Brisbane,270.48,0.0,
ORD-104450,B2B-15987,2025-12-31 02:17:08,2026-01-11 02:17:08,2026-01-10 02:17:08,-1,78.61,3,Melbourne,646.88,0.0,
ORD-104451,B2B-88385,2025-12-04 03:21:42,2025-12-16 03:21:42,2025-12-21 03:21:42,5,60.95,3,Melbourne,238.32,1.0,Late Delivery
ORD-104452,B2B-12689,2025-09-01 20:14:11,2025-09-12 20:14:11,2025-09-11 20:14:11,-1,62.96,7,Melbourne,125.28,0.0,
ORD-104453,B2B-93779,2025-11-26 17:06:16,2025-12-07 17:06:16,2025-12-09 17:06:16,2,59.78,3,Adelaide,182.39,1.0,Late Delivery
ORD-104454,B2B-77661,2026-06-10 17:35:57,2026-06-19 17:35:57,2026-06-19 17:35:57,0,85.4,3,Melbourne,852.66,0.0,
ORD-104455,B2B-44861,2025-12-18 00:18:05,2025-12-27 00:18:05,2025-12-28 00:18:05,1,69.87,3,Perth,329.47,0.0,
ORD-104456,B2B-3443,2026-05-07 13:53:50,2026-05-18 13:53:50,2026-05-19 13:53:50,1,65.6,3,Adelaide,221.32,1.0,Late Delivery
ORD-104457,B2B-55930,2026-03-30 20:15:08,2026-04-09 20:15:08,2026-04-07 20:15:08,-2,71.81,3,Adelaide,264.74,0.0,
ORD-104458,B2B-582,2026-03-19 09:34:42,2026-03-26 09:34:42,2026-03-26 09:34:42,0,63.12,3,Perth,244.06,0.0,
ORD-104459,B2B-20126,2025-09-17 20:03:28,2025-09-29 20:03:28,2025-09-29 20:03:28,0,82.22,3,Brisbane,415.01,0.0,
ORD-104460,B2B-6304,2025-10-04 04:37:19,2025-10-12 04:37:19,2025-10-13 04:37:19,1,58.99,3,Brisbane,299.5,0.0,
ORD-104461,B2B-79642,2026-05-25 02:50:28,2026-06-04 02:50:28,2026-06-05 02:50:28,1,78.77,3,Melbourne,606.95,1.0,Late Delivery
ORD-104462,B2B-68212,2025-09-08 19:50:29,2025-09-20 19:50:29,2025-09-20 19:50:29,0,60.44,3,Adelaide,41.47,0.0,
ORD-104463,B2B-48337,2025-10-28 08:44:52,2025-11-11 08:44:52,2025-11-11 08:44:52,0,46.69,3,Perth,217.85,0.0,
ORD-104464,B2B-74836,2025-08-18 17:36:03,2025-08-26 17:36:03,2025-08-26 17:36:03,0,66.18,3,Adelaide,437.22,0.0,
ORD-104465,B2B-17835,2025-12-08 02:12:22,2025-12-17 02:12:22,2025-12-20 02:12:22,3,84.82,3,Brisbane,516.94,1.0,Late Delivery
ORD-104466,B2B-47887,2025-11-13 03:57:50,2025-11-27 03:57:50,2025-11-30 03:57:50,3,64.39,3,Brisbane,421.59,1.0,Late Delivery
ORD-104467,B2B-17624,2025-11-08 08:24:39,2025-11-19 08:24:39,2025-11-18 08:24:39,-1,78.52,3,Brisbane,231.66,0.0,
ORD-104468,B2B-17894,2025-11-22 21:47:16,2025-12-04 21:47:16,2025-12-05 21:47:16,1,68.67,7,Perth,412.29,0.0,
ORD-104469,B2B-44861,2026-05-13 21:53:24,2026-05-22 21:53:24,2026-05-17 21:53:24,-5,63.53,3,Perth,329.47,0.0,
ORD-104470,B2B-82260,2026-01-08 20:57:38,2026-01-18 20:57:38,2026-01-20 20:57:38,2,81.68,7,Melbourne,634.11,0.0,
ORD-104471,B2B-93066,2026-06-13 13:38:08,2026-06-23 13:38:08,2026-06-25 13:38:08,2,62.17,3,Melbourne,275.44,0.0,
ORD-104472,B2B-38826,2025-08-17 05:25:56,2025-08-27 05:25:56,2025-08-27 05:25:56,0,90.47,7,Brisbane,536.49,0.0,
ORD-104473,B2B-80489,2026-04-19 15:10:02,2026-05-03 15:10:02,2026-05-03 15:10:02,0,85.56,3,Brisbane,668.13,0.0,
ORD-104474,B2B-58412,2026-07-14 20:43:02,2026-07-25 20:43:02,2026-07-24 20:43:02,-1,49.52,7,Adelaide,543.27,0.0,
ORD-104475,B2B-15887,2025-11-22 04:43:43,2025-11-29 04:43:43,2025-11-29 04:43:43,0,41.85,7,Perth,234.39,0.0,
ORD-104476,B2B-13933,2025-08-03 00:16:26,2025-08-12 00:16:26,2025-08-12 00:16:26,0,81.43,3,Adelaide,265.59,0.0,
ORD-104477,B2B-29290,2026-05-10 06:32:35,2026-05-20 06:32:35,2026-05-20 06:32:35,0,97.03,7,Melbourne,739.67,0.0,
ORD-104478,B2B-24194,2026-03-21 11:08:15,2026-04-04 11:08:15,2026-04-03 11:08:15,-1,63.24,7,Melbourne,142.61,0.0,
ORD-104479,B2B-44050,2026-01-05 23:49:58,2026-01-16 23:49:58,2026-01-19 23:49:58,3,59.84,3,Adelaide,232.02,1.0,Late Delivery
ORD-104480,B2B-52522,2026-03-01 15:22:09,2026-03-13 15:22:09,2026-03-13 15:22:09,0,68.41,3,Melbourne,313.94,0.0,
ORD-104481,B2B-74684,2025-08-24 13:43:23,2025-09-05 13:43:23,2025-09-10 13:43:23,5,88.21,3,Brisbane,548.73,0.0,
ORD-104482,B2B-5218,2026-03-29 12:50:32,2026-04-06 12:50:32,2026-04-06 12:50:32,0,71.48,3,Brisbane,370.92,0.0,
ORD-104483,B2B-99501,2026-05-19 18:35:52,2026-05-26 18:35:52,2026-05-27 18:35:52,1,69.81,3,Melbourne,643.12,0.0,
ORD-104484,B2B-475,2025-10-31 08:31:01,2025-11-08 08:31:01,2025-11-11 08:31:01,3,64.4,3,Melbourne,206.37,1.0,Late Delivery
ORD-104485,B2B-18051,2026-01-02 09:45:12,2026-01-15 09:45:12,2026-01-15 09:45:12,0,65.06,3,Melbourne,606.19,0.0,
ORD-104486,B2B-54346,2026-04-17 10:21:18,2026-04-30 10:21:18,2026-04-30 10:21:18,0,75.64,7,Melbourne,648.51,0.0,
ORD-104487,B2B-46127,2025-10-14 23:51:37,2025-10-24 23:51:37,2025-10-24 23:51:37,0,87.41,3,Brisbane,494.33,0.0,
ORD-104488,B2B-1245,2026-03-22 15:56:06,2026-04-02 15:56:06,2026-04-07 15:56:06,5,84.05,3,Brisbane,612.32,1.0,Late Delivery
ORD-104489,B2B-22033,2025-08-03 22:07:45,2025-08-11 22:07:45,2025-08-13 22:07:45,2,62.39,7,Perth,271.03,0.0,
ORD-104490,B2B-2979,2025-10-02 05:03:00,2025-10-16 05:03:00,2025-10-17 05:03:00,1,75.29,3,Brisbane,367.89,0.0,
ORD-104491,B2B-29564,2026-06-19 11:01:43,2026-07-01 11:01:43,2026-07-03 11:01:43,2,67.66,3,Adelaide,179.99,0.0,
ORD-104492,B2B-30703,2026-05-05 22:09:53,2026-05-16 22:09:53,2026-05-18 22:09:53,2,74.73,3,Brisbane,215.86,1.0,Late Delivery
ORD-104493,B2B-30703,2026-07-28 22:58:53,2026-08-07 22:58:53,2026-08-07 22:58:53,0,64.46,3,Brisbane,215.86,0.0,
ORD-104494,B2B-17449,2025-10-01 08:29:24,2025-10-15 08:29:24,2025-10-19 08:29:24,4,57.43,7,Brisbane,275.78,1.0,Late Delivery
ORD-104495,B2B-91091,2026-07-13 14:12:41,2026-07-25 14:12:41,2026-07-29 14:12:41,4,79.73,3,Brisbane,651.18,1.0,Late Delivery
ORD-104496,B2B-99784,2025-10-30 15:01:25,2025-11-13 15:01:25,2025-11-13 15:01:25,0,62.51,3,Adelaide,213.77,0.0,
ORD-104497,B2B-83901,2026-04-29 08:32:29,2026-05-07 08:32:29,2026-05-07 08:32:29,0,68.7,3,Brisbane,378.74,0.0,
ORD-104498,B2B-29283,2026-03-06 10:27:30,2026-03-20 10:27:30,2026-03-18 10:27:30,-2,67.27,3,Perth,334.32,0.0,
ORD-104499,B2B-77702,2025-10-17 05:19:32,2025-10-27 05:19:32,2025-10-25 05:19:32,-2,56.01,7,Brisbane,154.37,0.0,
ORD-104500,B2B-30192,2026-05-28 06:14:16,2026-06-10 06:14:16,2026-06-12 06:14:16,2,75.54,7,Melbourne,660.18,0.0,
ORD-104501,B2B-2144,2026-07-14 16:21:25,2026-07-28 16:21:25,2026-08-03 16:21:25,6,65.97,7,Brisbane,421.59,0.0,
ORD-104502,B2B-53585,2025-10-11 02:05:56,2025-10-22 02:05:56,2025-10-27 02:05:56,5,58.61,7,Adelaide,277.3,1.0,Late Delivery
ORD-104503,B2B-69678,2026-07-25 11:08:19,2026-08-01 11:08:19,2026-08-02 11:08:19,1,55.54,3,Melbourne,207.28,0.0,
ORD-104504,B2B-17520,2026-03-23 05:56:26,2026-04-02 05:56:26,2026-04-02 05:56:26,0,42.13,7,Melbourne,74.84,0.0,
ORD-104505,B2B-25226,2025-08-19 14:55:11,2025-08-26 14:55:11,2025-08-30 14:55:11,4,59.78,3,Melbourne,147.8,0.0,
ORD-104506,B2B-39539,2025-11-11 00:44:40,2025-11-23 00:44:40,2025-11-22 00:44:40,-1,75.83,3,Brisbane,614.75,0.0,
ORD-104507,B2B-20315,2025-10-03 08:37:47,2025-10-10 08:37:47,2025-10-09 08:37:47,-1,50.57,3,Perth,92.54,0.0,
ORD-104508,B2B-15993,2026-05-25 12:19:38,2026-06-04 12:19:38,2026-06-03 12:19:38,-1,61.27,3,Brisbane,270.48,0.0,
ORD-104509,B2B-26239,2025-08-24 06:10:25,2025-09-07 06:10:25,2025-09-09 06:10:25,2,62.19,3,Brisbane,453.36,1.0,Late Delivery
ORD-104510,B2B-75299,2026-06-08 03:13:01,2026-06-21 03:13:01,2026-06-21 03:13:01,0,61.45,3,Brisbane,418.34,0.0,
ORD-104511,B2B-9376,2026-07-01 08:35:33,2026-07-15 08:35:33,2026-07-15 08:35:33,0,53.02,3,Perth,81.95,0.0,
ORD-104512,B2B-30729,2026-01-06 22:57:28,2026-01-13 22:57:28,2026-01-13 22:57:28,0,86.23,3,Melbourne,556.38,0.0,
ORD-104513,B2B-41178,2026-05-03 05:20:05,2026-05-17 05:20:05,2026-05-15 05:20:05,-2,53.77,3,Perth,124.26,0.0,
ORD-104514,B2B-68087,2026-03-01 06:51:54,2026-03-13 06:51:54,2026-03-12 06:51:54,-1,66.49,7,Adelaide,89.38,0.0,
ORD-104515,B2B-21199,2025-12-10 18:10:06,2025-12-19 18:10:06,2025-12-19 18:10:06,0,42.91,3,Adelaide,136.6,0.0,
ORD-104516,B2B-43536,2026-01-10 21:02:02,2026-01-20 21:02:02,2026-01-22 21:02:02,2,85.39,3,Melbourne,599.85,0.0,
ORD-104517,B2B-582,2025-11-08 18:19:29,2025-11-21 18:19:29,2025-11-23 18:19:29,2,66.32,3,Perth,244.06,0.0,
ORD-104518,B2B-93002,2026-03-15 13:13:42,2026-03-25 13:13:42,2026-03-29 13:13:42,4,55.48,3,Brisbane,216.77,0.0,
ORD-104519,B2B-99156,2026-05-21 10:10:34,2026-06-03 10:10:34,2026-06-03 10:10:34,0,60.78,3,Melbourne,196.4,0.0,
ORD-104520,B2B-12409,2025-11-16 15:36:22,2025-11-27 15:36:22,2025-11-24 15:36:22,-3,58.35,7,Adelaide,200.39,0.0,
ORD-104521,B2B-74692,2025-08-07 16:55:56,2025-08-21 16:55:56,2025-08-21 16:55:56,0,66.34,3,Melbourne,309.02,0.0,
ORD-104522,B2B-18191,2026-06-28 14:43:28,2026-07-09 14:43:28,2026-07-12 14:43:28,3,62.68,3,Adelaide,239.43,0.0,
ORD-104523,B2B-84142,2026-03-14 09:16:12,2026-03-23 09:16:12,2026-03-23 09:16:12,0,57.89,3,Perth,298.29,0.0,
ORD-104524,B2B-18051,2026-02-26 13:32:08,2026-03-07 13:32:08,2026-03-09 13:32:08,2,71.61,3,Melbourne,606.19,1.0,Late Delivery
ORD-104525,B2B-87571,2026-05-19 01:27:06,2026-05-27 01:27:06,2026-05-27 01:27:06,0,52.29,3,Perth,271.95,0.0,
ORD-104526,B2B-31938,2025-12-01 17:11:59,2025-12-10 17:11:59,2025-12-13 17:11:59,3,67.88,3,Melbourne,430.15,1.0,Late Delivery
ORD-104527,B2B-36364,2025-08-22 03:53:16,2025-09-03 03:53:16,2025-09-01 03:53:16,-2,74.1,3,Brisbane,450.6,0.0,
ORD-104528,B2B-91629,2025-09-26 22:59:10,2025-10-09 22:59:10,2025-10-11 22:59:10,2,61.38,3,Adelaide,222.93,0.0,
ORD-104529,B2B-35688,2026-03-09 11:37:02,2026-03-22 11:37:02,2026-03-24 11:37:02,2,87.45,7,Adelaide,329.31,0.0,
ORD-104530,B2B-9412,2025-11-18 10:30:14,2025-11-30 10:30:14,2025-11-26 10:30:14,-4,72.26,3,Perth,353.19,0.0,
ORD-104531,B2B-70465,2025-12-08 06:11:02,2025-12-19 06:11:02,2025-12-19 06:11:02,0,64.76,3,Melbourne,465.9,0.0,
ORD-104532,B2B-57541,2026-04-29 20:12:31,2026-05-07 20:12:31,2026-05-11 20:12:31,4,67.96,3,Brisbane,338.12,1.0,Late Delivery
ORD-104533,B2B-69495,2026-01-27 16:43:29,2026-02-09 16:43:29,2026-02-05 16:43:29,-4,51.66,3,Adelaide,147.01,0.0,
ORD-104534,B2B-47208,2025-08-11 03:47:48,2025-08-25 03:47:48,2025-08-29 03:47:48,4,73.56,3,Melbourne,563.28,1.0,Late Delivery
ORD-104535,B2B-83901,2026-01-30 04:32:45,2026-02-09 04:32:45,2026-02-12 04:32:45,3,76.14,3,Brisbane,378.74,0.0,
ORD-104536,B2B-53943,2025-08-15 00:37:06,2025-08-23 00:37:06,2025-08-22 00:37:06,-1,93.44,3,Melbourne,648.98,0.0,
ORD-104537,B2B-75395,2026-06-06 22:39:09,2026-06-16 22:39:09,2026-06-15 22:39:09,-1,48.66,7,Brisbane,95.08,0.0,
ORD-104538,B2B-41910,2026-04-15 14:24:51,2026-04-24 14:24:51,2026-04-24 14:24:51,0,63.51,3,Brisbane,191.25,0.0,
ORD-104539,B2B-70481,2026-07-09 03:17:15,2026-07-19 03:17:15,2026-07-22 03:17:15,3,65.53,7,Melbourne,569.0,0.0,
ORD-104540,B2B-75594,2026-03-01 10:08:30,2026-03-11 10:08:30,2026-03-14 10:08:30,3,65.17,3,Perth,237.46,1.0,Late Delivery
ORD-104541,B2B-38648,2026-02-02 08:58:11,2026-02-11 08:58:11,2026-02-11 08:58:11,0,50.54,3,Brisbane,104.04,0.0,
ORD-104542,B2B-91629,2026-06-09 06:04:16,2026-06-23 06:04:16,2026-06-22 06:04:16,-1,71.89,3,Adelaide,222.93,0.0,
ORD-104543,B2B-14205,2026-01-06 15:17:19,2026-01-15 15:17:19,2026-01-17 15:17:19,2,48.26,7,Melbourne,93.91,0.0,
ORD-104544,B2B-55272,2026-01-13 18:44:36,2026-01-22 18:44:36,2026-01-19 18:44:36,-3,63.04,7,Brisbane,344.57,0.0,
ORD-104545,B2B-4182,2026-02-14 19:50:13,2026-02-25 19:50:13,2026-02-25 19:50:13,0,48.98,3,Melbourne,385.92,0.0,
ORD-104546,B2B-84142,2026-03-22 12:07:07,2026-04-03 12:07:07,2026-04-04 12:07:07,1,66.44,3,Perth,298.29,0.0,
ORD-104547,B2B-35806,2025-08-30 09:32:10,2025-09-11 09:32:10,2025-09-11 09:32:10,0,37.41,3,Adelaide,167.05,0.0,
ORD-104548,B2B-95842,2026-05-22 23:36:59,2026-06-02 23:36:59,2026-06-04 23:36:59,2,74.5,3,Brisbane,492.01,0.0,
ORD-104549,B2B-77067,2026-06-29 17:46:41,2026-07-13 17:46:41,2026-07-15 17:46:41,2,75.86,7,Melbourne,322.91,1.0,Late Delivery
ORD-104550,B2B-1575,2025-11-28 19:15:13,2025-12-05 19:15:13,2025-12-05 19:15:13,0,59.17,3,Adelaide,313.76,0.0,
ORD-104551,B2B-35688,2026-02-01 06:36:16,2026-02-09 06:36:16,2026-02-09 06:36:16,0,55.31,7,Adelaide,329.31,0.0,
ORD-104552,B2B-20256,2026-07-29 09:02:38,2026-08-11 09:02:38,2026-08-11 09:02:38,0,81.2,3,Adelaide,276.38,0.0,
ORD-104553,B2B-65412,2025-11-14 00:48:56,2025-11-24 00:48:56,2025-11-23 00:48:56,-1,68.84,3,Adelaide,368.85,0.0,
ORD-104554,B2B-17894,2025-11-04 17:27:02,2025-11-12 17:27:02,2025-11-12 17:27:02,0,70.91,7,Perth,412.29,0.0,
ORD-104555,B2B-28699,2026-04-21 10:05:13,2026-05-05 10:05:13,2026-05-04 10:05:13,-1,72.91,7,Perth,276.96,0.0,
ORD-104556,B2B-53585,2025-12-04 14:57:18,2025-12-13 14:57:18,2025-12-14 14:57:18,1,61.56,7,Adelaide,277.3,0.0,
ORD-104557,B2B-6492,2025-09-09 02:53:24,2025-09-19 02:53:24,2025-09-19 02:53:24,0,69.9,3,Brisbane,348.96,1.0,Quality Issue
ORD-104558,B2B-55272,2025-09-28 00:52:05,2025-10-07 00:52:05,2025-10-06 00:52:05,-1,56.29,7,Brisbane,344.57,0.0,
ORD-104559,B2B-81896,2026-02-16 14:57:09,2026-02-24 14:57:09,2026-02-20 14:57:09,-4,71.75,3,Brisbane,219.03,0.0,
ORD-104560,B2B-58025,2025-09-04 02:55:32,2025-09-13 02:55:32,2025-09-13 02:55:32,0,77.96,3,Melbourne,333.8,1.0,Quality Issue
ORD-104561,B2B-51091,2026-03-18 23:45:10,2026-03-27 23:45:10,2026-03-25 23:45:10,-2,67.02,3,Melbourne,632.83,0.0,
ORD-104562,B2B-88968,2026-07-17 01:25:05,2026-07-31 01:25:05,2026-08-01 01:25:05,1,107.1,7,Brisbane,928.28,0.0,
ORD-104563,B2B-88998,2026-04-28 05:26:43,2026-05-08 05:26:43,2026-05-08 05:26:43,0,96.27,3,Brisbane,653.07,0.0,
ORD-104564,B2B-38648,2025-12-16 05:25:03,2025-12-23 05:25:03,2025-12-23 05:25:03,0,49.74,3,Brisbane,104.04,0.0,
ORD-104565,B2B-46396,2025-09-20 00:39:50,2025-09-27 00:39:50,2025-09-29 00:39:50,2,77.63,7,Adelaide,251.37,0.0,
ORD-104566,B2B-1530,2026-06-30 01:19:14,2026-07-14 01:19:14,2026-07-14 01:19:14,0,49.63,3,Brisbane,38.68,0.0,
ORD-104567,B2B-24922,2026-07-24 09:38:26,2026-08-04 09:38:26,2026-08-03 09:38:26,-1,80.46,7,Melbourne,637.48,0.0,
ORD-104568,B2B-38648,2026-04-15 07:55:43,2026-04-22 07:55:43,2026-04-24 07:55:43,2,49.12,3,Brisbane,104.04,1.0,Late Delivery
ORD-104569,B2B-73618,2026-04-27 08:30:35,2026-05-10 08:30:35,2026-05-11 08:30:35,1,94.28,3,Perth,263.71,0.0,
ORD-104570,B2B-11848,2025-08-21 21:51:17,2025-09-03 21:51:17,2025-09-02 21:51:17,-1,73.18,3,Melbourne,509.37,0.0,
ORD-104571,B2B-19595,2025-12-08 12:52:07,2025-12-18 12:52:07,2025-12-18 12:52:07,0,74.42,7,Brisbane,342.82,0.0,
ORD-104572,B2B-13005,2026-04-22 15:08:16,2026-05-05 15:08:16,2026-05-06 15:08:16,1,58.22,3,Melbourne,364.43,0.0,
ORD-104573,B2B-41230,2026-06-15 16:04:56,2026-06-22 16:04:56,2026-06-23 16:04:56,1,52.37,3,Adelaide,106.34,0.0,
ORD-104574,B2B-14370,2026-02-04 20:44:29,2026-02-15 20:44:29,2026-02-16 20:44:29,1,62.64,7,Brisbane,314.39,0.0,
ORD-104575,B2B-51530,2025-09-10 05:37:20,2025-09-22 05:37:20,2025-09-22 05:37:20,0,59.18,3,Brisbane,257.73,0.0,
ORD-104576,B2B-74836,2026-06-18 11:23:43,2026-06-30 11:23:43,2026-06-30 11:23:43,0,73.32,3,Adelaide,437.22,0.0,
ORD-104577,B2B-20256,2026-02-21 21:29:32,2026-03-06 21:29:32,2026-03-06 21:29:32,0,64.81,3,Adelaide,276.38,0.0,
ORD-104578,B2B-13363,2025-12-13 12:02:49,2025-12-21 12:02:49,2025-12-22 12:02:49,1,62.65,3,Perth,167.98,0.0,
ORD-104579,B2B-92368,2026-07-06 05:32:37,2026-07-16 05:32:37,2026-07-17 05:32:37,1,53.31,3,Brisbane,113.13,0.0,
ORD-104580,B2B-14205,2026-01-27 08:01:42,2026-02-06 08:01:42,2026-02-05 08:01:42,-1,50.52,7,Melbourne,93.91,0.0,
ORD-104581,B2B-69617,2026-03-18 16:41:56,2026-03-26 16:41:56,2026-03-26 16:41:56,0,78.87,7,Melbourne,439.75,0.0,
ORD-104582,B2B-83416,2025-09-26 05:09:06,2025-10-10 05:09:06,2025-10-09 05:09:06,-1,64.85,3,Adelaide,207.08,0.0,
ORD-104583,B2B-3615,2026-07-01 22:25:50,2026-07-10 22:25:50,2026-07-12 22:25:50,2,54.97,3,Brisbane,392.89,0.0,
ORD-104584,B2B-48997,2026-05-08 16:19:33,2026-05-18 16:19:33,2026-05-19 16:19:33,1,80.48,3,Brisbane,508.18,1.0,Late Delivery
ORD-104585,B2B-89892,2026-02-18 13:14:04,2026-03-02 13:14:04,2026-02-28 13:14:04,-2,61.37,3,Melbourne,259.72,0.0,
ORD-104586,B2B-39279,2025-10-17 09:10:43,2025-10-28 09:10:43,2025-10-28 09:10:43,0,76.13,7,Melbourne,220.21,0.0,
ORD-104587,B2B-97179,2025-10-02 08:30:44,2025-10-13 08:30:44,2025-10-13 08:30:44,0,66.49,3,Melbourne,566.59,0.0,
ORD-104588,B2B-33392,2026-02-12 08:45:57,2026-02-24 08:45:57,2026-02-26 08:45:57,2,59.05,7,Adelaide,172.39,1.0,Late Delivery
ORD-104589,B2B-54971,2025-11-17 20:28:15,2025-12-01 20:28:15,2025-12-01 20:28:15,0,49.44,7,Brisbane,147.06,0.0,
ORD-104590,B2B-84142,2025-09-10 09:08:26,2025-09-21 09:08:26,2025-09-20 09:08:26,-1,80.27,3,Perth,298.29,0.0,
ORD-104591,B2B-83416,2026-02-16 02:24:30,2026-03-01 02:24:30,2026-03-01 02:24:30,0,75.62,3,Adelaide,207.08,0.0,
ORD-104592,B2B-1575,2026-04-25 17:43:36,2026-05-07 17:43:36,2026-05-07 17:43:36,0,57.6,3,Adelaide,313.76,0.0,
ORD-104593,B2B-61154,2025-09-22 23:14:06,2025-10-03 23:14:06,2025-10-05 23:14:06,2,75.48,3,Melbourne,527.14,1.0,Late Delivery
ORD-104594,B2B-55207,2026-02-22 16:55:23,2026-03-04 16:55:23,2026-03-04 16:55:23,0,73.63,3,Brisbane,245.68,1.0,Packaging Damage
ORD-104595,B2B-32334,2026-05-27 00:05:41,2026-06-07 00:05:41,2026-06-04 00:05:41,-3,69.4,3,Perth,496.63,0.0,
ORD-104596,B2B-79418,2026-06-16 11:56:04,2026-06-28 11:56:04,2026-06-28 11:56:04,0,57.84,3,Perth,263.24,0.0,
ORD-104597,B2B-87928,2026-01-07 08:11:49,2026-01-16 08:11:49,2026-01-16 08:11:49,0,66.98,3,Perth,293.15,0.0,
ORD-104598,B2B-55682,2025-10-18 19:33:22,2025-10-27 19:33:22,2025-10-26 19:33:22,-1,71.74,3,Melbourne,551.53,0.0,
ORD-104599,B2B-83025,2025-10-10 10:37:36,2025-10-19 10:37:36,2025-10-19 10:37:36,0,84.36,3,Melbourne,664.33,0.0,
ORD-104600,B2B-42643,2025-08-14 18:46:41,2025-08-21 18:46:41,2025-08-17 18:46:41,-4,61.53,3,Brisbane,334.58,0.0,
ORD-104601,B2B-77482,2026-07-17 14:30:26,2026-07-31 14:30:26,2026-07-29 14:30:26,-2,57.04,7,Melbourne,132.64,0.0,
ORD-104602,B2B-23088,2025-10-06 03:19:12,2025-10-15 03:19:12,2025-10-17 03:19:12,2,43.42,3,Brisbane,52.74,0.0,
ORD-104603,B2B-20126,2025-11-17 09:43:30,2025-11-30 09:43:30,2025-11-30 09:43:30,0,76.28,3,Brisbane,415.01,0.0,
ORD-104604,B2B-16719,2026-05-31 15:18:10,2026-06-07 15:18:10,2026-06-10 15:18:10,3,54.76,7,Perth,326.27,1.0,Late Delivery
ORD-104605,B2B-80146,2025-10-22 18:52:32,2025-11-03 18:52:32,2025-11-06 18:52:32,3,84.2,7,Melbourne,723.44,0.0,
ORD-104606,B2B-34949,2025-12-16 19:20:12,2025-12-24 19:20:12,2025-12-17 19:20:12,-7,85.99,3,Adelaide,297.34,0.0,
ORD-104607,B2B-12689,2026-03-22 10:22:46,2026-03-29 10:22:46,2026-04-01 10:22:46,3,64.71,7,Melbourne,125.28,1.0,Late Delivery
ORD-104608,B2B-88750,2026-02-17 03:27:28,2026-02-27 03:27:28,2026-02-28 03:27:28,1,73.71,7,Melbourne,232.31,0.0,
ORD-104609,B2B-53585,2025-10-28 16:23:21,2025-11-07 16:23:21,2025-11-05 16:23:21,-2,60.45,7,Adelaide,277.3,0.0,
ORD-104610,B2B-20421,2026-06-15 20:38:37,2026-06-28 20:38:37,2026-07-01 20:38:37,3,93.95,3,Brisbane,718.6,0.0,
ORD-104611,B2B-26559,2025-11-12 22:17:07,2025-11-20 22:17:07,2025-11-18 22:17:07,-2,70.75,7,Melbourne,410.2,0.0,
ORD-104612,B2B-83884,2026-04-11 11:36:58,2026-04-23 11:36:58,2026-04-24 11:36:58,1,60.2,7,Perth,339.04,0.0,
ORD-104613,B2B-32334,2025-08-10 03:37:07,2025-08-20 03:37:07,2025-08-23 03:37:07,3,85.9,3,Perth,496.63,1.0,Late Delivery
ORD-104614,B2B-21663,2026-01-17 14:37:26,2026-01-28 14:37:26,2026-01-28 14:37:26,0,63.54,7,Perth,430.53,0.0,
ORD-104615,B2B-10240,2025-10-24 08:18:54,2025-11-02 08:18:54,2025-11-01 08:18:54,-1,69.82,7,Perth,327.65,0.0,
ORD-104616,B2B-68467,2025-11-30 12:50:01,2025-12-10 12:50:01,2025-12-09 12:50:01,-1,70.19,3,Brisbane,288.51,0.0,
ORD-104617,B2B-12858,2026-03-25 22:07:37,2026-04-08 22:07:37,2026-04-11 22:07:37,3,72.74,7,Brisbane,294.08,0.0,
ORD-104618,B2B-80380,2025-09-21 07:41:03,2025-10-02 07:41:03,2025-10-02 07:41:03,0,71.23,3,Adelaide,545.83,0.0,
ORD-104619,B2B-40702,2026-05-03 12:41:11,2026-05-14 12:41:11,2026-05-15 12:41:11,1,69.68,7,Perth,229.26,0.0,
ORD-104620,B2B-86819,2026-03-29 03:50:27,2026-04-12 03:50:27,2026-04-10 03:50:27,-2,86.24,3,Brisbane,531.68,0.0,
ORD-104621,B2B-68467,2025-12-09 07:19:55,2025-12-17 07:19:55,2025-12-16 07:19:55,-1,65.53,3,Brisbane,288.51,0.0,
ORD-104622,B2B-30729,2026-06-16 17:25:05,2026-06-23 17:25:05,2026-06-26 17:25:05,3,63.37,3,Melbourne,556.38,0.0,
ORD-104623,B2B-65084,2026-02-18 19:40:37,2026-03-03 19:40:37,2026-03-05 19:40:37,2,61.52,7,Brisbane,218.58,0.0,
ORD-104624,B2B-55547,2026-04-19 04:13:11,2026-05-02 04:13:11,2026-04-29 04:13:11,-3,88.37,3,Melbourne,437.05,0.0,
ORD-104625,B2B-12451,2026-07-17 10:17:13,2026-07-29 10:17:13,2026-07-29 10:17:13,0,80.38,3,Brisbane,110.17,0.0,
ORD-104626,B2B-88998,2025-08-16 13:44:06,2025-08-29 13:44:06,2025-08-27 13:44:06,-2,77.02,3,Brisbane,653.07,0.0,
ORD-104627,B2B-2144,2025-11-20 01:58:48,2025-11-30 01:58:48,2025-11-28 01:58:48,-2,91.44,7,Brisbane,421.59,0.0,
ORD-104628,B2B-86845,2025-09-01 01:06:48,2025-09-08 01:06:48,2025-09-08 01:06:48,0,57.04,3,Melbourne,198.3,0.0,
ORD-104629,B2B-89291,2025-09-07 21:06:43,2025-09-19 21:06:43,2025-09-20 21:06:43,1,70.04,3,Melbourne,355.57,0.0,
ORD-104630,B2B-71321,2026-04-27 04:49:25,2026-05-09 04:49:25,2026-05-11 04:49:25,2,82.91,7,Melbourne,460.1,0.0,
ORD-104631,B2B-74695,2026-03-18 22:11:22,2026-03-27 22:11:22,2026-04-02 22:11:22,6,92.03,3,Melbourne,672.08,1.0,Late Delivery
ORD-104632,B2B-72214,2025-08-10 02:03:30,2025-08-21 02:03:30,2025-08-22 02:03:30,1,64.28,3,Melbourne,211.97,0.0,
ORD-104633,B2B-89899,2025-11-15 07:23:19,2025-11-23 07:23:19,2025-11-23 07:23:19,0,95.04,3,Brisbane,618.63,0.0,
ORD-104634,B2B-15987,2025-12-04 09:08:58,2025-12-12 09:08:58,2025-12-12 09:08:58,0,95.16,3,Melbourne,646.88,0.0,
ORD-104635,B2B-11265,2026-02-02 06:33:02,2026-02-16 06:33:02,2026-02-14 06:33:02,-2,62.31,3,Brisbane,241.54,0.0,
ORD-104636,B2B-99085,2026-01-20 22:04:37,2026-02-02 22:04:37,2026-01-31 22:04:37,-2,77.74,7,Melbourne,721.6,0.0,
ORD-104637,B2B-9376,2026-03-12 08:20:01,2026-03-21 08:20:01,2026-03-22 08:20:01,1,60.7,3,Perth,81.95,0.0,
ORD-104638,B2B-54945,2026-07-28 02:29:30,2026-08-06 02:29:30,2026-08-07 02:29:30,1,68.89,7,Brisbane,251.33,0.0,
ORD-104639,B2B-86270,2026-07-21 11:36:46,2026-07-30 11:36:46,2026-07-30 11:36:46,0,82.82,3,Melbourne,535.47,0.0,
ORD-104640,B2B-40012,2025-08-09 00:54:17,2025-08-16 00:54:17,2025-08-16 00:54:17,0,43.08,7,Adelaide,70.68,0.0,
ORD-104641,B2B-99480,2026-02-27 07:27:01,2026-03-07 07:27:01,2026-03-07 07:27:01,0,75.07,3,Perth,448.58,0.0,
ORD-104642,B2B-51530,2026-02-20 03:28:19,2026-03-06 03:28:19,2026-03-08 03:28:19,2,61.41,3,Brisbane,257.73,1.0,Late Delivery
ORD-104643,B2B-70994,2025-08-03 11:30:12,2025-08-12 11:30:12,2025-08-13 11:30:12,1,65.14,7,Melbourne,301.53,0.0,
ORD-104644,B2B-89062,2026-01-02 03:41:40,2026-01-11 03:41:40,2026-01-13 03:41:40,2,62.74,7,Perth,129.41,0.0,
ORD-104645,B2B-47887,2026-04-27 03:03:23,2026-05-04 03:03:23,2026-05-06 03:03:23,2,85.73,3,Brisbane,421.59,0.0,
ORD-104646,B2B-49876,2025-12-14 21:36:03,2025-12-26 21:36:03,2025-12-25 21:36:03,-1,65.16,3,Adelaide,216.16,0.0,
ORD-104647,B2B-99085,2026-06-21 18:37:51,2026-07-04 18:37:51,2026-07-06 18:37:51,2,65.48,7,Melbourne,721.6,0.0,
ORD-104648,B2B-11907,2026-04-19 13:13:44,2026-04-28 13:13:44,2026-04-28 13:13:44,0,83.46,7,Brisbane,272.23,0.0,
ORD-104649,B2B-6304,2025-09-26 10:36:18,2025-10-09 10:36:18,2025-10-11 10:36:18,2,62.07,3,Brisbane,299.5,0.0,
ORD-104650,B2B-19214,2026-06-27 15:39:43,2026-07-10 15:39:43,2026-07-13 15:39:43,3,84.54,7,Melbourne,863.96,1.0,Customer Service
ORD-104651,B2B-99085,2025-11-18 14:08:47,2025-11-26 14:08:47,2025-11-26 14:08:47,0,95.13,7,Melbourne,721.6,0.0,
ORD-104652,B2B-63735,2025-12-03 10:13:39,2025-12-11 10:13:39,2025-12-13 10:13:39,2,54.2,3,Brisbane,225.01,0.0,
ORD-104653,B2B-1563,2026-02-05 11:46:13,2026-02-12 11:46:13,2026-02-12 11:46:13,0,53.91,3,Adelaide,182.02,0.0,
ORD-104654,B2B-10240,2026-05-13 15:42:27,2026-05-27 15:42:27,2026-05-27 15:42:27,0,56.76,7,Perth,327.65,0.0,
ORD-104655,B2B-21862,2026-07-12 20:26:15,2026-07-25 20:26:15,2026-07-25 20:26:15,0,99.24,3,Brisbane,673.76,0.0,
ORD-104656,B2B-54346,2026-05-22 14:08:06,2026-06-04 14:08:06,2026-06-06 14:08:06,2,97.82,7,Melbourne,648.51,0.0,
ORD-104657,B2B-65614,2025-09-20 09:50:24,2025-09-27 09:50:24,2025-09-27 09:50:24,0,61.87,3,Melbourne,319.56,0.0,
ORD-104658,B2B-69737,2026-03-01 09:29:22,2026-03-08 09:29:22,2026-03-08 09:29:22,0,72.39,7,Perth,298.94,0.0,
ORD-104659,B2B-50991,2026-05-15 12:26:37,2026-05-25 12:26:37,2026-05-24 12:26:37,-1,69.87,3,Adelaide,152.72,0.0,
ORD-104660,B2B-50778,2025-09-23 16:49:15,2025-10-02 16:49:15,2025-10-02 16:49:15,0,68.52,3,Brisbane,488.85,0.0,
ORD-104661,B2B-69737,2026-04-28 16:21:55,2026-05-05 16:21:55,2026-05-09 16:21:55,4,62.98,7,Perth,298.94,1.0,Late Delivery
ORD-104662,B2B-99069,2025-12-11 04:39:08,2025-12-21 04:39:08,2025-12-20 04:39:08,-1,86.17,3,Brisbane,505.28,0.0,
ORD-104663,B2B-4182,2025-10-11 18:06:11,2025-10-24 18:06:11,2025-10-25 18:06:11,1,62.68,3,Melbourne,385.92,0.0,
ORD-104664,B2B-68218,2026-05-03 06:19:11,2026-05-13 06:19:11,2026-05-10 06:19:11,-3,60.53,3,Melbourne,117.02,0.0,
ORD-104665,B2B-28375,2026-01-19 18:52:14,2026-01-29 18:52:14,2026-01-28 18:52:14,-1,80.11,3,Brisbane,465.41,0.0,
ORD-104666,B2B-33671,2025-08-14 16:27:43,2025-08-27 16:27:43,2025-08-29 16:27:43,2,75.64,7,Brisbane,831.52,0.0,
ORD-104667,B2B-42643,2026-01-14 07:17:14,2026-01-28 07:17:14,2026-01-24 07:17:14,-4,59.08,3,Brisbane,334.58,0.0,
ORD-104668,B2B-76032,2025-07-31 18:06:58,2025-08-12 18:06:58,2025-08-14 18:06:58,2,95.92,3,Melbourne,668.56,0.0,
ORD-104669,B2B-21862,2026-07-14 12:27:01,2026-07-21 12:27:01,2026-07-24 12:27:01,3,88.51,3,Brisbane,673.76,1.0,Late Delivery
ORD-104670,B2B-3443,2026-06-08 04:14:20,2026-06-20 04:14:20,2026-06-21 04:14:20,1,69.02,3,Adelaide,221.32,1.0,Customer Service
ORD-104671,B2B-75357,2026-05-25 15:58:44,2026-06-03 15:58:44,2026-06-06 15:58:44,3,66.97,3,Perth,507.79,1.0,Customer Service
ORD-104672,B2B-53047,2025-08-15 22:34:50,2025-08-24 22:34:50,2025-08-26 22:34:50,2,79.16,3,Brisbane,465.29,1.0,Late Delivery
ORD-104673,B2B-24999,2026-05-11 01:19:53,2026-05-19 01:19:53,2026-05-16 01:19:53,-3,77.47,7,Melbourne,573.77,0.0,
ORD-104674,B2B-36874,2025-12-05 09:48:52,2025-12-14 09:48:52,2025-12-15 09:48:52,1,82.24,3,Brisbane,580.4,0.0,
ORD-104675,B2B-99480,2026-07-19 05:50:50,2026-07-28 05:50:50,2026-07-28 05:50:50,0,74.67,3,Perth,448.58,0.0,
ORD-104676,B2B-6646,2026-01-25 11:49:11,2026-02-04 11:49:11,2026-02-05 11:49:11,1,62.65,7,Melbourne,81.69,0.0,
ORD-104677,B2B-47887,2026-06-24 17:47:44,2026-07-06 17:47:44,2026-07-06 17:47:44,0,61.5,3,Brisbane,421.59,0.0,
ORD-104678,B2B-46396,2026-01-28 21:07:53,2026-02-05 21:07:53,2026-02-05 21:07:53,0,66.79,7,Adelaide,251.37,0.0,
ORD-104679,B2B-73752,2026-07-01 00:00:20,2026-07-10 00:00:20,2026-07-06 00:00:20,-4,61.91,7,Perth,578.14,0.0,
ORD-104680,B2B-36771,2025-11-16 07:15:33,2025-11-29 07:15:33,2025-11-30 07:15:33,1,83.88,3,Brisbane,443.33,0.0,
ORD-104681,B2B-26239,2026-07-09 00:19:45,2026-07-20 00:19:45,2026-07-20 00:19:45,0,71.7,3,Brisbane,453.36,0.0,
ORD-104682,B2B-55207,2026-01-06 20:06:00,2026-01-18 20:06:00,2026-01-18 20:06:00,0,58.61,3,Brisbane,245.68,0.0,
ORD-104683,B2B-42643,2026-05-26 05:23:15,2026-06-06 05:23:15,2026-06-06 05:23:15,0,64.46,3,Brisbane,334.58,0.0,
ORD-104684,B2B-37007,2026-01-27 18:09:29,2026-02-03 18:09:29,2026-02-03 18:09:29,0,51.31,3,Adelaide,369.48,0.0,
ORD-104685,B2B-15429,2025-09-25 04:41:22,2025-10-05 04:41:22,2025-10-08 04:41:22,3,99.52,3,Brisbane,682.84,0.0,
ORD-104686,B2B-30230,2026-01-24 19:50:50,2026-01-31 19:50:50,2026-02-03 19:50:50,3,90.07,3,Brisbane,742.12,0.0,
ORD-104687,B2B-75395,2026-05-09 00:37:55,2026-05-18 00:37:55,2026-05-17 00:37:55,-1,66.95,7,Brisbane,95.08,0.0,
ORD-104688,B2B-93833,2026-05-10 03:48:30,2026-05-17 03:48:30,2026-05-19 03:48:30,2,61.59,3,Brisbane,418.51,0.0,
ORD-104689,B2B-99480,2026-01-21 03:40:09,2026-02-03 03:40:09,2026-02-03 03:40:09,0,66.25,3,Perth,448.58,0.0,
ORD-104690,B2B-69093,2026-06-24 03:34:13,2026-07-08 03:34:13,2026-07-09 03:34:13,1,88.59,3,Melbourne,464.74,1.0,Late Delivery
ORD-104691,B2B-13496,2025-08-09 16:21:15,2025-08-20 16:21:15,2025-08-22 16:21:15,2,81.99,3,Melbourne,404.5,0.0,
ORD-104692,B2B-74340,2026-02-11 00:50:40,2026-02-24 00:50:40,2026-02-28 00:50:40,4,89.19,7,Brisbane,697.85,0.0,
ORD-104693,B2B-80168,2025-11-24 13:39:03,2025-12-05 13:39:03,2025-12-03 13:39:03,-2,81.9,3,Brisbane,467.72,0.0,
ORD-104694,B2B-86845,2026-01-13 02:43:25,2026-01-23 02:43:25,2026-01-23 02:43:25,0,60.33,3,Melbourne,198.3,0.0,
ORD-104695,B2B-2979,2026-04-23 07:08:55,2026-05-07 07:08:55,2026-05-08 07:08:55,1,51.12,3,Brisbane,367.89,1.0,Late Delivery
ORD-104696,B2B-22162,2025-08-27 02:00:10,2025-09-10 02:00:10,2025-09-06 02:00:10,-4,74.71,3,Melbourne,263.03,0.0,
ORD-104697,B2B-6903,2025-08-08 14:18:06,2025-08-15 14:18:06,2025-08-15 14:18:06,0,71.16,3,Perth,112.24,0.0,
ORD-104698,B2B-54070,2025-12-24 05:07:40,2026-01-06 05:07:40,2026-01-07 05:07:40,1,59.68,3,Brisbane,415.03,0.0,
ORD-104699,B2B-50991,2026-01-24 01:21:50,2026-02-01 01:21:50,2026-01-30 01:21:50,-2,64.39,3,Adelaide,152.72,0.0,
ORD-104700,B2B-21723,2025-09-20 14:23:02,2025-10-03 14:23:02,2025-10-03 14:23:02,0,63.67,7,Perth,128.61,0.0,
ORD-104701,B2B-26090,2026-03-04 07:13:38,2026-03-12 07:13:38,2026-03-11 07:13:38,-1,89.55,7,Melbourne,685.13,0.0,
ORD-104702,B2B-76983,2025-12-14 06:31:34,2025-12-26 06:31:34,2025-12-26 06:31:34,0,53.5,7,Brisbane,167.27,0.0,
ORD-104703,B2B-12172,2025-11-30 21:46:02,2025-12-08 21:46:02,2025-12-15 21:46:02,7,78.99,7,Brisbane,499.33,1.0,Customer Service
ORD-104704,B2B-97276,2026-04-06 05:26:00,2026-04-16 05:26:00,2026-04-15 05:26:00,-1,78.53,3,Brisbane,198.51,0.0,
ORD-104705,B2B-52943,2025-09-06 06:34:20,2025-09-19 06:34:20,2025-09-21 06:34:20,2,102.73,7,Melbourne,856.21,0.0,
ORD-104706,B2B-48439,2025-12-25 00:44:19,2026-01-05 00:44:19,2026-01-05 00:44:19,0,74.48,3,Adelaide,187.34,0.0,
ORD-104707,B2B-21323,2025-12-13 07:32:36,2025-12-20 07:32:36,2025-12-21 07:32:36,1,49.91,3,Brisbane,105.37,1.0,Late Delivery
ORD-104708,B2B-89291,2025-10-27 00:06:46,2025-11-07 00:06:46,2025-11-11 00:06:46,4,59.3,3,Melbourne,355.57,0.0,
ORD-104709,B2B-17624,2026-06-10 21:00:48,2026-06-22 21:00:48,2026-06-24 21:00:48,2,72.6,3,Brisbane,231.66,0.0,
ORD-104710,B2B-83353,2026-07-02 00:57:33,2026-07-10 00:57:33,2026-07-09 00:57:33,-1,78.21,3,Melbourne,532.96,0.0,
ORD-104711,B2B-21723,2026-05-10 05:44:51,2026-05-24 05:44:51,2026-05-24 05:44:51,0,50.92,7,Perth,128.61,0.0,
ORD-104712,B2B-99156,2025-11-20 02:48:12,2025-11-30 02:48:12,2025-12-03 02:48:12,3,64.65,3,Melbourne,196.4,1.0,Late Delivery
ORD-104713,B2B-36206,2025-11-03 18:38:18,2025-11-16 18:38:18,2025-11-17 18:38:18,1,58.43,3,Perth,423.79,0.0,
ORD-104714,B2B-83901,2025-12-28 08:53:43,2026-01-10 08:53:43,2026-01-11 08:53:43,1,65.96,3,Brisbane,378.74,0.0,
ORD-104715,B2B-13496,2025-08-25 01:50:19,2025-09-05 01:50:19,2025-09-05 01:50:19,0,68.46,3,Melbourne,404.5,0.0,
ORD-104716,B2B-40989,2026-05-01 11:20:48,2026-05-11 11:20:48,2026-05-13 11:20:48,2,55.15,7,Perth,252.61,0.0,
ORD-104717,B2B-86270,2026-06-20 07:08:05,2026-07-02 07:08:05,2026-07-04 07:08:05,2,81.28,3,Melbourne,535.47,0.0,
ORD-104718,B2B-65273,2026-06-14 02:40:25,2026-06-22 02:40:25,2026-06-24 02:40:25,2,76.46,3,Melbourne,526.64,0.0,
ORD-104719,B2B-24203,2025-11-12 05:43:20,2025-11-22 05:43:20,2025-11-25 05:43:20,3,71.1,3,Brisbane,156.46,1.0,Late Delivery
ORD-104720,B2B-50778,2026-07-19 18:00:50,2026-08-01 18:00:50,2026-08-01 18:00:50,0,58.64,3,Brisbane,488.85,0.0,
ORD-104721,B2B-18191,2025-11-21 01:23:26,2025-12-02 01:23:26,2025-12-02 01:23:26,0,88.04,3,Adelaide,239.43,0.0,
ORD-104722,B2B-88555,2026-05-24 10:17:21,2026-06-03 10:17:21,2026-06-03 10:17:21,0,66.87,3,Brisbane,560.64,0.0,
ORD-104723,B2B-72214,2026-01-31 13:13:25,2026-02-08 13:13:25,2026-02-08 13:13:25,0,68.71,3,Melbourne,211.97,0.0,
ORD-104724,B2B-88750,2026-06-21 15:56:37,2026-06-30 15:56:37,2026-07-02 15:56:37,2,69.29,7,Melbourne,232.31,0.0,
ORD-104725,B2B-91091,2026-03-08 08:48:02,2026-03-20 08:48:02,2026-03-20 08:48:02,0,68.5,3,Brisbane,651.18,0.0,
ORD-104726,B2B-55930,2026-01-22 03:46:41,2026-01-31 03:46:41,2026-01-31 03:46:41,0,70.52,3,Adelaide,264.74,0.0,
ORD-104727,B2B-52072,2026-06-21 07:00:34,2026-06-30 07:00:34,2026-06-30 07:00:34,0,85.98,7,Brisbane,696.94,0.0,
ORD-104728,B2B-93209,2026-05-06 02:41:05,2026-05-15 02:41:05,2026-05-14 02:41:05,-1,52.55,3,Perth,214.25,0.0,
ORD-104729,B2B-84982,2025-09-20 19:00:36,2025-10-04 19:00:36,2025-10-04 19:00:36,0,67.02,3,Adelaide,168.92,0.0,
ORD-104730,B2B-89291,2026-06-29 14:07:50,2026-07-07 14:07:50,2026-07-07 14:07:50,0,49.77,3,Melbourne,355.57,0.0,
ORD-104731,B2B-91754,2026-06-01 14:33:13,2026-06-14 14:33:13,2026-06-12 14:33:13,-2,43.33,7,Adelaide,26.35,0.0,
ORD-104732,B2B-30729,2025-10-02 07:54:07,2025-10-09 07:54:07,2025-10-07 07:54:07,-2,84.47,3,Melbourne,556.38,0.0,
ORD-104733,B2B-59929,2026-06-08 19:35:03,2026-06-19 19:35:03,2026-06-19 19:35:03,0,46.63,3,Perth,145.95,0.0,
ORD-104734,B2B-13005,2025-11-06 20:14:35,2025-11-14 20:14:35,2025-11-15 20:14:35,1,77.69,3,Melbourne,364.43,1.0,Late Delivery
ORD-104735,B2B-36206,2026-06-04 10:05:00,2026-06-15 10:05:00,2026-06-16 10:05:00,1,82.5,3,Perth,423.79,1.0,Late Delivery
ORD-104736,B2B-89899,2026-02-04 06:16:37,2026-02-13 06:16:37,2026-02-16 06:16:37,3,59.5,3,Brisbane,618.63,1.0,Late Delivery
ORD-104737,B2B-582,2026-02-24 17:33:14,2026-03-05 17:33:14,2026-03-03 17:33:14,-2,50.15,3,Perth,244.06,0.0,
ORD-104738,B2B-52871,2025-08-23 18:15:12,2025-09-06 18:15:12,2025-09-10 18:15:12,4,94.32,3,Melbourne,625.46,1.0,Late Delivery
ORD-104739,B2B-60586,2025-12-02 20:18:21,2025-12-13 20:18:21,2025-12-13 20:18:21,0,111.12,3,Brisbane,738.48,0.0,
ORD-104740,B2B-19407,2025-09-20 10:04:51,2025-09-28 10:04:51,2025-09-29 10:04:51,1,58.2,3,Perth,308.14,0.0,
ORD-104741,B2B-43323,2026-02-28 06:28:11,2026-03-07 06:28:11,2026-03-07 06:28:11,0,78.57,7,Melbourne,593.06,0.0,
ORD-104742,B2B-74692,2026-04-10 02:52:21,2026-04-20 02:52:21,2026-04-20 02:52:21,0,61.97,3,Melbourne,309.02,0.0,
ORD-104743,B2B-47887,2026-04-05 15:20:26,2026-04-14 15:20:26,2026-04-16 15:20:26,2,58.83,3,Brisbane,421.59,0.0,
ORD-104744,B2B-76315,2026-06-14 05:42:23,2026-06-23 05:42:23,2026-06-28 05:42:23,5,77.66,3,Melbourne,617.5,1.0,Late Delivery
ORD-104745,B2B-12409,2026-02-05 14:16:35,2026-02-19 14:16:35,2026-02-18 14:16:35,-1,59.63,7,Adelaide,200.39,0.0,
ORD-104746,B2B-80489,2026-07-30 06:04:53,2026-08-07 06:04:53,2026-08-05 06:04:53,-2,77.21,3,Brisbane,668.13,0.0,
ORD-104747,B2B-55267,2025-12-18 12:00:45,2025-12-29 12:00:45,2025-12-27 12:00:45,-2,65.56,3,Brisbane,417.67,0.0,
ORD-104748,B2B-51091,2026-04-14 22:34:05,2026-04-24 22:34:05,2026-04-22 22:34:05,-2,81.8,3,Melbourne,632.83,0.0,
ORD-104749,B2B-31938,2025-08-27 11:54:30,2025-09-06 11:54:30,2025-09-03 11:54:30,-3,55.01,3,Melbourne,430.15,0.0,
ORD-104750,B2B-55272,2025-09-20 15:33:10,2025-10-02 15:33:10,2025-10-02 15:33:10,0,67.16,7,Brisbane,344.57,0.0,
ORD-104751,B2B-54897,2025-12-15 13:45:32,2025-12-26 13:45:32,2025-12-26 13:45:32,0,71.45,3,Melbourne,287.59,0.0,
ORD-104752,B2B-79534,2026-04-21 18:07:19,2026-05-04 18:07:19,2026-05-04 18:07:19,0,71.72,3,Melbourne,248.84,0.0,
ORD-104753,B2B-21097,2025-10-24 10:56:43,2025-11-03 10:56:43,2025-11-03 10:56:43,0,44.25,3,Melbourne,138.29,0.0,
ORD-104754,B2B-52585,2026-07-11 07:05:03,2026-07-24 07:05:03,2026-07-24 07:05:03,0,62.43,7,Brisbane,496.03,0.0,
ORD-104755,B2B-34949,2026-04-14 04:01:15,2026-04-27 04:01:15,2026-04-22 04:01:15,-5,53.54,3,Adelaide,297.34,0.0,
ORD-104756,B2B-99105,2026-06-07 16:53:09,2026-06-20 16:53:09,2026-06-24 16:53:09,4,75.57,3,Brisbane,503.69,1.0,Late Delivery
ORD-104757,B2B-4727,2026-07-16 19:36:48,2026-07-28 19:36:48,2026-07-27 19:36:48,-1,83.77,7,Adelaide,619.93,0.0,
ORD-104758,B2B-62940,2025-09-26 06:41:19,2025-10-08 06:41:19,2025-10-09 06:41:19,1,61.72,3,Perth,79.42,0.0,
ORD-104759,B2B-14626,2025-12-23 20:52:12,2026-01-01 20:52:12,2026-01-01 20:52:12,0,84.84,3,Melbourne,632.92,0.0,
ORD-104760,B2B-52689,2025-12-01 02:32:15,2025-12-15 02:32:15,2025-12-12 02:32:15,-3,87.39,3,Melbourne,643.13,0.0,
ORD-104761,B2B-87928,2026-03-14 20:12:37,2026-03-28 20:12:37,2026-03-27 20:12:37,-1,67.08,3,Perth,293.15,0.0,
ORD-104762,B2B-69665,2026-06-13 19:16:25,2026-06-23 19:16:25,2026-06-19 19:16:25,-4,89.72,3,Melbourne,585.98,0.0,
ORD-104763,B2B-916,2025-10-06 11:55:46,2025-10-18 11:55:46,2025-10-17 11:55:46,-1,46.08,3,Melbourne,189.92,0.0,
ORD-104764,B2B-13926,2026-05-16 10:08:38,2026-05-28 10:08:38,2026-05-28 10:08:38,0,84.51,3,Brisbane,662.59,0.0,
ORD-104765,B2B-29283,2026-03-12 07:00:25,2026-03-25 07:00:25,2026-03-27 07:00:25,2,44.27,3,Perth,334.32,0.0,
ORD-104766,B2B-15429,2026-03-19 10:06:55,2026-04-01 10:06:55,2026-04-01 10:06:55,0,62.57,3,Brisbane,682.84,0.0,
ORD-104767,B2B-41869,2026-04-05 18:51:35,2026-04-13 18:51:35,2026-04-14 18:51:35,1,67.5,7,Brisbane,608.63,0.0,
ORD-104768,B2B-42643,2026-03-21 14:04:08,2026-03-31 14:04:08,2026-04-01 14:04:08,1,78.54,3,Brisbane,334.58,0.0,
ORD-104769,B2B-21323,2026-07-24 11:50:36,2026-08-03 11:50:36,2026-08-03 11:50:36,0,54.89,3,Brisbane,105.37,0.0,
ORD-104770,B2B-3524,2025-08-31 04:24:29,2025-09-09 04:24:29,2025-09-10 04:24:29,1,42.17,3,Melbourne,100.69,0.0,
ORD-104771,B2B-17520,2025-08-31 08:00:05,2025-09-08 08:00:05,2025-09-05 08:00:05,-3,63.26,7,Melbourne,74.84,0.0,
ORD-104772,B2B-67047,2025-10-17 19:56:29,2025-10-27 19:56:29,2025-10-28 19:56:29,1,75.2,3,Brisbane,131.63,0.0,
ORD-104773,B2B-77562,2025-09-28 11:58:01,2025-10-11 11:58:01,2025-10-10 11:58:01,-1,50.87,7,Perth,194.73,0.0,
ORD-104774,B2B-34949,2025-11-04 12:39:25,2025-11-15 12:39:25,2025-11-19 12:39:25,4,66.79,3,Adelaide,297.34,1.0,Late Delivery
ORD-104775,B2B-34949,2026-04-07 06:17:39,2026-04-20 06:17:39,2026-04-19 06:17:39,-1,54.43,3,Adelaide,297.34,0.0,
ORD-104776,B2B-76363,2026-07-16 22:25:13,2026-07-27 22:25:13,2026-07-27 22:25:13,0,72.91,7,Melbourne,555.75,0.0,
ORD-104777,B2B-67244,2026-04-29 16:41:50,2026-05-06 16:41:50,2026-05-12 16:41:50,6,67.01,3,Brisbane,698.62,1.0,Late Delivery
ORD-104778,B2B-760,2025-11-22 23:38:13,2025-12-01 23:38:13,2025-12-02 23:38:13,1,68.74,3,Adelaide,248.77,0.0,
ORD-104779,B2B-43323,2025-08-01 07:39:45,2025-08-11 07:39:45,2025-08-10 07:39:45,-1,77.9,7,Melbourne,593.06,0.0,
ORD-104780,B2B-50991,2025-11-22 21:14:03,2025-11-29 21:14:03,2025-11-30 21:14:03,1,60.3,3,Adelaide,152.72,0.0,
ORD-104781,B2B-1575,2026-07-24 07:01:38,2026-08-06 07:01:38,2026-08-04 07:01:38,-2,63.85,3,Adelaide,313.76,0.0,
ORD-104782,B2B-41230,2026-07-17 05:13:30,2026-07-28 05:13:30,2026-07-27 05:13:30,-1,55.65,3,Adelaide,106.34,0.0,
ORD-104783,B2B-2773,2026-03-20 22:41:36,2026-04-01 22:41:36,2026-04-04 22:41:36,3,62.87,3,Perth,223.95,0.0,
ORD-104784,B2B-52106,2026-01-03 16:03:20,2026-01-10 16:03:20,2026-01-11 16:03:20,1,96.22,3,Brisbane,665.15,0.0,
ORD-104785,B2B-46127,2025-10-13 08:14:33,2025-10-20 08:14:33,2025-10-23 08:14:33,3,84.55,3,Brisbane,494.33,0.0,
ORD-104786,B2B-90471,2026-05-04 19:51:29,2026-05-16 19:51:29,2026-05-12 19:51:29,-4,87.21,3,Brisbane,681.93,0.0,
ORD-104787,B2B-55272,2026-03-16 10:20:59,2026-03-27 10:20:59,2026-03-28 10:20:59,1,47.52,7,Brisbane,344.57,0.0,
ORD-104788,B2B-87928,2025-09-21 06:32:16,2025-09-30 06:32:16,2025-10-03 06:32:16,3,60.57,3,Perth,293.15,0.0,
ORD-104789,B2B-42934,2025-08-10 20:12:48,2025-08-20 20:12:48,2025-08-20 20:12:48,0,84.43,3,Brisbane,637.56,0.0,
ORD-104790,B2B-74018,2026-03-14 04:29:57,2026-03-23 04:29:57,2026-03-21 04:29:57,-2,79.23,3,Brisbane,437.58,0.0,
ORD-104791,B2B-96594,2026-03-07 00:54:10,2026-03-16 00:54:10,2026-03-19 00:54:10,3,51.15,7,Adelaide,317.48,0.0,
ORD-104792,B2B-83562,2025-08-27 15:16:50,2025-09-07 15:16:50,2025-09-06 15:16:50,-1,56.35,7,Brisbane,229.29,0.0,
ORD-104793,B2B-4182,2026-06-11 00:42:05,2026-06-18 00:42:05,2026-06-16 00:42:05,-2,69.08,3,Melbourne,385.92,0.0,
ORD-104794,B2B-67244,2026-02-16 04:23:37,2026-03-02 04:23:37,2026-02-28 04:23:37,-2,79.97,3,Brisbane,698.62,0.0,
ORD-104795,B2B-40535,2026-07-28 00:36:39,2026-08-07 00:36:39,2026-08-12 00:36:39,5,85.96,3,Brisbane,625.16,0.0,
ORD-104796,B2B-56377,2026-05-25 01:45:59,2026-06-07 01:45:59,2026-06-05 01:45:59,-2,77.64,3,Perth,536.78,1.0,Quality Issue
ORD-104797,B2B-38398,2026-04-16 20:21:26,2026-04-30 20:21:26,2026-05-01 20:21:26,1,85.36,3,Brisbane,610.12,0.0,
ORD-104798,B2B-53047,2026-01-06 09:23:14,2026-01-14 09:23:14,2026-01-14 09:23:14,0,77.14,3,Brisbane,465.29,0.0,
ORD-104799,B2B-34949,2025-08-16 04:01:57,2025-08-26 04:01:57,2025-08-25 04:01:57,-1,76.76,3,Adelaide,297.34,0.0,
ORD-104800,B2B-45405,2026-05-14 01:30:46,2026-05-21 01:30:46,2026-05-20 01:30:46,-1,89.67,7,Melbourne,705.59,0.0,
ORD-104801,B2B-30192,2026-02-07 16:32:07,2026-02-15 16:32:07,2026-02-15 16:32:07,0,99.97,7,Melbourne,660.18,0.0,
ORD-104802,B2B-34949,2026-03-21 11:31:25,2026-03-28 11:31:25,2026-03-28 11:31:25,0,64.08,3,Adelaide,297.34,1.0,Quality Issue
ORD-104803,B2B-15534,2025-08-15 20:53:12,2025-08-27 20:53:12,2025-08-29 20:53:12,2,103.2,3,Brisbane,688.04,0.0,
ORD-104804,B2B-3948,2026-05-09 22:56:27,2026-05-22 22:56:27,2026-05-28 22:56:27,6,85.82,3,Melbourne,668.85,1.0,Late Delivery
ORD-104805,B2B-5208,2026-02-18 03:06:36,2026-02-28 03:06:36,2026-02-26 03:06:36,-2,68.59,3,Brisbane,483.35,0.0,
ORD-104806,B2B-67047,2025-10-30 03:56:57,2025-11-09 03:56:57,2025-11-08 03:56:57,-1,50.68,3,Brisbane,131.63,0.0,
ORD-104807,B2B-71321,2026-03-18 05:39:07,2026-03-28 05:39:07,2026-03-26 05:39:07,-2,65.39,7,Melbourne,460.1,0.0,
ORD-104808,B2B-31938,2026-06-25 04:19:41,2026-07-09 04:19:41,2026-07-11 04:19:41,2,70.55,3,Melbourne,430.15,0.0,
ORD-104809,B2B-97179,2026-02-09 23:21:37,2026-02-16 23:21:37,2026-02-16 23:21:37,0,72.98,3,Melbourne,566.59,0.0,
ORD-104810,B2B-69093,2026-01-17 20:15:08,2026-01-27 20:15:08,2026-01-27 20:15:08,0,77.58,3,Melbourne,464.74,0.0,
ORD-104811,B2B-2773,2026-04-08 08:49:14,2026-04-22 08:49:14,2026-04-24 08:49:14,2,68.77,3,Perth,223.95,0.0,
ORD-104812,B2B-81896,2026-05-07 09:17:51,2026-05-17 09:17:51,2026-05-18 09:17:51,1,57.51,3,Brisbane,219.03,0.0,
ORD-104813,B2B-12172,2025-09-15 12:56:29,2025-09-28 12:56:29,2025-09-29 12:56:29,1,79.49,7,Brisbane,499.33,0.0,
ORD-104814,B2B-86845,2026-04-18 01:24:38,2026-04-27 01:24:38,2026-04-27 01:24:38,0,47.92,3,Melbourne,198.3,0.0,
ORD-104815,B2B-916,2025-11-17 02:13:02,2025-11-26 02:13:02,2025-11-28 02:13:02,2,54.79,3,Melbourne,189.92,0.0,
ORD-104816,B2B-80489,2025-08-03 08:28:37,2025-08-15 08:28:37,2025-08-18 08:28:37,3,74.42,3,Brisbane,668.13,0.0,
ORD-104817,B2B-70880,2026-06-02 09:30:43,2026-06-15 09:30:43,2026-06-14 09:30:43,-1,77.34,3,Brisbane,644.27,0.0,
ORD-104818,B2B-86225,2026-03-20 12:15:10,2026-03-27 12:15:10,2026-03-29 12:15:10,2,65.4,3,Perth,237.6,0.0,
ORD-104819,B2B-6492,2026-07-27 10:21:36,2026-08-03 10:21:36,2026-08-02 10:21:36,-1,56.04,3,Brisbane,348.96,0.0,
ORD-104820,B2B-74695,2026-07-20 23:12:44,2026-07-29 23:12:44,2026-07-29 23:12:44,0,85.23,3,Melbourne,672.08,0.0,
ORD-104821,B2B-28688,2026-05-01 16:22:38,2026-05-13 16:22:38,2026-05-13 16:22:38,0,73.13,3,Perth,477.49,0.0,
ORD-104822,B2B-96058,2025-10-20 09:23:38,2025-11-02 09:23:38,2025-11-01 09:23:38,-1,61.69,7,Melbourne,216.57,0.0,
ORD-104823,B2B-45405,2026-05-30 00:27:26,2026-06-06 00:27:26,2026-06-09 00:27:26,3,87.22,7,Melbourne,705.59,0.0,
ORD-104824,B2B-26090,2026-02-01 18:46:15,2026-02-08 18:46:15,2026-02-08 18:46:15,0,89.13,7,Melbourne,685.13,0.0,
ORD-104825,B2B-84509,2026-01-23 18:46:26,2026-01-31 18:46:26,2026-01-31 18:46:26,0,97.56,3,Brisbane,417.09,0.0,
ORD-104826,B2B-67244,2026-04-15 23:29:10,2026-04-24 23:29:10,2026-04-27 23:29:10,3,90.42,3,Brisbane,698.62,0.0,
ORD-104827,B2B-64224,2026-04-18 12:19:43,2026-05-01 12:19:43,2026-05-02 12:19:43,1,54.02,3,Brisbane,300.91,0.0,
ORD-104828,B2B-88555,2026-01-08 19:20:42,2026-01-22 19:20:42,2026-01-27 19:20:42,5,86.26,3,Brisbane,560.64,0.0,
ORD-104829,B2B-26819,2025-08-18 04:10:39,2025-08-29 04:10:39,2025-08-29 04:10:39,0,59.0,7,Brisbane,325.12,1.0,Quality Issue
ORD-104830,B2B-38826,2026-03-03 11:33:50,2026-03-11 11:33:50,2026-03-12 11:33:50,1,83.81,7,Brisbane,536.49,0.0,
ORD-104831,B2B-88226,2026-04-28 04:32:50,2026-05-09 04:32:50,2026-05-08 04:32:50,-1,89.23,3,Brisbane,836.71,0.0,
ORD-104832,B2B-91754,2026-07-25 01:26:49,2026-08-07 01:26:49,2026-08-09 01:26:49,2,53.48,7,Adelaide,26.35,1.0,Late Delivery
ORD-104833,B2B-43323,2026-06-01 06:03:00,2026-06-09 06:03:00,2026-06-06 06:03:00,-3,73.73,7,Melbourne,593.06,0.0,
ORD-104834,B2B-74692,2026-02-21 19:34:34,2026-02-28 19:34:34,2026-03-01 19:34:34,1,70.88,3,Melbourne,309.02,0.0,
ORD-104835,B2B-29283,2026-01-24 12:17:56,2026-02-03 12:17:56,2026-02-03 12:17:56,0,65.82,3,Perth,334.32,0.0,
ORD-104836,B2B-65084,2025-10-27 22:00:20,2025-11-10 22:00:20,2025-11-10 22:00:20,0,44.47,7,Brisbane,218.58,0.0,
ORD-104837,B2B-34548,2026-07-21 08:10:36,2026-07-29 08:10:36,2026-07-31 08:10:36,2,75.52,7,Melbourne,666.29,0.0,
ORD-104838,B2B-77067,2026-02-25 04:56:27,2026-03-11 04:56:27,2026-03-12 04:56:27,1,79.91,7,Melbourne,322.91,0.0,
ORD-104839,B2B-64472,2025-09-11 17:39:52,2025-09-24 17:39:52,2025-09-22 17:39:52,-2,82.21,3,Melbourne,409.98,0.0,
ORD-104840,B2B-70994,2026-04-17 01:43:44,2026-04-26 01:43:44,2026-04-26 01:43:44,0,65.89,7,Melbourne,301.53,0.0,
ORD-104841,B2B-9589,2026-02-10 22:54:24,2026-02-24 22:54:24,2026-02-24 22:54:24,0,82.99,3,Brisbane,646.64,0.0,
ORD-104842,B2B-699,2026-04-14 07:07:06,2026-04-27 07:07:06,2026-04-25 07:07:06,-2,82.5,3,Melbourne,312.08,0.0,
ORD-104843,B2B-76411,2026-06-27 07:18:24,2026-07-10 07:18:24,2026-07-12 07:18:24,2,78.15,3,Melbourne,806.71,0.0,
ORD-104844,B2B-86465,2025-09-26 05:12:23,2025-10-06 05:12:23,2025-10-03 05:12:23,-3,55.81,7,Brisbane,662.66,0.0,
ORD-104845,B2B-12409,2026-02-07 21:27:30,2026-02-14 21:27:30,2026-02-14 21:27:30,0,70.62,7,Adelaide,200.39,0.0,
ORD-104846,B2B-69860,2026-07-03 15:32:02,2026-07-15 15:32:02,2026-07-14 15:32:02,-1,76.06,3,Melbourne,629.23,0.0,
ORD-104847,B2B-38398,2025-12-26 20:34:29,2026-01-04 20:34:29,2026-01-04 20:34:29,0,86.29,3,Brisbane,610.12,0.0,
ORD-104848,B2B-43536,2026-04-14 23:40:59,2026-04-22 23:40:59,2026-04-24 23:40:59,2,84.01,3,Melbourne,599.85,0.0,
ORD-104849,B2B-11521,2026-05-27 06:58:38,2026-06-03 06:58:38,2026-06-02 06:58:38,-1,59.06,3,Perth,26.15,0.0,
ORD-104850,B2B-75357,2026-05-05 17:41:41,2026-05-13 17:41:41,2026-05-13 17:41:41,0,75.26,3,Perth,507.79,0.0,
ORD-104851,B2B-24971,2026-03-05 15:00:37,2026-03-18 15:00:37,2026-03-16 15:00:37,-2,67.21,3,Melbourne,288.01,0.0,
ORD-104852,B2B-1563,2026-06-29 16:31:20,2026-07-07 16:31:20,2026-07-09 16:31:20,2,55.81,3,Adelaide,182.02,1.0,Late Delivery
ORD-104853,B2B-69737,2026-03-24 15:44:17,2026-04-01 15:44:17,2026-03-31 15:44:17,-1,53.1,7,Perth,298.94,0.0,
ORD-104854,B2B-93066,2026-01-20 17:25:30,2026-01-27 17:25:30,2026-02-01 17:25:30,5,64.35,3,Melbourne,275.44,1.0,Late Delivery
ORD-104855,B2B-26477,2026-05-17 17:19:20,2026-05-29 17:19:20,2026-05-28 17:19:20,-1,57.01,3,Melbourne,267.63,0.0,
ORD-104856,B2B-92368,2026-03-03 16:00:57,2026-03-17 16:00:57,2026-03-17 16:00:57,0,65.44,3,Brisbane,113.13,0.0,
ORD-104857,B2B-6646,2025-08-14 15:29:07,2025-08-21 15:29:07,2025-08-22 15:29:07,1,64.36,7,Melbourne,81.69,0.0,
ORD-104858,B2B-20256,2026-01-08 11:15:55,2026-01-20 11:15:55,2026-01-23 11:15:55,3,52.82,3,Adelaide,276.38,0.0,
ORD-104859,B2B-59929,2026-07-24 13:49:29,2026-07-31 13:49:29,2026-07-31 13:49:29,0,55.47,3,Perth,145.95,0.0,
ORD-104860,B2B-95842,2026-04-03 15:00:43,2026-04-11 15:00:43,2026-04-14 15:00:43,3,89.98,3,Brisbane,492.01,0.0,
ORD-104861,B2B-1530,2026-07-13 04:20:53,2026-07-23 04:20:53,2026-07-23 04:20:53,0,59.6,3,Brisbane,38.68,0.0,
ORD-104862,B2B-68926,2026-06-13 23:06:52,2026-06-24 23:06:52,2026-06-23 23:06:52,-1,49.89,3,Brisbane,258.66,0.0,
ORD-104863,B2B-6404,2025-08-29 22:33:34,2025-09-11 22:33:34,2025-09-11 22:33:34,0,90.14,3,Brisbane,732.93,0.0,
ORD-104864,B2B-1563,2025-11-23 22:51:22,2025-12-03 22:51:22,2025-12-07 22:51:22,4,37.3,3,Adelaide,182.02,0.0,
ORD-104865,B2B-62271,2025-08-24 15:52:41,2025-09-07 15:52:41,2025-09-06 15:52:41,-1,74.25,7,Melbourne,288.22,0.0,
ORD-104866,B2B-75641,2025-11-14 08:30:26,2025-11-23 08:30:26,2025-11-23 08:30:26,0,48.53,3,Adelaide,39.25,0.0,
ORD-104867,B2B-28602,2026-04-18 10:31:01,2026-04-28 10:31:01,2026-04-26 10:31:01,-2,63.69,3,Melbourne,223.1,0.0,
ORD-104868,B2B-9589,2025-11-09 05:31:18,2025-11-18 05:31:18,2025-11-18 05:31:18,0,95.78,3,Brisbane,646.64,0.0,
ORD-104869,B2B-36952,2026-06-14 20:21:26,2026-06-28 20:21:26,2026-06-29 20:21:26,1,91.27,7,Melbourne,659.01,0.0,
ORD-104870,B2B-55547,2025-12-08 05:57:56,2025-12-22 05:57:56,2025-12-23 05:57:56,1,50.86,3,Melbourne,437.05,0.0,
ORD-104871,B2B-75299,2025-10-08 06:07:09,2025-10-20 06:07:09,2025-10-18 06:07:09,-2,75.58,3,Brisbane,418.34,0.0,
ORD-104872,B2B-51091,2026-05-29 17:12:11,2026-06-07 17:12:11,2026-06-04 17:12:11,-3,97.11,3,Melbourne,632.83,0.0,
ORD-104873,B2B-17740,2025-11-12 06:47:00,2025-11-26 06:47:00,2025-11-27 06:47:00,1,75.58,3,Perth,162.38,0.0,
ORD-104874,B2B-58097,2026-06-03 06:59:00,2026-06-10 06:59:00,2026-06-13 06:59:00,3,87.86,3,Melbourne,527.36,1.0,Late Delivery
ORD-104875,B2B-70880,2026-03-05 06:05:54,2026-03-16 06:05:54,2026-03-18 06:05:54,2,85.25,3,Brisbane,644.27,0.0,
ORD-104876,B2B-32334,2025-12-31 03:34:13,2026-01-13 03:34:13,2026-01-09 03:34:13,-4,63.62,3,Perth,496.63,0.0,
ORD-104877,B2B-43127,2025-09-02 05:45:59,2025-09-12 05:45:59,2025-09-13 05:45:59,1,82.77,7,Melbourne,363.12,1.0,Late Delivery
ORD-104878,B2B-49876,2026-05-05 18:12:38,2026-05-14 18:12:38,2026-05-14 18:12:38,0,68.62,3,Adelaide,216.16,0.0,
ORD-104879,B2B-67244,2025-10-08 07:02:59,2025-10-18 07:02:59,2025-10-17 07:02:59,-1,73.43,3,Brisbane,698.62,0.0,
ORD-104880,B2B-3948,2025-11-12 23:53:39,2025-11-25 23:53:39,2025-11-25 23:53:39,0,76.96,3,Melbourne,668.85,0.0,
ORD-104881,B2B-469,2025-12-15 17:03:46,2025-12-22 17:03:46,2025-12-21 17:03:46,-1,88.09,7,Brisbane,568.96,0.0,
ORD-104882,B2B-53868,2026-06-26 20:55:35,2026-07-04 20:55:35,2026-07-04 20:55:35,0,59.57,3,Melbourne,40.78,0.0,
ORD-104883,B2B-20256,2025-10-09 22:45:10,2025-10-18 22:45:10,2025-10-19 22:45:10,1,51.43,3,Adelaide,276.38,0.0,
ORD-104884,B2B-50609,2026-03-24 16:37:34,2026-04-01 16:37:34,2026-04-01 16:37:34,0,62.7,7,Melbourne,160.69,0.0,
ORD-104885,B2B-73752,2026-01-12 12:53:33,2026-01-21 12:53:33,2026-01-23 12:53:33,2,77.96,7,Perth,578.14,1.0,Late Delivery
ORD-104886,B2B-9272,2026-02-01 05:38:19,2026-02-11 05:38:19,2026-02-11 05:38:19,0,72.19,3,Brisbane,404.59,0.0,
ORD-104887,B2B-55207,2025-11-20 02:41:07,2025-11-30 02:41:07,2025-11-28 02:41:07,-2,48.93,3,Brisbane,245.68,0.0,
ORD-104888,B2B-69860,2026-04-24 12:54:08,2026-05-07 12:54:08,2026-05-07 12:54:08,0,77.92,3,Melbourne,629.23,0.0,
ORD-104889,B2B-78955,2026-03-01 20:03:49,2026-03-10 20:03:49,2026-03-10 20:03:49,0,64.89,3,Adelaide,132.63,0.0,
ORD-104890,B2B-3380,2026-01-27 02:02:58,2026-02-09 02:02:58,2026-02-09 02:02:58,0,47.91,3,Perth,113.43,1.0,Quality Issue
ORD-104891,B2B-21647,2025-12-30 04:04:53,2026-01-07 04:04:53,2026-01-11 04:04:53,4,66.44,3,Perth,378.29,1.0,Late Delivery
ORD-104892,B2B-78279,2026-04-23 07:51:44,2026-05-02 07:51:44,2026-05-01 07:51:44,-1,53.17,3,Adelaide,40.95,0.0,
ORD-104893,B2B-12451,2026-07-24 12:13:54,2026-07-31 12:13:54,2026-08-01 12:13:54,1,46.21,3,Brisbane,110.17,1.0,Late Delivery
ORD-104894,B2B-82260,2026-03-20 15:38:31,2026-03-29 15:38:31,2026-03-29 15:38:31,0,98.25,7,Melbourne,634.11,0.0,
ORD-104895,B2B-70408,2026-03-16 12:34:08,2026-03-28 12:34:08,2026-03-30 12:34:08,2,71.45,3,Brisbane,324.91,0.0,
ORD-104896,B2B-84058,2026-06-04 03:26:58,2026-06-16 03:26:58,2026-06-20 03:26:58,4,70.51,3,Brisbane,322.72,1.0,Late Delivery
ORD-104897,B2B-25226,2026-07-16 14:45:30,2026-07-24 14:45:30,2026-07-24 14:45:30,0,54.56,3,Melbourne,147.8,0.0,
ORD-104898,B2B-93117,2025-11-25 15:15:36,2025-12-04 15:15:36,2025-12-04 15:15:36,0,59.29,3,Brisbane,583.68,0.0,
ORD-104899,B2B-79534,2025-09-10 02:25:54,2025-09-17 02:25:54,2025-09-21 02:25:54,4,57.39,3,Melbourne,248.84,1.0,Late Delivery
ORD-104900,B2B-99480,2026-05-15 17:40:44,2026-05-24 17:40:44,2026-05-29 17:40:44,5,76.65,3,Perth,448.58,0.0,
ORD-104901,B2B-19407,2025-09-07 14:16:51,2025-09-18 14:16:51,2025-09-20 14:16:51,2,62.62,3,Perth,308.14,0.0,
ORD-104902,B2B-58252,2025-12-05 12:38:41,2025-12-15 12:38:41,2025-12-17 12:38:41,2,75.9,3,Melbourne,190.25,0.0,
ORD-104903,B2B-88506,2026-02-10 07:08:58,2026-02-19 07:08:58,2026-02-22 07:08:58,3,61.83,3,Adelaide,379.24,0.0,
ORD-104904,B2B-38648,2026-06-10 07:52:08,2026-06-21 07:52:08,2026-06-18 07:52:08,-3,62.96,3,Brisbane,104.04,0.0,
ORD-104905,B2B-3524,2026-05-31 10:32:02,2026-06-10 10:32:02,2026-06-11 10:32:02,1,61.74,3,Melbourne,100.69,0.0,
ORD-104906,B2B-19617,2025-11-21 06:36:34,2025-12-03 06:36:34,2025-12-05 06:36:34,2,64.34,7,Adelaide,408.26,0.0,
ORD-104907,B2B-16506,2026-03-18 10:04:44,2026-03-28 10:04:44,2026-03-27 10:04:44,-1,65.3,3,Brisbane,422.23,0.0,
ORD-104908,B2B-24194,2026-01-30 11:11:36,2026-02-07 11:11:36,2026-02-09 11:11:36,2,70.36,7,Melbourne,142.61,0.0,
ORD-104909,B2B-90320,2025-09-13 20:37:38,2025-09-25 20:37:38,2025-09-19 20:37:38,-6,78.1,7,Brisbane,519.08,0.0,
ORD-104910,B2B-69678,2025-11-14 11:02:02,2025-11-25 11:02:02,2025-11-25 11:02:02,0,57.7,3,Melbourne,207.28,0.0,
ORD-104911,B2B-81277,2025-10-23 02:26:03,2025-11-01 02:26:03,2025-10-31 02:26:03,-1,75.09,3,Melbourne,659.12,0.0,
ORD-104912,B2B-35806,2025-09-13 00:24:57,2025-09-27 00:24:57,2025-09-24 00:24:57,-3,87.09,3,Adelaide,167.05,0.0,
ORD-104913,B2B-67047,2026-04-30 01:03:38,2026-05-12 01:03:38,2026-05-12 01:03:38,0,68.44,3,Brisbane,131.63,0.0,
ORD-104914,B2B-11784,2025-10-28 02:42:30,2025-11-06 02:42:30,2025-11-06 02:42:30,0,58.0,7,Brisbane,537.63,0.0,
ORD-104915,B2B-18051,2025-10-22 20:48:30,2025-10-30 20:48:30,2025-10-31 20:48:30,1,64.27,3,Melbourne,606.19,1.0,Late Delivery
ORD-104916,B2B-42643,2025-08-24 00:26:36,2025-09-06 00:26:36,2025-09-09 00:26:36,3,65.17,3,Brisbane,334.58,0.0,
ORD-104917,B2B-43127,2025-12-12 15:18:55,2025-12-26 15:18:55,2025-12-27 15:18:55,1,67.87,7,Melbourne,363.12,0.0,
ORD-104918,B2B-50778,2025-11-10 20:35:10,2025-11-21 20:35:10,2025-11-25 20:35:10,4,87.45,3,Brisbane,488.85,1.0,Late Delivery
ORD-104919,B2B-9589,2026-05-11 08:04:53,2026-05-18 08:04:53,2026-05-18 08:04:53,0,81.76,3,Brisbane,646.64,0.0,
ORD-104920,B2B-79786,2026-04-07 04:48:44,2026-04-15 04:48:44,2026-04-16 04:48:44,1,87.63,7,Melbourne,588.46,1.0,Late Delivery
ORD-104921,B2B-80845,2025-08-01 19:24:31,2025-08-12 19:24:31,2025-08-10 19:24:31,-2,73.56,7,Brisbane,385.64,0.0,
ORD-104922,B2B-69617,2026-04-15 12:07:34,2026-04-26 12:07:34,2026-04-27 12:07:34,1,90.83,7,Melbourne,439.75,0.0,
ORD-104923,B2B-69665,2026-04-30 05:57:51,2026-05-10 05:57:51,2026-05-12 05:57:51,2,65.02,3,Melbourne,585.98,1.0,Late Delivery
ORD-104924,B2B-38648,2026-01-12 05:21:23,2026-01-26 05:21:23,2026-01-26 05:21:23,0,45.97,3,Brisbane,104.04,0.0,
ORD-104925,B2B-42643,2026-02-13 12:23:33,2026-02-23 12:23:33,2026-02-26 12:23:33,3,63.61,3,Brisbane,334.58,0.0,
ORD-104926,B2B-19402,2025-10-27 20:46:23,2025-11-06 20:46:23,2025-11-06 20:46:23,0,54.76,7,Brisbane,198.91,0.0,
ORD-104927,B2B-97276,2026-02-27 13:49:43,2026-03-11 13:49:43,2026-03-12 13:49:43,1,48.39,3,Brisbane,198.51,0.0,
ORD-104928,B2B-39279,2026-05-26 18:28:36,2026-06-09 18:28:36,2026-06-10 18:28:36,1,46.25,7,Melbourne,220.21,0.0,
ORD-104929,B2B-95375,2026-01-02 20:28:22,2026-01-16 20:28:22,2026-01-12 20:28:22,-4,48.92,3,Perth,62.32,0.0,
ORD-104930,B2B-29165,2025-11-01 13:05:20,2025-11-13 13:05:20,2025-11-13 13:05:20,0,54.78,3,Melbourne,23.01,0.0,
ORD-104931,B2B-1575,2026-02-18 03:36:35,2026-03-04 03:36:35,2026-03-03 03:36:35,-1,65.01,3,Adelaide,313.76,0.0,
ORD-104932,B2B-68919,2026-05-19 14:43:41,2026-05-30 14:43:41,2026-05-29 14:43:41,-1,55.56,7,Adelaide,182.23,0.0,
ORD-104933,B2B-83562,2025-11-26 13:23:00,2025-12-06 13:23:00,2025-12-06 13:23:00,0,47.06,7,Brisbane,229.29,0.0,
ORD-104934,B2B-26239,2026-04-24 11:33:35,2026-05-04 11:33:35,2026-04-28 11:33:35,-6,69.77,3,Brisbane,453.36,0.0,
ORD-104935,B2B-76315,2026-05-04 16:08:40,2026-05-15 16:08:40,2026-05-14 16:08:40,-1,84.72,3,Melbourne,617.5,0.0,
ORD-104936,B2B-51091,2026-01-24 09:43:31,2026-02-07 09:43:31,2026-02-09 09:43:31,2,93.2,3,Melbourne,632.83,1.0,Late Delivery
ORD-104937,B2B-69678,2025-11-03 11:02:04,2025-11-16 11:02:04,2025-11-16 11:02:04,0,27.37,3,Melbourne,207.28,0.0,
ORD-104938,B2B-84982,2026-03-31 01:29:08,2026-04-13 01:29:08,2026-04-13 01:29:08,0,33.62,3,Adelaide,168.92,0.0,
ORD-104939,B2B-28109,2026-03-30 22:59:51,2026-04-06 22:59:51,2026-04-08 22:59:51,2,62.76,7,Melbourne,53.68,0.0,
ORD-104940,B2B-30067,2026-02-14 15:50:32,2026-02-21 15:50:32,2026-02-18 15:50:32,-3,48.21,7,Brisbane,209.94,0.0,
ORD-104941,B2B-74692,2026-05-08 01:04:14,2026-05-18 01:04:14,2026-05-20 01:04:14,2,64.28,3,Melbourne,309.02,1.0,Late Delivery
ORD-104942,B2B-24194,2025-12-01 04:51:45,2025-12-09 04:51:45,2025-12-09 04:51:45,0,62.87,7,Melbourne,142.61,0.0,
ORD-104943,B2B-1715,2026-03-07 00:42:36,2026-03-16 00:42:36,2026-03-17 00:42:36,1,67.12,7,Melbourne,321.45,0.0,
ORD-104944,B2B-86006,2026-04-11 23:06:39,2026-04-19 23:06:39,2026-04-20 23:06:39,1,78.94,3,Melbourne,700.53,0.0,
ORD-104945,B2B-21663,2026-05-11 21:08:15,2026-05-23 21:08:15,2026-05-19 21:08:15,-4,70.88,7,Perth,430.53,0.0,
ORD-104946,B2B-760,2025-09-04 21:45:44,2025-09-13 21:45:44,2025-09-12 21:45:44,-1,44.45,3,Adelaide,248.77,0.0,
ORD-104947,B2B-24529,2026-02-15 20:20:27,2026-02-26 20:20:27,2026-02-24 20:20:27,-2,91.68,3,Brisbane,628.53,0.0,
ORD-104948,B2B-57541,2026-03-15 03:18:32,2026-03-23 03:18:32,2026-03-20 03:18:32,-3,66.36,3,Brisbane,338.12,0.0,
ORD-104949,B2B-6646,2026-03-31 21:03:44,2026-04-13 21:03:44,2026-04-13 21:03:44,0,60.18,7,Melbourne,81.69,0.0,
ORD-104950,B2B-93002,2025-09-05 17:34:30,2025-09-18 17:34:30,2025-09-18 17:34:30,0,64.5,3,Brisbane,216.77,0.0,
ORD-104951,B2B-58097,2026-03-04 18:31:11,2026-03-12 18:31:11,2026-03-13 18:31:11,1,61.67,3,Melbourne,527.36,0.0,
ORD-104952,B2B-916,2025-12-09 12:03:52,2025-12-20 12:03:52,2025-12-20 12:03:52,0,67.62,3,Melbourne,189.92,0.0,
ORD-104953,B2B-15563,2025-11-02 09:11:26,2025-11-16 09:11:26,2025-11-13 09:11:26,-3,81.28,7,Brisbane,559.64,0.0,
ORD-104954,B2B-83353,2026-07-01 22:53:37,2026-07-08 22:53:37,2026-07-09 22:53:37,1,63.43,3,Melbourne,532.96,0.0,
ORD-104955,B2B-40702,2025-08-06 12:20:48,2025-08-16 12:20:48,2025-08-16 12:20:48,0,70.75,7,Perth,229.26,0.0,
ORD-104956,B2B-67244,2025-11-29 16:11:22,2025-12-09 16:11:22,2025-12-09 16:11:22,0,82.0,3,Brisbane,698.62,1.0,Quality Issue
ORD-104957,B2B-5963,2026-06-06 19:43:35,2026-06-20 19:43:35,2026-06-25 19:43:35,5,89.41,3,Brisbane,539.47,1.0,Late Delivery
ORD-104958,B2B-14570,2026-02-25 16:33:18,2026-03-06 16:33:18,2026-03-09 16:33:18,3,66.94,3,Brisbane,633.84,0.0,
ORD-104959,B2B-80489,2026-02-07 02:46:30,2026-02-19 02:46:30,2026-02-19 02:46:30,0,100.19,3,Brisbane,668.13,0.0,
ORD-104960,B2B-99646,2026-04-18 02:15:27,2026-04-25 02:15:27,2026-04-21 02:15:27,-4,62.1,7,Perth,86.76,0.0,
ORD-104961,B2B-83416,2025-10-27 15:51:04,2025-11-08 15:51:04,2025-11-08 15:51:04,0,60.65,3,Adelaide,207.08,0.0,
ORD-104962,B2B-79028,2025-12-04 16:58:45,2025-12-15 16:58:45,2025-12-16 16:58:45,1,68.72,3,Adelaide,466.94,0.0,
ORD-104963,B2B-39279,2025-12-17 18:21:25,2025-12-30 18:21:25,2026-01-01 18:21:25,2,49.57,7,Melbourne,220.21,0.0,
ORD-104964,B2B-33392,2026-07-02 19:04:22,2026-07-11 19:04:22,2026-07-11 19:04:22,0,64.67,7,Adelaide,172.39,0.0,
ORD-104965,B2B-35757,2025-08-09 03:37:19,2025-08-23 03:37:19,2025-08-25 03:37:19,2,57.01,3,Perth,153.49,1.0,Late Delivery
ORD-104966,B2B-97179,2026-03-30 06:59:42,2026-04-09 06:59:42,2026-04-13 06:59:42,4,67.23,3,Melbourne,566.59,0.0,
ORD-104967,B2B-582,2026-03-14 14:45:04,2026-03-25 14:45:04,2026-03-25 14:45:04,0,48.62,3,Perth,244.06,0.0,
ORD-104968,B2B-21723,2025-10-02 00:19:45,2025-10-14 00:19:45,2025-10-15 00:19:45,1,63.63,7,Perth,128.61,0.0,
ORD-104969,B2B-10603,2026-03-23 19:47:28,2026-04-06 19:47:28,2026-04-06 19:47:28,0,88.29,3,Brisbane,792.16,0.0,
ORD-104970,B2B-88968,2025-10-21 09:27:15,2025-11-03 09:27:15,2025-11-07 09:27:15,4,101.54,7,Brisbane,928.28,0.0,
ORD-104971,B2B-84142,2026-03-26 23:52:23,2026-04-03 23:52:23,2026-04-06 23:52:23,3,63.54,3,Perth,298.29,0.0,
ORD-104972,B2B-99501,2026-04-14 00:29:58,2026-04-28 00:29:58,2026-04-29 00:29:58,1,68.37,3,Melbourne,643.12,0.0,
ORD-104973,B2B-11784,2026-01-13 00:41:08,2026-01-25 00:41:08,2026-01-25 00:41:08,0,81.53,7,Brisbane,537.63,0.0,
ORD-104974,B2B-29290,2025-10-24 22:44:24,2025-11-01 22:44:24,2025-10-31 22:44:24,-1,88.13,7,Melbourne,739.67,0.0,
ORD-104975,B2B-19402,2025-10-20 06:38:34,2025-11-02 06:38:34,2025-11-02 06:38:34,0,56.46,7,Brisbane,198.91,0.0,
ORD-104976,B2B-56560,2026-01-29 11:39:59,2026-02-07 11:39:59,2026-02-11 11:39:59,4,69.37,3,Brisbane,103.28,1.0,Late Delivery
ORD-104977,B2B-20890,2026-06-25 22:13:09,2026-07-03 22:13:09,2026-07-03 22:13:09,0,54.4,7,Brisbane,275.5,0.0,
ORD-104978,B2B-96462,2025-12-24 21:50:23,2026-01-06 21:50:23,2026-01-07 21:50:23,1,68.64,3,Brisbane,172.15,0.0,
ORD-104979,B2B-19595,2025-11-12 12:09:44,2025-11-23 12:09:44,2025-11-20 12:09:44,-3,45.18,7,Brisbane,342.82,0.0,
ORD-104980,B2B-9376,2026-05-29 22:55:32,2026-06-05 22:55:32,2026-06-03 22:55:32,-2,58.45,3,Perth,81.95,0.0,
ORD-104981,B2B-74018,2026-03-06 13:19:01,2026-03-20 13:19:01,2026-03-22 13:19:01,2,71.67,3,Brisbane,437.58,1.0,Late Delivery
ORD-104982,B2B-12451,2026-02-21 02:15:45,2026-02-28 02:15:45,2026-03-01 02:15:45,1,55.54,3,Brisbane,110.17,0.0,
ORD-104983,B2B-83353,2026-02-17 04:40:54,2026-03-02 04:40:54,2026-03-02 04:40:54,0,85.91,3,Melbourne,532.96,0.0,
ORD-104984,B2B-98544,2026-01-18 18:52:31,2026-01-27 18:52:31,2026-01-27 18:52:31,0,67.81,7,Perth,332.42,0.0,
ORD-104985,B2B-77562,2026-04-30 11:08:13,2026-05-11 11:08:13,2026-05-11 11:08:13,0,57.86,7,Perth,194.73,0.0,
ORD-104986,B2B-54945,2026-04-28 17:41:28,2026-05-09 17:41:28,2026-05-10 17:41:28,1,47.55,7,Brisbane,251.33,0.0,
ORD-104987,B2B-99085,2026-02-15 03:25:44,2026-02-24 03:25:44,2026-02-25 03:25:44,1,79.55,7,Melbourne,721.6,1.0,Late Delivery
ORD-104988,B2B-45936,2026-04-25 23:32:09,2026-05-08 23:32:09,2026-05-08 23:32:09,0,70.24,3,Perth,315.79,0.0,
ORD-104989,B2B-19407,2026-07-21 15:04:54,2026-08-01 15:04:54,2026-08-01 15:04:54,0,60.59,3,Perth,308.14,0.0,
ORD-104990,B2B-89062,2026-04-02 05:52:46,2026-04-11 05:52:46,2026-04-11 05:52:46,0,54.38,7,Perth,129.41,0.0,
ORD-104991,B2B-12451,2026-01-28 09:42:27,2026-02-04 09:42:27,2026-02-04 09:42:27,0,46.47,3,Brisbane,110.17,0.0,
ORD-104992,B2B-20126,2025-11-23 21:04:03,2025-12-02 21:04:03,2025-12-02 21:04:03,0,66.68,3,Brisbane,415.01,0.0,
ORD-104993,B2B-75594,2025-11-28 01:29:18,2025-12-05 01:29:18,2025-12-04 01:29:18,-1,60.41,3,Perth,237.46,0.0,
ORD-104994,B2B-66471,2026-03-13 09:26:34,2026-03-22 09:26:34,2026-03-26 09:26:34,4,56.18,3,Brisbane,457.4,1.0,Late Delivery
ORD-104995,B2B-33680,2025-11-06 23:48:16,2025-11-13 23:48:16,2025-11-16 23:48:16,3,60.24,3,Perth,278.55,1.0,Late Delivery
ORD-104996,B2B-90351,2025-09-22 21:34:09,2025-10-01 21:34:09,2025-10-01 21:34:09,0,47.18,7,Perth,64.85,0.0,
ORD-104997,B2B-35757,2026-01-01 08:58:32,2026-01-10 08:58:32,2026-01-10 08:58:32,0,64.12,3,Perth,153.49,0.0,
ORD-104998,B2B-38398,2025-09-26 07:16:07,2025-10-08 07:16:07,2025-10-09 07:16:07,1,81.07,3,Brisbane,610.12,0.0,
ORD-104999,B2B-86819,2026-07-19 23:57:26,2026-08-02 23:57:26,2026-08-06 23:57:26,4,52.56,3,Brisbane,531.68,1.0,Late Delivery
