Order_ID,Customer_ID,Distance_to_Warehouse_km,Contract_Grace_Period_Days,Lead_Time_Allowed,Is_Weekend_Deadline,Shipping_Cost,Delay_Days,Days_Beyond_Grace,Is_Late_Complaint
ORD-100000,B2B-33392,172.39,7,7,0,56.57,-1,0,0
ORD-100001,B2B-83887,45.19,7,9,1,47.14,-1,0,0
ORD-100002,B2B-41706,65.65,7,14,0,46.21,2,0,0
ORD-100003,B2B-28602,223.1,3,11,0,47.35,2,0,0
ORD-100004,B2B-34949,297.34,3,14,0,74.44,0,0,0
ORD-100005,B2B-30192,660.18,7,10,0,85.14,-2,0,0
ORD-100006,B2B-10100,132.58,3,9,0,53.91,1,0,0
ORD-100007,B2B-83863,224.08,3,14,0,63.03,6,3,1
ORD-100008,B2B-41706,65.65,7,11,0,58.96,1,0,0
ORD-100009,B2B-83563,472.14,3,10,1,85.03,-1,0,0
ORD-100010,B2B-19595,342.82,7,13,1,66.73,-2,0,0
ORD-100011,B2B-79642,606.95,3,11,1,72.62,1,0,0
ORD-100012,B2B-15534,688.04,3,7,1,71.83,0,0,0
ORD-100013,B2B-89921,329.39,7,11,0,56.38,-2,0,0
ORD-100014,B2B-89291,355.57,3,8,0,63.49,1,0,0
ORD-100015,B2B-71321,460.1,7,9,1,80.33,1,0,0
ORD-100016,B2B-15563,559.64,7,11,0,72.31,2,0,0
ORD-100017,B2B-25226,147.8,3,10,1,59.01,-3,0,0
ORD-100018,B2B-35323,248.47,3,14,1,57.83,0,0,0
ORD-100019,B2B-17750,179.54,3,10,0,63.19,0,0,0
ORD-100020,B2B-33671,831.52,7,8,0,111.72,-2,0,0
ORD-100021,B2B-20126,415.01,3,12,1,76.94,2,0,0
ORD-100022,B2B-80168,467.72,3,13,0,76.36,0,0,0
ORD-100023,B2B-21541,112.75,3,14,0,45.57,1,0,0
ORD-100024,B2B-8713,254.25,3,14,1,58.93,2,0,0
ORD-100025,B2B-49876,216.16,3,12,1,58.88,-1,0,0
ORD-100026,B2B-81641,298.87,3,11,0,59.79,3,0,0
ORD-100027,B2B-70880,644.27,3,10,0,76.27,2,0,0
ORD-100028,B2B-2258,331.68,3,11,0,74.05,1,0,0
ORD-100029,B2B-27189,532.44,3,9,0,62.34,-3,0,0
ORD-100030,B2B-55930,264.74,3,10,0,60.2,-1,0,0
ORD-100031,B2B-24922,637.48,7,12,0,95.99,0,0,0
ORD-100032,B2B-33181,257.39,3,7,0,62.2,0,0,0
ORD-100033,B2B-46127,494.33,3,13,1,67.75,1,0,0
ORD-100034,B2B-6304,299.5,3,9,0,73.82,1,0,0
ORD-100035,B2B-26477,267.63,3,10,1,64.92,0,0,0
ORD-100036,B2B-41761,248.81,3,9,0,84.79,1,0,0
ORD-100037,B2B-45330,371.39,3,13,0,65.95,-3,0,0
ORD-100038,B2B-86465,662.66,7,11,1,80.95,0,0,0
ORD-100039,B2B-14205,93.91,7,14,1,59.98,-3,0,0
ORD-100040,B2B-55930,264.74,3,9,0,78.51,1,0,0
ORD-100041,B2B-75357,507.79,3,10,0,84.38,1,0,0
ORD-100042,B2B-6304,299.5,3,12,1,63.29,0,0,0
ORD-100043,B2B-33181,257.39,3,14,0,58.2,0,0,0
ORD-100044,B2B-26819,325.12,7,12,1,77.87,0,0,0
ORD-100045,B2B-21647,378.29,3,14,0,80.55,1,0,1
ORD-100046,B2B-52072,696.94,7,11,0,89.86,3,0,0
ORD-100047,B2B-91629,222.93,3,14,1,88.02,1,0,0
ORD-100048,B2B-76315,617.5,3,14,0,62.57,-1,0,0
ORD-100049,B2B-24999,573.77,7,13,1,80.99,2,0,0
ORD-100050,B2B-83884,339.04,7,12,0,80.1,4,0,0
ORD-100051,B2B-9933,318.11,7,7,0,73.73,-2,0,0
ORD-100052,B2B-86845,198.3,3,10,0,51.48,0,0,0
ORD-100053,B2B-39279,220.21,7,9,0,62.44,1,0,0
ORD-100054,B2B-69860,629.23,3,9,0,98.41,0,0,0
ORD-100055,B2B-59929,145.95,3,12,0,55.45,0,0,0
ORD-100056,B2B-4952,366.81,3,11,0,67.97,-1,0,0
ORD-100057,B2B-51328,571.61,3,9,0,57.9,0,0,0
ORD-100058,B2B-13933,265.59,3,12,0,70.88,-3,0,0
ORD-100059,B2B-19617,408.26,7,7,0,70.48,0,0,0
ORD-100060,B2B-38398,610.12,3,7,1,72.98,0,0,0
ORD-100061,B2B-33897,555.88,7,11,1,105.1,1,0,0
ORD-100062,B2B-83863,224.08,3,12,0,67.92,0,0,0
ORD-100063,B2B-6404,732.93,3,7,0,89.33,-1,0,0
ORD-100064,B2B-31915,291.96,7,9,1,64.81,2,0,1
ORD-100065,B2B-68087,89.38,7,14,0,47.94,0,0,0
ORD-100066,B2B-8713,254.25,3,14,0,46.87,-3,0,0
ORD-100067,B2B-39082,287.99,3,11,0,79.71,2,0,0
ORD-100068,B2B-37007,369.48,3,7,1,69.94,0,0,0
ORD-100069,B2B-19543,260.58,7,13,0,56.88,0,0,0
ORD-100070,B2B-33671,831.52,7,8,0,82.66,0,0,0
ORD-100071,B2B-96173,452.85,3,10,0,69.57,-1,0,0
ORD-100072,B2B-1563,182.02,3,14,0,59.87,0,0,0
ORD-100073,B2B-96003,174.33,3,9,1,57.03,1,0,0
ORD-100074,B2B-10603,792.16,3,11,0,103.72,-2,0,0
ORD-100075,B2B-73618,263.71,3,11,1,70.77,0,0,0
ORD-100076,B2B-96462,172.15,3,9,0,62.22,-1,0,0
ORD-100077,B2B-66471,457.4,3,11,0,65.42,0,0,0
ORD-100078,B2B-89899,618.63,3,8,0,78.85,0,0,0
ORD-100079,B2B-42372,306.08,3,9,1,60.45,6,3,1
ORD-100080,B2B-4727,619.93,7,11,1,70.72,1,0,1
ORD-100081,B2B-20315,92.54,3,7,1,67.5,1,0,1
ORD-100082,B2B-26477,267.63,3,11,1,81.13,-1,0,0
ORD-100083,B2B-25749,212.64,7,11,0,49.69,-1,0,0
ORD-100084,B2B-17740,162.38,3,12,0,55.62,3,0,0
ORD-100085,B2B-97825,371.6,3,9,0,61.65,-4,0,0
ORD-100086,B2B-46372,848.56,3,14,0,75.8,4,1,1
ORD-100087,B2B-31506,802.14,7,10,0,104.93,-2,0,0
ORD-100088,B2B-72630,54.03,3,10,0,50.55,-2,0,0
ORD-100089,B2B-36771,443.33,3,7,0,67.86,-2,0,0
ORD-100090,B2B-13496,404.5,3,8,0,84.18,3,0,0
ORD-100091,B2B-72474,663.97,7,13,0,76.06,0,0,0
ORD-100092,B2B-55636,103.07,7,7,1,71.31,2,0,0
ORD-100093,B2B-9412,353.19,3,14,0,63.04,4,1,1
ORD-100094,B2B-77067,322.91,7,8,1,66.0,0,0,0
ORD-100095,B2B-41178,124.26,3,9,0,60.31,0,0,0
ORD-100096,B2B-19402,198.91,7,12,0,56.25,0,0,0
ORD-100097,B2B-52689,643.13,3,9,0,78.61,-4,0,0
ORD-100098,B2B-28602,223.1,3,8,0,57.82,1,0,0
ORD-100099,B2B-22162,263.03,3,8,0,48.29,-3,0,0
ORD-100100,B2B-19407,308.14,3,12,1,66.84,-2,0,0
ORD-100101,B2B-55636,103.07,7,11,1,57.66,3,0,0
ORD-100102,B2B-53943,648.98,3,13,0,77.02,-4,0,0
ORD-100103,B2B-51091,632.83,3,11,0,72.99,-2,0,0
ORD-100104,B2B-96332,296.44,3,9,0,72.3,-4,0,0
ORD-100105,B2B-58025,333.8,3,13,0,55.61,0,0,0
ORD-100106,B2B-42595,363.92,3,8,0,65.34,-5,0,0
ORD-100107,B2B-16615,353.55,3,9,1,76.67,1,0,0
ORD-100108,B2B-46396,251.37,7,14,0,67.54,-2,0,0
ORD-100109,B2B-33897,555.88,7,14,0,72.12,0,0,0
ORD-100110,B2B-99501,643.12,3,12,0,86.83,1,0,0
ORD-100111,B2B-1245,612.32,3,13,1,83.42,0,0,0
ORD-100112,B2B-72918,181.99,3,14,1,55.4,1,0,0
ORD-100113,B2B-699,312.08,3,12,1,53.88,0,0,0
ORD-100114,B2B-80380,545.83,3,10,0,76.78,3,0,0
ORD-100115,B2B-30067,209.94,7,8,0,48.05,7,0,1
ORD-100116,B2B-35219,290.88,3,14,0,52.97,5,2,1
ORD-100117,B2B-73101,574.65,3,7,0,70.42,4,1,1
ORD-100118,B2B-86465,662.66,7,12,0,66.01,-5,0,0
ORD-100119,B2B-69353,80.41,3,13,1,57.84,2,0,1
ORD-100120,B2B-17750,179.54,3,14,1,51.03,-2,0,0
ORD-100121,B2B-88385,238.32,3,12,0,69.81,2,0,0
ORD-100122,B2B-12172,499.33,7,11,0,79.57,6,0,0
ORD-100123,B2B-51284,206.47,3,14,0,70.46,0,0,0
ORD-100124,B2B-18051,606.19,3,14,1,81.72,4,1,1
ORD-100125,B2B-17750,179.54,3,9,0,55.41,0,0,0
ORD-100126,B2B-6404,732.93,3,7,0,88.1,1,0,0
ORD-100127,B2B-18051,606.19,3,8,0,71.58,0,0,0
ORD-100128,B2B-96058,216.57,7,12,0,49.55,2,0,0
ORD-100129,B2B-79534,248.84,3,12,0,43.88,1,0,0
ORD-100130,B2B-60586,738.48,3,10,1,93.64,5,2,1
ORD-100131,B2B-36364,450.6,3,11,0,75.89,-1,0,0
ORD-100132,B2B-69860,629.23,3,8,0,65.28,0,0,0
ORD-100133,B2B-40178,294.57,3,8,0,77.09,2,0,1
ORD-100134,B2B-84692,682.93,3,10,1,94.42,0,0,0
ORD-100135,B2B-17434,572.59,3,12,1,71.65,0,0,0
ORD-100136,B2B-80845,385.64,7,11,1,72.08,3,0,0
ORD-100137,B2B-4952,366.81,3,7,0,54.51,0,0,0
ORD-100138,B2B-1715,321.45,7,12,0,57.58,1,0,0
ORD-100139,B2B-70116,289.27,7,12,0,62.6,3,0,0
ORD-100140,B2B-93833,418.51,3,10,1,93.11,1,0,0
ORD-100141,B2B-34548,666.29,7,10,1,72.97,-1,0,0
ORD-100142,B2B-18191,239.43,3,12,0,63.65,-2,0,0
ORD-100143,B2B-55596,37.19,3,13,0,67.43,-1,0,0
ORD-100144,B2B-84692,682.93,3,12,1,93.51,-2,0,0
ORD-100145,B2B-65084,218.58,7,13,0,70.23,1,0,0
ORD-100146,B2B-32334,496.63,3,12,0,83.85,0,0,0
ORD-100147,B2B-9589,646.64,3,7,0,80.59,1,0,1
ORD-100148,B2B-75594,237.46,3,11,0,51.34,0,0,0
ORD-100149,B2B-69860,629.23,3,10,0,82.98,3,0,0
ORD-100150,B2B-31915,291.96,7,11,1,52.71,-4,0,0
ORD-100151,B2B-36771,443.33,3,10,1,75.58,-1,0,0
ORD-100152,B2B-49044,662.08,7,8,0,84.21,2,0,0
ORD-100153,B2B-62271,288.22,7,14,0,68.52,-1,0,0
ORD-100154,B2B-47887,421.59,3,11,0,73.07,0,0,0
ORD-100155,B2B-7824,603.55,3,10,0,72.14,1,0,0
ORD-100156,B2B-1715,321.45,7,12,0,48.66,0,0,0
ORD-100157,B2B-73790,354.4,3,10,1,67.42,-5,0,0
ORD-100158,B2B-24203,156.46,3,9,0,55.73,-3,0,0
ORD-100159,B2B-57770,398.92,3,9,0,68.47,0,0,0
ORD-100160,B2B-56564,188.33,7,11,0,56.22,2,0,0
ORD-100161,B2B-80015,168.28,3,8,0,47.03,1,0,0
ORD-100162,B2B-8853,432.38,7,12,0,75.27,0,0,0
ORD-100163,B2B-29290,739.67,7,13,0,95.16,-3,0,0
ORD-100164,B2B-91629,222.93,3,14,0,69.25,3,0,0
ORD-100165,B2B-96462,172.15,3,12,0,75.03,-2,0,0
ORD-100166,B2B-74684,548.73,3,12,1,75.95,1,0,0
ORD-100167,B2B-2258,331.68,3,9,0,64.96,0,0,0
ORD-100168,B2B-80845,385.64,7,12,0,70.47,-3,0,0
ORD-100169,B2B-97179,566.59,3,8,0,68.39,0,0,0
ORD-100170,B2B-97673,665.56,3,9,0,59.18,2,0,1
ORD-100171,B2B-77661,852.66,3,10,0,90.0,0,0,0
ORD-100172,B2B-41342,247.72,3,8,1,64.55,4,1,1
ORD-100173,B2B-16185,106.42,3,13,1,62.5,1,0,0
ORD-100174,B2B-26559,410.2,7,10,1,72.43,0,0,0
ORD-100175,B2B-27189,532.44,3,13,0,92.11,0,0,0
ORD-100176,B2B-81896,219.03,3,7,0,47.44,2,0,0
ORD-100177,B2B-65412,368.85,3,10,0,70.88,0,0,0
ORD-100178,B2B-62271,288.22,7,14,0,55.05,-5,0,0
ORD-100179,B2B-43323,593.06,7,14,0,63.22,0,0,0
ORD-100180,B2B-85628,299.31,7,10,0,64.55,-1,0,0
ORD-100181,B2B-72214,211.97,3,14,0,62.91,0,0,0
ORD-100182,B2B-74018,437.58,3,14,0,65.38,0,0,0
ORD-100183,B2B-55596,37.19,3,8,1,48.68,0,0,0
ORD-100184,B2B-62355,200.8,3,7,1,74.17,1,0,0
ORD-100185,B2B-57426,498.84,7,11,1,86.34,1,0,0
ORD-100186,B2B-11848,509.37,3,13,0,83.95,-2,0,0
ORD-100187,B2B-65084,218.58,7,13,0,65.59,0,0,0
ORD-100188,B2B-6754,533.44,3,7,0,82.87,1,0,0
ORD-100189,B2B-54971,147.06,7,8,0,78.25,-1,0,0
ORD-100190,B2B-93833,418.51,3,7,0,76.77,0,0,0
ORD-100191,B2B-76363,555.75,7,14,0,77.86,6,0,1
ORD-100192,B2B-11435,298.71,7,12,0,58.76,2,0,0
ORD-100193,B2B-39539,614.75,3,12,1,96.07,-5,0,0
ORD-100194,B2B-76456,487.84,3,9,0,62.07,0,0,0
ORD-100195,B2B-6337,362.09,7,11,0,73.99,0,0,0
ORD-100196,B2B-21097,138.29,3,7,0,60.23,0,0,0
ORD-100197,B2B-69254,391.86,7,11,1,55.96,5,0,1
ORD-100198,B2B-28109,53.68,7,12,1,53.1,0,0,0
ORD-100199,B2B-30729,556.38,3,10,1,78.01,1,0,0
ORD-100200,B2B-74836,437.22,3,14,0,59.43,0,0,0
ORD-100201,B2B-2773,223.95,3,10,1,48.26,1,0,0
ORD-100202,B2B-54897,287.59,3,7,0,52.35,0,0,0
ORD-100203,B2B-84982,168.92,3,11,1,58.44,0,0,0
ORD-100204,B2B-41054,470.71,7,10,0,71.46,2,0,0
ORD-100205,B2B-35688,329.31,7,13,1,72.51,-2,0,0
ORD-100206,B2B-2258,331.68,3,14,0,73.73,1,0,0
ORD-100207,B2B-20421,718.6,3,12,1,85.27,0,0,0
ORD-100208,B2B-97825,371.6,3,10,0,71.97,-1,0,0
ORD-100209,B2B-14205,93.91,7,12,0,52.88,1,0,0
ORD-100210,B2B-44847,130.12,7,7,0,40.47,-2,0,0
ORD-100211,B2B-52738,826.49,3,12,0,101.4,-4,0,0
ORD-100212,B2B-77562,194.73,7,11,0,43.94,1,0,0
ORD-100213,B2B-20421,718.6,3,8,0,93.24,-2,0,0
ORD-100214,B2B-52106,665.15,3,8,0,83.58,-3,0,0
ORD-100215,B2B-36874,580.4,3,11,0,85.88,0,0,0
ORD-100216,B2B-17520,74.84,7,10,0,73.58,-3,0,0
ORD-100217,B2B-15993,270.48,3,11,1,64.57,4,1,1
ORD-100218,B2B-11521,26.15,3,11,0,48.4,1,0,0
ORD-100219,B2B-84098,156.59,7,8,0,67.05,0,0,0
ORD-100220,B2B-43323,593.06,7,13,0,44.94,0,0,0
ORD-100221,B2B-92368,113.13,3,11,0,59.29,-2,0,0
ORD-100222,B2B-24922,637.48,7,14,0,86.31,0,0,0
ORD-100223,B2B-29283,334.32,3,10,1,63.06,1,0,0
ORD-100224,B2B-20130,297.52,7,9,1,77.01,-1,0,0
ORD-100225,B2B-56126,432.51,3,9,0,84.1,-6,0,0
ORD-100226,B2B-21862,673.76,3,14,1,81.89,1,0,0
ORD-100227,B2B-16506,422.23,3,12,0,95.46,4,1,1
ORD-100228,B2B-46396,251.37,7,10,1,62.91,-1,0,0
ORD-100229,B2B-73752,578.14,7,14,0,68.68,-1,0,0
ORD-100230,B2B-43127,363.12,7,10,0,56.67,2,0,0
ORD-100231,B2B-2144,421.59,7,7,0,82.42,0,0,0
ORD-100232,B2B-47208,563.28,3,12,0,68.35,3,0,1
ORD-100233,B2B-3380,113.43,3,9,0,44.32,0,0,0
ORD-100234,B2B-53943,648.98,3,13,0,96.67,-1,0,0
ORD-100235,B2B-6492,348.96,3,14,0,69.73,-1,0,0
ORD-100236,B2B-67244,698.62,3,8,0,90.16,-1,0,0
ORD-100237,B2B-824,210.68,7,12,0,61.59,1,0,0
ORD-100238,B2B-87571,271.95,3,12,0,48.57,1,0,1
ORD-100239,B2B-71281,295.12,3,13,0,72.79,2,0,0
ORD-100240,B2B-46127,494.33,3,7,0,105.82,5,2,1
ORD-100241,B2B-10589,206.53,7,7,1,70.28,2,0,0
ORD-100242,B2B-53943,648.98,3,12,0,87.43,1,0,0
ORD-100243,B2B-30703,215.86,3,11,1,67.56,0,0,0
ORD-100244,B2B-469,568.96,7,7,0,67.45,0,0,0
ORD-100245,B2B-72219,428.71,7,10,0,80.81,3,0,0
ORD-100246,B2B-69353,80.41,3,11,1,60.71,0,0,0
ORD-100247,B2B-97825,371.6,3,8,1,63.23,1,0,0
ORD-100248,B2B-41580,585.24,7,10,0,78.55,0,0,0
ORD-100249,B2B-87026,149.38,3,9,1,62.02,0,0,0
ORD-100250,B2B-33680,278.55,3,14,0,69.68,2,0,1
ORD-100251,B2B-71321,460.1,7,7,0,73.4,5,0,1
ORD-100252,B2B-29323,274.14,3,14,1,58.45,1,0,0
ORD-100253,B2B-21541,112.75,3,9,0,52.84,-2,0,0
ORD-100254,B2B-70465,465.9,3,7,0,64.67,0,0,0
ORD-100255,B2B-532,57.73,7,8,0,60.99,0,0,0
ORD-100256,B2B-28602,223.1,3,14,0,47.5,1,0,0
ORD-100257,B2B-97825,371.6,3,8,1,62.18,0,0,0
ORD-100258,B2B-16876,560.95,3,11,0,64.52,-2,0,0
ORD-100259,B2B-4952,366.81,3,12,1,59.66,3,0,0
ORD-100260,B2B-97276,198.51,3,11,1,42.85,-1,0,0
ORD-100261,B2B-67047,131.63,3,12,0,54.95,0,0,0
ORD-100262,B2B-24999,573.77,7,13,0,83.71,1,0,0
ORD-100263,B2B-77661,852.66,3,13,0,97.84,-2,0,0
ORD-100264,B2B-11521,26.15,3,14,1,53.91,0,0,0
ORD-100265,B2B-90230,406.47,7,14,0,53.64,0,0,0
ORD-100266,B2B-8916,335.64,3,14,1,59.2,0,0,0
ORD-100267,B2B-76032,668.56,3,8,0,77.29,4,1,0
ORD-100268,B2B-4727,619.93,7,10,0,71.7,-4,0,0
ORD-100269,B2B-21199,136.6,3,13,0,50.2,-1,0,0
ORD-100270,B2B-5208,483.35,3,9,1,64.13,-1,0,0
ORD-100271,B2B-41054,470.71,7,12,1,77.49,0,0,0
ORD-100272,B2B-52871,625.46,3,9,0,78.56,0,0,0
ORD-100273,B2B-70586,271.32,7,9,0,76.04,3,0,1
ORD-100274,B2B-64224,300.91,3,11,0,53.56,2,0,0
ORD-100275,B2B-63735,225.01,3,14,0,70.51,-3,0,0
ORD-100276,B2B-31506,802.14,7,9,0,92.82,3,0,0
ORD-100277,B2B-44951,832.42,3,9,0,94.39,0,0,0
ORD-100278,B2B-77707,132.1,3,10,1,68.3,2,0,0
ORD-100279,B2B-26477,267.63,3,7,1,60.82,0,0,0
ORD-100280,B2B-55636,103.07,7,7,0,54.53,1,0,0
ORD-100281,B2B-87928,293.15,3,7,1,68.86,0,0,0
ORD-100282,B2B-91425,396.55,3,12,0,68.08,0,0,0
ORD-100283,B2B-42372,306.08,3,10,0,67.2,1,0,0
ORD-100284,B2B-1563,182.02,3,13,0,43.04,0,0,0
ORD-100285,B2B-41761,248.81,3,9,1,61.57,0,0,0
ORD-100286,B2B-16615,353.55,3,9,1,74.57,-2,0,0
ORD-100287,B2B-68212,41.47,3,11,0,57.75,0,0,0
ORD-100288,B2B-24999,573.77,7,14,0,71.78,-1,0,0
ORD-100289,B2B-42934,637.56,3,9,0,78.87,5,2,0
ORD-100290,B2B-35745,188.89,7,7,1,61.84,-1,0,0
ORD-100291,B2B-80380,545.83,3,13,0,81.82,1,0,0
ORD-100292,B2B-45330,371.39,3,10,1,76.0,0,0,0
ORD-100293,B2B-78279,40.95,3,9,1,58.86,2,0,0
ORD-100294,B2B-93117,583.68,3,9,1,79.56,-1,0,0
ORD-100295,B2B-37533,626.0,3,7,0,88.96,1,0,0
ORD-100296,B2B-5208,483.35,3,13,0,60.36,-1,0,0
ORD-100297,B2B-77661,852.66,3,11,0,99.04,4,1,0
ORD-100298,B2B-33897,555.88,7,8,0,84.72,-3,0,0
ORD-100299,B2B-6754,533.44,3,12,0,56.32,-3,0,0
ORD-100300,B2B-2258,331.68,3,9,1,75.18,0,0,0
ORD-100301,B2B-69254,391.86,7,8,0,69.63,-1,0,0
ORD-100302,B2B-67196,206.28,7,14,0,74.75,0,0,0
ORD-100303,B2B-54971,147.06,7,7,0,52.43,-1,0,0
ORD-100304,B2B-19407,308.14,3,11,0,68.81,2,0,0
ORD-100305,B2B-29290,739.67,7,13,1,90.28,-1,0,0
ORD-100306,B2B-42934,637.56,3,7,1,73.62,-2,0,0
ORD-100307,B2B-19617,408.26,7,8,0,75.74,-4,0,0
ORD-100308,B2B-40085,297.66,3,8,1,70.36,1,0,0
ORD-100309,B2B-28109,53.68,7,12,0,39.05,-2,0,0
ORD-100310,B2B-3524,100.69,3,8,1,46.52,0,0,0
ORD-100311,B2B-44847,130.12,7,11,0,56.65,-2,0,0
ORD-100312,B2B-80845,385.64,7,11,0,74.11,2,0,0
ORD-100313,B2B-49044,662.08,7,14,0,99.01,0,0,0
ORD-100314,B2B-32334,496.63,3,7,0,65.57,1,0,0
ORD-100315,B2B-9928,85.7,3,14,0,61.72,-2,0,0
ORD-100316,B2B-41777,60.38,7,11,1,62.2,2,0,0
ORD-100317,B2B-83562,229.29,7,12,0,65.71,0,0,0
ORD-100318,B2B-73752,578.14,7,13,1,75.82,0,0,0
ORD-100319,B2B-57091,159.39,3,8,1,63.97,-2,0,0
ORD-100320,B2B-74836,437.22,3,13,1,66.21,-3,0,0
ORD-100321,B2B-34949,297.34,3,12,0,69.32,0,0,0
ORD-100322,B2B-69617,439.75,7,13,1,75.65,1,0,0
ORD-100323,B2B-17894,412.29,7,8,0,65.44,4,0,0
ORD-100324,B2B-75299,418.34,3,8,0,51.33,1,0,0
ORD-100325,B2B-20130,297.52,7,8,0,84.19,0,0,0
ORD-100326,B2B-43127,363.12,7,11,0,67.71,1,0,0
ORD-100327,B2B-76032,668.56,3,13,0,79.18,1,0,0
ORD-100328,B2B-97825,371.6,3,13,1,81.92,1,0,0
ORD-100329,B2B-86225,237.6,3,7,0,78.97,-1,0,0
ORD-100330,B2B-90230,406.47,7,11,1,60.92,2,0,0
ORD-100331,B2B-40702,229.26,7,7,0,72.2,2,0,1
ORD-100332,B2B-19617,408.26,7,7,0,69.42,3,0,0
ORD-100333,B2B-79418,263.24,3,9,0,56.43,0,0,0
ORD-100334,B2B-80146,723.44,7,12,0,86.61,4,0,0
ORD-100335,B2B-79418,263.24,3,11,1,63.06,0,0,0
ORD-100336,B2B-31938,430.15,3,12,0,64.78,-1,0,0
ORD-100337,B2B-51328,571.61,3,12,0,77.71,-3,0,0
ORD-100338,B2B-84509,417.09,3,10,0,82.65,0,0,0
ORD-100339,B2B-65084,218.58,7,11,0,31.79,2,0,0
ORD-100340,B2B-18191,239.43,3,10,0,55.08,-2,0,0
ORD-100341,B2B-77661,852.66,3,12,0,90.79,-1,0,0
ORD-100342,B2B-54945,251.33,7,10,1,59.74,4,0,0
ORD-100343,B2B-17740,162.38,3,13,0,46.74,1,0,0
ORD-100344,B2B-65084,218.58,7,7,0,76.06,0,0,0
ORD-100345,B2B-97673,665.56,3,10,1,97.84,1,0,0
ORD-100346,B2B-39734,599.79,3,14,0,86.23,2,0,0
ORD-100347,B2B-35745,188.89,7,10,1,50.83,1,0,0
ORD-100348,B2B-73101,574.65,3,10,0,84.02,-1,0,0
ORD-100349,B2B-14205,93.91,7,13,0,59.33,0,0,0
ORD-100350,B2B-4952,366.81,3,14,1,82.76,1,0,0
ORD-100351,B2B-26819,325.12,7,8,1,75.67,0,0,0
ORD-100352,B2B-42643,334.58,3,12,1,54.56,0,0,0
ORD-100353,B2B-9272,404.59,3,9,0,63.71,-1,0,0
ORD-100354,B2B-55596,37.19,3,7,0,44.99,-1,0,0
ORD-100355,B2B-4919,100.95,3,12,0,64.07,0,0,0
ORD-100356,B2B-64472,409.98,3,14,0,65.71,0,0,0
ORD-100357,B2B-77702,154.37,7,9,0,68.02,1,0,0
ORD-100358,B2B-1530,38.68,3,7,0,40.95,1,0,0
ORD-100359,B2B-2144,421.59,7,9,0,76.61,0,0,0
ORD-100360,B2B-19595,342.82,7,12,0,61.05,-1,0,0
ORD-100361,B2B-96003,174.33,3,12,0,45.05,1,0,0
ORD-100362,B2B-77707,132.1,3,8,0,61.98,2,0,0
ORD-100363,B2B-33680,278.55,3,14,1,69.75,-1,0,0
ORD-100364,B2B-16185,106.42,3,8,0,69.67,-1,0,0
ORD-100365,B2B-96462,172.15,3,14,0,42.96,0,0,0
ORD-100366,B2B-2402,399.68,3,12,0,81.63,-2,0,0
ORD-100367,B2B-36771,443.33,3,12,0,79.49,0,0,0
ORD-100368,B2B-75299,418.34,3,13,0,77.36,0,0,0
ORD-100369,B2B-77661,852.66,3,11,1,98.76,3,0,0
ORD-100370,B2B-70465,465.9,3,9,0,68.26,0,0,0
ORD-100371,B2B-33181,257.39,3,9,1,61.52,0,0,0
ORD-100372,B2B-44847,130.12,7,12,0,62.91,-3,0,0
ORD-100373,B2B-80380,545.83,3,11,0,90.58,2,0,0
ORD-100374,B2B-68919,182.23,7,10,1,79.31,2,0,0
ORD-100375,B2B-23088,52.74,3,11,0,63.09,0,0,0
ORD-100376,B2B-75641,39.25,3,10,0,47.04,3,0,0
ORD-100377,B2B-72474,663.97,7,7,0,69.21,2,0,0
ORD-100378,B2B-15887,234.39,7,9,0,67.32,0,0,0
ORD-100379,B2B-83887,45.19,7,13,1,61.11,1,0,0
ORD-100380,B2B-97673,665.56,3,12,1,76.75,0,0,0
ORD-100381,B2B-33006,288.71,3,9,0,79.25,-2,0,0
ORD-100382,B2B-49044,662.08,7,9,0,70.34,0,0,0
ORD-100383,B2B-79418,263.24,3,9,0,76.58,2,0,0
ORD-100384,B2B-70465,465.9,3,12,0,63.08,1,0,0
ORD-100385,B2B-30729,556.38,3,7,0,69.02,2,0,0
ORD-100386,B2B-32334,496.63,3,8,0,79.57,2,0,0
ORD-100387,B2B-55930,264.74,3,8,0,71.78,3,0,0
ORD-100388,B2B-20890,275.5,7,14,0,94.39,-2,0,0
ORD-100389,B2B-4919,100.95,3,11,0,43.54,0,0,0
ORD-100390,B2B-81420,147.06,3,8,0,65.01,0,0,0
ORD-100391,B2B-39082,287.99,3,10,0,62.89,0,0,0
ORD-100392,B2B-41706,65.65,7,11,0,51.79,-1,0,0
ORD-100393,B2B-41580,585.24,7,10,0,85.49,-2,0,0
ORD-100394,B2B-36364,450.6,3,9,1,74.65,0,0,0
ORD-100395,B2B-21862,673.76,3,13,1,77.37,3,0,1
ORD-100396,B2B-42372,306.08,3,9,0,66.05,0,0,0
ORD-100397,B2B-9589,646.64,3,13,0,80.37,0,0,0
ORD-100398,B2B-79028,466.94,3,10,1,76.43,1,0,1
ORD-100399,B2B-80168,467.72,3,11,0,65.92,0,0,0
ORD-100400,B2B-34252,310.33,3,13,1,58.47,-1,0,0
ORD-100401,B2B-9933,318.11,7,8,0,63.06,0,0,0
ORD-100402,B2B-12858,294.08,7,13,0,60.08,-3,0,0
ORD-100403,B2B-84509,417.09,3,9,0,60.43,-2,0,0
ORD-100404,B2B-80168,467.72,3,14,0,67.58,0,0,0
ORD-100405,B2B-65084,218.58,7,10,0,62.74,0,0,0
ORD-100406,B2B-83563,472.14,3,8,1,76.93,0,0,0
ORD-100407,B2B-91754,26.35,7,12,0,42.83,0,0,0
ORD-100408,B2B-53585,277.3,7,9,0,66.69,3,0,0
ORD-100409,B2B-11435,298.71,7,14,0,91.87,0,0,0
ORD-100410,B2B-72239,82.52,7,14,0,61.94,-2,0,0
ORD-100411,B2B-35219,290.88,3,13,0,56.21,0,0,0
ORD-100412,B2B-79534,248.84,3,8,1,39.22,-2,0,0
ORD-100413,B2B-68087,89.38,7,7,0,62.61,3,0,0
ORD-100414,B2B-13933,265.59,3,7,0,71.34,0,0,0
ORD-100415,B2B-40085,297.66,3,13,0,73.33,0,0,0
ORD-100416,B2B-16966,232.76,3,11,0,60.89,4,1,1
ORD-100417,B2B-10603,792.16,3,10,0,88.99,4,1,0
ORD-100418,B2B-84098,156.59,7,7,0,68.37,0,0,0
ORD-100419,B2B-5625,674.77,3,13,1,81.0,5,2,1
ORD-100420,B2B-760,248.77,3,14,0,49.89,0,0,0
ORD-100421,B2B-6754,533.44,3,8,0,86.7,0,0,0
ORD-100422,B2B-54897,287.59,3,14,0,52.7,3,0,0
ORD-100423,B2B-89291,355.57,3,13,0,70.69,-2,0,0
ORD-100424,B2B-76456,487.84,3,9,1,69.0,-1,0,0
ORD-100425,B2B-70481,569.0,7,14,1,76.54,1,0,1
ORD-100426,B2B-13005,364.43,3,13,1,70.43,-2,0,0
ORD-100427,B2B-79786,588.46,7,14,0,91.37,0,0,0
ORD-100428,B2B-39487,103.63,3,10,0,57.12,2,0,0
ORD-100429,B2B-824,210.68,7,11,0,50.76,1,0,0
ORD-100430,B2B-79418,263.24,3,13,0,60.08,1,0,0
ORD-100431,B2B-52522,313.94,3,13,0,69.45,1,0,0
ORD-100432,B2B-9933,318.11,7,10,0,70.49,-1,0,0
ORD-100433,B2B-63735,225.01,3,7,1,58.63,-1,0,0
ORD-100434,B2B-52106,665.15,3,14,0,76.58,-1,0,0
ORD-100435,B2B-4727,619.93,7,13,0,89.9,0,0,0
ORD-100436,B2B-44050,232.02,3,10,0,66.18,-1,0,0
ORD-100437,B2B-66471,457.4,3,12,0,58.86,5,2,1
ORD-100438,B2B-56377,536.78,3,11,0,90.72,0,0,0
ORD-100439,B2B-4919,100.95,3,8,0,43.95,-1,0,0
ORD-100440,B2B-13933,265.59,3,9,1,65.43,2,0,0
ORD-100441,B2B-57541,338.12,3,10,0,66.92,-1,0,0
ORD-100442,B2B-28375,465.41,3,12,0,90.52,-4,0,0
ORD-100443,B2B-77661,852.66,3,13,0,89.62,-3,0,0
ORD-100444,B2B-57908,246.06,3,10,1,65.6,-1,0,0
ORD-100445,B2B-99547,179.33,3,14,0,53.5,-1,0,0
ORD-100446,B2B-99085,721.6,7,9,0,98.65,0,0,0
ORD-100447,B2B-69254,391.86,7,13,1,65.13,1,0,0
ORD-100448,B2B-51091,632.83,3,8,0,100.13,2,0,0
ORD-100449,B2B-41777,60.38,7,14,1,51.36,-1,0,0
ORD-100450,B2B-16020,32.56,3,11,1,64.59,0,0,0
ORD-100451,B2B-84961,445.61,7,7,0,60.23,-1,0,0
ORD-100452,B2B-55636,103.07,7,11,1,57.68,0,0,0
ORD-100453,B2B-90471,681.93,3,13,1,69.47,2,0,0
ORD-100454,B2B-24922,637.48,7,14,0,77.32,3,0,0
ORD-100455,B2B-79028,466.94,3,11,1,78.68,1,0,1
ORD-100456,B2B-28259,266.36,3,7,0,78.04,2,0,0
ORD-100457,B2B-13926,662.59,3,9,0,70.34,-2,0,0
ORD-100458,B2B-84509,417.09,3,14,1,66.93,-3,0,0
ORD-100459,B2B-39539,614.75,3,14,0,69.19,0,0,0
ORD-100460,B2B-33680,278.55,3,12,0,52.45,1,0,0
ORD-100461,B2B-41910,191.25,3,13,0,64.41,0,0,0
ORD-100462,B2B-96058,216.57,7,9,1,44.52,0,0,0
ORD-100463,B2B-37533,626.0,3,7,0,89.46,2,0,0
ORD-100464,B2B-87571,271.95,3,9,0,81.07,-1,0,0
ORD-100465,B2B-69860,629.23,3,13,1,87.4,0,0,0
ORD-100466,B2B-30067,209.94,7,14,0,54.41,-1,0,0
ORD-100467,B2B-79642,606.95,3,9,0,61.5,-1,0,0
ORD-100468,B2B-11784,537.63,7,10,0,71.18,1,0,0
ORD-100469,B2B-63735,225.01,3,10,0,42.74,0,0,0
ORD-100470,B2B-5941,491.49,3,12,1,94.45,-3,0,0
ORD-100471,B2B-51284,206.47,3,14,1,50.24,0,0,0
ORD-100472,B2B-93779,182.39,3,9,0,50.66,2,0,1
ORD-100473,B2B-21700,314.43,3,9,0,73.82,4,1,1
ORD-100474,B2B-97825,371.6,3,14,1,58.98,-3,0,0
ORD-100475,B2B-44050,232.02,3,14,0,66.66,1,0,0
ORD-100476,B2B-99045,685.6,3,8,1,108.4,-2,0,0
ORD-100477,B2B-36771,443.33,3,9,0,65.37,0,0,0
ORD-100478,B2B-21323,105.37,3,14,0,53.15,0,0,0
ORD-100479,B2B-43536,599.85,3,10,0,85.81,-4,0,0
ORD-100480,B2B-90351,64.85,7,11,0,44.64,-3,0,0
ORD-100481,B2B-74836,437.22,3,13,0,68.84,0,0,0
ORD-100482,B2B-5625,674.77,3,12,1,70.38,2,0,0
ORD-100483,B2B-99085,721.6,7,7,0,96.37,-4,0,0
ORD-100484,B2B-14161,220.42,3,13,0,74.28,0,0,0
ORD-100485,B2B-19543,260.58,7,14,0,57.84,2,0,0
ORD-100486,B2B-76032,668.56,3,12,0,55.11,-3,0,0
ORD-100487,B2B-72219,428.71,7,9,0,58.42,0,0,0
ORD-100488,B2B-90351,64.85,7,13,0,64.78,0,0,0
ORD-100489,B2B-24909,303.24,3,13,0,63.29,1,0,0
ORD-100490,B2B-35757,153.49,3,11,0,62.17,0,0,0
ORD-100491,B2B-62271,288.22,7,8,1,59.27,0,0,0
ORD-100492,B2B-47320,752.74,3,12,0,77.81,2,0,0
ORD-100493,B2B-34427,212.11,3,10,0,65.6,4,1,1
ORD-100494,B2B-35806,167.05,3,13,0,56.29,-1,0,0
ORD-100495,B2B-67047,131.63,3,13,0,61.46,0,0,0
ORD-100496,B2B-41024,433.53,3,9,0,51.18,2,0,1
ORD-100497,B2B-51091,632.83,3,8,0,85.92,1,0,1
ORD-100498,B2B-43127,363.12,7,11,0,61.06,-3,0,0
ORD-100499,B2B-44951,832.42,3,9,0,73.75,-2,0,0
ORD-100500,B2B-35745,188.89,7,14,0,61.49,-1,0,0
ORD-100501,B2B-2144,421.59,7,12,0,67.58,0,0,0
ORD-100502,B2B-8641,141.06,3,14,0,51.76,0,0,0
ORD-100503,B2B-26477,267.63,3,14,0,73.56,0,0,0
ORD-100504,B2B-93157,103.37,3,14,0,55.35,3,0,0
ORD-100505,B2B-57091,159.39,3,13,0,55.41,0,0,0
ORD-100506,B2B-16719,326.27,7,9,0,56.35,-3,0,0
ORD-100507,B2B-84085,454.16,3,9,1,66.71,0,0,0
ORD-100508,B2B-98544,332.42,7,11,0,80.11,0,0,0
ORD-100509,B2B-55547,437.05,3,9,0,79.38,1,0,0
ORD-100510,B2B-80168,467.72,3,12,0,69.67,1,0,0
ORD-100511,B2B-35757,153.49,3,14,0,53.53,-3,0,0
ORD-100512,B2B-96003,174.33,3,14,0,55.91,1,0,0
ORD-100513,B2B-35757,153.49,3,14,0,67.58,0,0,0
ORD-100514,B2B-68135,706.94,7,9,0,96.19,3,0,1
ORD-100515,B2B-10603,792.16,3,10,0,82.96,-1,0,0
ORD-100516,B2B-51091,632.83,3,12,0,94.51,0,0,0
ORD-100517,B2B-17624,231.66,3,10,0,46.9,3,0,0
ORD-100518,B2B-19864,233.45,3,9,0,48.03,0,0,0
ORD-100519,B2B-83562,229.29,7,7,0,55.23,-1,0,0
ORD-100520,B2B-57541,338.12,3,9,1,76.4,0,0,0
ORD-100521,B2B-87026,149.38,3,14,1,46.92,0,0,0
ORD-100522,B2B-11848,509.37,3,7,0,84.14,2,0,0
ORD-100523,B2B-13926,662.59,3,8,1,77.47,3,0,1
ORD-100524,B2B-75641,39.25,3,12,0,42.44,0,0,0
ORD-100525,B2B-99105,503.69,3,9,1,70.08,2,0,0
ORD-100526,B2B-32334,496.63,3,11,1,65.88,-2,0,0
ORD-100527,B2B-50778,488.85,3,14,0,74.18,0,0,0
ORD-100528,B2B-21541,112.75,3,11,0,66.09,-1,0,0
ORD-100529,B2B-2144,421.59,7,14,1,85.2,-2,0,0
ORD-100530,B2B-33680,278.55,3,13,0,76.93,5,2,1
ORD-100531,B2B-72466,270.49,3,13,0,52.47,0,0,0
ORD-100532,B2B-88385,238.32,3,14,0,53.57,0,0,0
ORD-100533,B2B-55207,245.68,3,7,0,51.61,-1,0,0
ORD-100534,B2B-10589,206.53,7,11,0,68.9,-3,0,0
ORD-100535,B2B-532,57.73,7,14,0,40.37,2,0,0
ORD-100536,B2B-28375,465.41,3,10,0,82.43,2,0,0
ORD-100537,B2B-34949,297.34,3,10,1,83.3,1,0,0
ORD-100538,B2B-19864,233.45,3,8,0,52.1,-1,0,0
ORD-100539,B2B-28109,53.68,7,10,0,56.1,3,0,0
ORD-100540,B2B-40085,297.66,3,10,0,62.44,-2,0,0
ORD-100541,B2B-34427,212.11,3,11,0,72.71,0,0,0
ORD-100542,B2B-45330,371.39,3,13,1,76.02,-1,0,0
ORD-100543,B2B-28120,444.72,3,11,0,59.89,-2,0,0
ORD-100544,B2B-6903,112.24,3,10,1,59.02,1,0,0
ORD-100545,B2B-18191,239.43,3,7,0,50.69,0,0,0
ORD-100546,B2B-13363,167.98,3,8,0,54.66,0,0,0
ORD-100547,B2B-916,189.92,3,11,0,29.97,0,0,0
ORD-100548,B2B-75357,507.79,3,9,1,65.04,0,0,0
ORD-100549,B2B-17750,179.54,3,7,1,60.14,5,2,1
ORD-100550,B2B-12409,200.39,7,11,0,75.0,0,0,0
ORD-100551,B2B-73752,578.14,7,8,0,89.97,4,0,0
ORD-100552,B2B-2773,223.95,3,14,0,61.57,0,0,0
ORD-100553,B2B-84692,682.93,3,9,1,80.22,-1,0,0
ORD-100554,B2B-33897,555.88,7,10,0,102.09,2,0,0
ORD-100555,B2B-77702,154.37,7,13,1,25.32,-1,0,0
ORD-100556,B2B-68919,182.23,7,7,0,65.49,2,0,1
ORD-100557,B2B-80146,723.44,7,8,0,111.14,1,0,1
ORD-100558,B2B-67047,131.63,3,8,0,53.87,0,0,0
ORD-100559,B2B-73618,263.71,3,11,1,62.63,1,0,0
ORD-100560,B2B-83901,378.74,3,11,0,82.05,3,0,1
ORD-100561,B2B-49876,216.16,3,11,0,66.9,-2,0,0
ORD-100562,B2B-58497,185.01,3,10,0,62.67,-1,0,0
ORD-100563,B2B-10100,132.58,3,8,1,44.28,0,0,0
ORD-100564,B2B-699,312.08,3,14,0,70.39,3,0,0
ORD-100565,B2B-41230,106.34,3,10,0,54.36,3,0,0
ORD-100566,B2B-15993,270.48,3,10,1,81.42,0,0,0
ORD-100567,B2B-582,244.06,3,13,0,74.78,0,0,0
ORD-100568,B2B-76363,555.75,7,10,0,81.0,-2,0,0
ORD-100569,B2B-56377,536.78,3,14,0,55.77,2,0,0
ORD-100570,B2B-39734,599.79,3,8,0,76.72,1,0,0
ORD-100571,B2B-35745,188.89,7,10,0,58.12,0,0,0
ORD-100572,B2B-1245,612.32,3,10,0,87.63,3,0,0
ORD-100573,B2B-90351,64.85,7,10,1,61.98,-3,0,0
ORD-100574,B2B-39279,220.21,7,10,0,79.4,3,0,1
ORD-100575,B2B-532,57.73,7,14,0,54.32,0,0,0
ORD-100576,B2B-11435,298.71,7,10,0,61.18,-1,0,0
ORD-100577,B2B-20143,477.8,3,13,1,71.75,0,0,0
ORD-100578,B2B-41024,433.53,3,11,0,69.26,0,0,0
ORD-100579,B2B-4952,366.81,3,7,1,36.46,0,0,0
ORD-100580,B2B-76983,167.27,7,11,0,66.2,0,0,0
ORD-100581,B2B-12451,110.17,3,9,0,52.24,1,0,0
ORD-100582,B2B-41869,608.63,7,13,1,61.39,2,0,0
ORD-100583,B2B-6304,299.5,3,12,0,74.22,0,0,0
ORD-100584,B2B-97673,665.56,3,13,1,67.39,4,1,1
ORD-100585,B2B-16966,232.76,3,7,0,37.56,0,0,0
ORD-100586,B2B-6337,362.09,7,13,1,71.38,0,0,0
ORD-100587,B2B-93833,418.51,3,8,0,66.98,-4,0,0
ORD-100588,B2B-86465,662.66,7,13,0,63.07,0,0,0
ORD-100589,B2B-16185,106.42,3,12,0,63.18,3,0,0
ORD-100590,B2B-24971,288.01,3,9,1,76.47,2,0,0
ORD-100591,B2B-16719,326.27,7,10,1,71.02,-3,0,0
ORD-100592,B2B-30703,215.86,3,10,0,59.08,0,0,0
ORD-100593,B2B-68087,89.38,7,10,0,64.95,-1,0,0
ORD-100594,B2B-42595,363.92,3,11,0,75.24,-1,0,0
ORD-100595,B2B-39082,287.99,3,10,0,91.24,3,0,0
ORD-100596,B2B-15429,682.84,3,8,0,74.53,-2,0,0
ORD-100597,B2B-69617,439.75,7,10,1,76.64,3,0,0
ORD-100598,B2B-15993,270.48,3,10,0,63.08,-1,0,0
ORD-100599,B2B-57426,498.84,7,8,1,73.15,1,0,0
ORD-100600,B2B-55547,437.05,3,9,0,56.6,-1,0,0
ORD-100601,B2B-87026,149.38,3,12,0,61.74,-1,0,0
ORD-100602,B2B-52585,496.03,7,14,1,76.16,-2,0,0
ORD-100603,B2B-76315,617.5,3,14,1,92.5,-1,0,0
ORD-100604,B2B-65273,526.64,3,11,1,78.54,5,2,1
ORD-100605,B2B-23088,52.74,3,7,0,54.5,1,0,0
ORD-100606,B2B-79866,122.78,3,12,0,41.63,-1,0,0
ORD-100607,B2B-56564,188.33,7,13,1,69.84,-1,0,0
ORD-100608,B2B-41329,225.17,7,13,0,56.04,2,0,0
ORD-100609,B2B-90230,406.47,7,9,1,63.1,0,0,0
ORD-100610,B2B-97825,371.6,3,14,0,79.18,0,0,0
ORD-100611,B2B-62271,288.22,7,9,0,86.59,-1,0,0
ORD-100612,B2B-5963,539.47,3,14,0,78.28,1,0,0
ORD-100613,B2B-56560,103.28,3,8,0,49.74,5,2,0
ORD-100614,B2B-3948,668.85,3,8,1,73.2,-4,0,0
ORD-100615,B2B-8713,254.25,3,10,0,59.13,-2,0,0
ORD-100616,B2B-4952,366.81,3,10,0,80.25,5,2,1
ORD-100617,B2B-15563,559.64,7,11,0,87.18,-4,0,0
ORD-100618,B2B-48439,187.34,3,10,0,60.15,-1,0,0
ORD-100619,B2B-36134,79.29,7,14,0,62.0,0,0,0
ORD-100620,B2B-75299,418.34,3,14,0,72.59,3,0,0
ORD-100621,B2B-80015,168.28,3,10,1,82.03,1,0,1
ORD-100622,B2B-31938,430.15,3,8,1,38.11,1,0,0
ORD-100623,B2B-48337,217.85,3,12,1,54.37,2,0,0
ORD-100624,B2B-20890,275.5,7,12,1,53.66,-2,0,0
ORD-100625,B2B-824,210.68,7,13,0,72.32,-2,0,0
ORD-100626,B2B-99156,196.4,3,13,0,43.63,-2,0,0
ORD-100627,B2B-19214,863.96,7,14,1,107.27,0,0,0
ORD-100628,B2B-33006,288.71,3,13,1,77.25,1,0,0
ORD-100629,B2B-3443,221.32,3,7,0,46.34,1,0,1
ORD-100630,B2B-52738,826.49,3,13,0,92.01,0,0,0
ORD-100631,B2B-58412,543.27,7,12,1,74.52,0,0,0
ORD-100632,B2B-39539,614.75,3,10,1,83.0,1,0,0
ORD-100633,B2B-16719,326.27,7,9,0,52.68,0,0,0
ORD-100634,B2B-53943,648.98,3,8,1,65.1,0,0,0
ORD-100635,B2B-41910,191.25,3,12,0,44.46,-5,0,0
ORD-100636,B2B-68926,258.66,3,13,0,59.05,1,0,0
ORD-100637,B2B-30703,215.86,3,10,0,60.39,0,0,0
ORD-100638,B2B-11784,537.63,7,7,0,82.52,1,0,0
ORD-100639,B2B-97179,566.59,3,14,0,90.65,0,0,0
ORD-100640,B2B-96003,174.33,3,13,0,52.36,1,0,0
ORD-100641,B2B-90230,406.47,7,13,0,84.53,-3,0,0
ORD-100642,B2B-36206,423.79,3,11,0,64.97,-1,0,0
ORD-100643,B2B-69353,80.41,3,10,1,81.53,2,0,0
ORD-100644,B2B-17894,412.29,7,14,1,62.63,-1,0,0
ORD-100645,B2B-84098,156.59,7,13,0,63.07,1,0,0
ORD-100646,B2B-77707,132.1,3,14,0,70.12,-5,0,0
ORD-100647,B2B-99105,503.69,3,9,0,97.75,-2,0,0
ORD-100648,B2B-33181,257.39,3,7,1,70.32,1,0,0
ORD-100649,B2B-97276,198.51,3,7,0,69.14,2,0,0
ORD-100650,B2B-75641,39.25,3,8,1,39.91,2,0,0
ORD-100651,B2B-40085,297.66,3,7,0,60.7,0,0,0
ORD-100652,B2B-74692,309.02,3,13,0,55.4,4,1,1
ORD-100653,B2B-8641,141.06,3,7,1,57.62,1,0,0
ORD-100654,B2B-52522,313.94,3,12,0,65.32,-2,0,0
ORD-100655,B2B-84058,322.72,3,12,0,71.21,-2,0,0
ORD-100656,B2B-70465,465.9,3,13,0,65.76,0,0,0
ORD-100657,B2B-25226,147.8,3,13,0,47.48,4,1,0
ORD-100658,B2B-5625,674.77,3,9,0,92.81,0,0,0
ORD-100659,B2B-62355,200.8,3,12,1,58.25,5,2,1
ORD-100660,B2B-72474,663.97,7,13,1,83.59,0,0,0
ORD-100661,B2B-45330,371.39,3,8,1,76.83,-1,0,0
ORD-100662,B2B-52943,856.21,7,9,0,69.91,2,0,0
ORD-100663,B2B-28375,465.41,3,11,0,81.11,1,0,0
ORD-100664,B2B-17175,699.29,3,14,0,100.32,3,0,0
ORD-100665,B2B-67196,206.28,7,12,1,52.03,1,0,0
ORD-100666,B2B-52943,856.21,7,11,0,81.07,0,0,0
ORD-100667,B2B-26819,325.12,7,13,1,61.04,-5,0,0
ORD-100668,B2B-79642,606.95,3,11,0,98.92,4,1,1
ORD-100669,B2B-83901,378.74,3,11,0,55.35,6,3,1
ORD-100670,B2B-61154,527.14,3,10,0,68.23,2,0,1
ORD-100671,B2B-17175,699.29,3,9,0,78.72,4,1,1
ORD-100672,B2B-16185,106.42,3,9,1,44.55,1,0,0
ORD-100673,B2B-29290,739.67,7,7,0,95.26,2,0,0
ORD-100674,B2B-25910,151.59,3,11,0,57.22,-2,0,0
ORD-100675,B2B-83563,472.14,3,12,0,58.86,5,2,0
ORD-100676,B2B-79418,263.24,3,8,0,62.84,-4,0,0
ORD-100677,B2B-3615,392.89,3,12,0,66.04,0,0,0
ORD-100678,B2B-17175,699.29,3,9,1,71.97,0,0,0
ORD-100679,B2B-72765,873.91,3,9,0,114.9,3,0,0
ORD-100680,B2B-3948,668.85,3,14,1,83.96,3,0,0
ORD-100681,B2B-70880,644.27,3,7,0,84.06,3,0,1
ORD-100682,B2B-70481,569.0,7,11,0,91.57,0,0,0
ORD-100683,B2B-40989,252.61,7,12,0,70.9,0,0,0
ORD-100684,B2B-11521,26.15,3,7,0,44.92,-1,0,0
ORD-100685,B2B-5625,674.77,3,8,1,65.39,2,0,1
ORD-100686,B2B-27189,532.44,3,11,0,64.39,5,2,1
ORD-100687,B2B-46372,848.56,3,9,0,93.37,-3,0,0
ORD-100688,B2B-52943,856.21,7,14,1,88.85,4,0,1
ORD-100689,B2B-76363,555.75,7,10,0,89.61,4,0,0
ORD-100690,B2B-69617,439.75,7,8,0,57.19,6,0,0
ORD-100691,B2B-34427,212.11,3,13,1,62.59,1,0,0
ORD-100692,B2B-35688,329.31,7,11,0,76.54,-2,0,0
ORD-100693,B2B-41706,65.65,7,9,0,57.79,0,0,0
ORD-100694,B2B-25749,212.64,7,11,1,60.64,4,0,0
ORD-100695,B2B-41054,470.71,7,10,1,81.39,2,0,0
ORD-100696,B2B-65614,319.56,3,12,1,61.83,-2,0,0
ORD-100697,B2B-89899,618.63,3,14,0,82.81,2,0,0
ORD-100698,B2B-79786,588.46,7,8,0,86.77,2,0,0
ORD-100699,B2B-88360,120.26,7,13,1,60.18,0,0,0
ORD-100700,B2B-70994,301.53,7,11,1,74.02,3,0,0
ORD-100701,B2B-56377,536.78,3,10,1,62.23,0,0,0
ORD-100702,B2B-36952,659.01,7,9,0,73.47,6,0,0
ORD-100703,B2B-73101,574.65,3,11,1,64.55,0,0,0
ORD-100704,B2B-48439,187.34,3,12,1,53.02,1,0,0
ORD-100705,B2B-91629,222.93,3,7,0,54.22,3,0,0
ORD-100706,B2B-5625,674.77,3,9,1,87.44,0,0,0
ORD-100707,B2B-42641,304.19,3,10,0,53.64,-3,0,0
ORD-100708,B2B-78955,132.63,3,14,1,56.28,-2,0,0
ORD-100709,B2B-72466,270.49,3,8,0,57.65,2,0,0
ORD-100710,B2B-55267,417.67,3,7,1,66.57,2,0,0
ORD-100711,B2B-19402,198.91,7,8,0,64.18,-1,0,0
ORD-100712,B2B-15887,234.39,7,8,1,65.36,0,0,0
ORD-100713,B2B-97673,665.56,3,13,0,83.37,6,3,0
ORD-100714,B2B-62355,200.8,3,13,0,52.76,0,0,0
ORD-100715,B2B-20256,276.38,3,9,0,67.23,0,0,0
ORD-100716,B2B-88506,379.24,3,13,0,74.87,2,0,0
ORD-100717,B2B-9933,318.11,7,14,0,61.64,2,0,0
ORD-100718,B2B-83416,207.08,3,11,0,69.08,2,0,0
ORD-100719,B2B-19617,408.26,7,12,0,66.74,1,0,0
ORD-100720,B2B-93157,103.37,3,11,0,53.67,0,0,0
ORD-100721,B2B-16966,232.76,3,14,0,72.14,0,0,0
ORD-100722,B2B-24203,156.46,3,9,0,70.12,0,0,0
ORD-100723,B2B-34548,666.29,7,13,1,101.38,0,0,0
ORD-100724,B2B-11884,732.96,3,7,0,85.13,4,1,1
ORD-100725,B2B-1530,38.68,3,9,0,55.08,-1,0,0
ORD-100726,B2B-92368,113.13,3,12,0,66.23,2,0,0
ORD-100727,B2B-84692,682.93,3,13,1,90.23,1,0,0
ORD-100728,B2B-532,57.73,7,8,0,50.66,1,0,0
ORD-100729,B2B-18191,239.43,3,13,0,63.84,0,0,0
ORD-100730,B2B-10589,206.53,7,13,0,51.96,-1,0,0
ORD-100731,B2B-24999,573.77,7,11,0,71.39,3,0,0
ORD-100732,B2B-2773,223.95,3,11,1,61.59,1,0,0
ORD-100733,B2B-35219,290.88,3,13,0,52.01,-2,0,0
ORD-100734,B2B-55547,437.05,3,8,0,70.27,3,0,0
ORD-100735,B2B-84692,682.93,3,14,0,84.39,-2,0,0
ORD-100736,B2B-71874,624.67,3,9,1,80.17,0,0,0
ORD-100737,B2B-57770,398.92,3,7,0,87.4,-3,0,0
ORD-100738,B2B-68926,258.66,3,11,0,68.76,-1,0,0
ORD-100739,B2B-41547,272.28,3,8,1,81.89,-2,0,0
ORD-100740,B2B-16615,353.55,3,14,0,59.4,2,0,0
ORD-100741,B2B-68926,258.66,3,13,0,46.21,2,0,0
ORD-100742,B2B-52522,313.94,3,7,0,64.48,2,0,0
ORD-100743,B2B-40989,252.61,7,9,1,58.54,-3,0,0
ORD-100744,B2B-14205,93.91,7,9,1,59.91,-1,0,0
ORD-100745,B2B-5963,539.47,3,9,1,74.09,0,0,0
ORD-100746,B2B-21323,105.37,3,13,1,53.45,-2,0,0
ORD-100747,B2B-30729,556.38,3,11,0,62.92,-2,0,0
ORD-100748,B2B-70116,289.27,7,7,0,67.75,-1,0,0
ORD-100749,B2B-41342,247.72,3,10,0,57.85,0,0,0
ORD-100750,B2B-83562,229.29,7,12,0,41.78,-1,0,0
ORD-100751,B2B-52871,625.46,3,11,1,81.55,3,0,0
ORD-100752,B2B-41777,60.38,7,12,0,52.8,0,0,0
ORD-100753,B2B-83025,664.33,3,8,0,66.96,1,0,0
ORD-100754,B2B-13926,662.59,3,7,0,96.16,-2,0,0
ORD-100755,B2B-469,568.96,7,13,0,73.28,-3,0,0
ORD-100756,B2B-97922,843.37,7,12,1,87.19,3,0,0
ORD-100757,B2B-5963,539.47,3,14,0,69.08,-2,0,0
ORD-100758,B2B-7824,603.55,3,14,0,84.89,-4,0,0
ORD-100759,B2B-25749,212.64,7,12,0,57.62,2,0,0
ORD-100760,B2B-68212,41.47,3,12,0,51.21,-4,0,0
ORD-100761,B2B-55547,437.05,3,7,0,61.27,-2,0,0
ORD-100762,B2B-60586,738.48,3,13,0,81.42,2,0,0
ORD-100763,B2B-77707,132.1,3,9,1,59.8,-1,0,0
ORD-100764,B2B-6337,362.09,7,8,0,81.14,0,0,0
ORD-100765,B2B-16020,32.56,3,7,0,53.83,0,0,0
ORD-100766,B2B-11265,241.54,3,12,1,58.82,0,0,0
ORD-100767,B2B-44951,832.42,3,10,0,82.71,-1,0,0
ORD-100768,B2B-18191,239.43,3,8,1,45.97,-2,0,0
ORD-100769,B2B-1575,313.76,3,14,0,57.01,1,0,0
ORD-100770,B2B-87571,271.95,3,8,1,43.91,0,0,0
ORD-100771,B2B-23833,421.56,3,12,0,84.08,2,0,0
ORD-100772,B2B-37132,667.08,7,13,0,84.33,-1,0,0
ORD-100773,B2B-33006,288.71,3,12,1,63.49,0,0,0
ORD-100774,B2B-74695,672.08,3,11,0,82.37,0,0,0
ORD-100775,B2B-29290,739.67,7,13,1,85.64,2,0,1
ORD-100776,B2B-43127,363.12,7,8,0,70.85,0,0,0
ORD-100777,B2B-59929,145.95,3,12,1,51.64,3,0,0
ORD-100778,B2B-93002,216.77,3,9,0,65.71,-2,0,0
ORD-100779,B2B-51530,257.73,3,7,0,71.5,0,0,0
ORD-100780,B2B-76481,188.56,3,9,1,54.15,0,0,0
ORD-100781,B2B-45159,438.13,3,10,0,85.11,-3,0,0
ORD-100782,B2B-26090,685.13,7,8,0,88.05,4,0,0
ORD-100783,B2B-16876,560.95,3,10,1,74.68,0,0,0
ORD-100784,B2B-11907,272.23,7,13,0,49.89,2,0,1
ORD-100785,B2B-36771,443.33,3,14,0,86.22,-2,0,0
ORD-100786,B2B-19402,198.91,7,10,0,45.61,0,0,0
ORD-100787,B2B-40012,70.68,7,8,0,61.54,0,0,0
ORD-100788,B2B-17434,572.59,3,10,0,77.12,0,0,0
ORD-100789,B2B-83563,472.14,3,14,0,59.77,-1,0,0
ORD-100790,B2B-39279,220.21,7,14,0,53.12,0,0,0
ORD-100791,B2B-38648,104.04,3,14,0,54.75,-2,0,0
ORD-100792,B2B-69617,439.75,7,10,0,88.52,1,0,1
ORD-100793,B2B-30067,209.94,7,11,0,84.64,3,0,0
ORD-100794,B2B-77562,194.73,7,8,0,44.97,-2,0,0
ORD-100795,B2B-11784,537.63,7,11,0,75.52,1,0,0
ORD-100796,B2B-62843,82.28,7,14,0,56.54,2,0,0
ORD-100797,B2B-14205,93.91,7,11,1,38.0,0,0,0
ORD-100798,B2B-28602,223.1,3,13,1,62.91,0,0,0
ORD-100799,B2B-62271,288.22,7,8,0,63.39,0,0,0
ORD-100800,B2B-33671,831.52,7,14,0,89.95,-5,0,0
ORD-100801,B2B-74340,697.85,7,9,1,88.87,5,0,0
ORD-100802,B2B-27599,705.12,3,14,0,66.18,-1,0,0
ORD-100803,B2B-70408,324.91,3,8,1,60.69,3,0,1
ORD-100804,B2B-82260,634.11,7,12,1,88.81,4,0,0
ORD-100805,B2B-30184,318.79,7,14,0,76.88,0,0,0
ORD-100806,B2B-65084,218.58,7,7,0,51.5,4,0,0
ORD-100807,B2B-17835,516.94,3,14,0,88.76,-1,0,0
ORD-100808,B2B-30184,318.79,7,10,0,58.57,1,0,0
ORD-100809,B2B-57435,293.3,3,8,0,55.36,-1,0,0
ORD-100810,B2B-62355,200.8,3,7,0,59.12,-3,0,0
ORD-100811,B2B-71281,295.12,3,10,0,38.87,-1,0,0
ORD-100812,B2B-22033,271.03,7,8,0,65.79,4,0,1
ORD-100813,B2B-91629,222.93,3,12,0,59.68,-2,0,0
ORD-100814,B2B-1563,182.02,3,14,1,63.73,2,0,0
ORD-100815,B2B-24194,142.61,7,8,1,49.92,1,0,0
ORD-100816,B2B-20256,276.38,3,13,0,71.43,2,0,0
ORD-100817,B2B-31506,802.14,7,12,0,98.75,-4,0,0
ORD-100818,B2B-72239,82.52,7,12,1,54.01,-2,0,0
ORD-100819,B2B-83562,229.29,7,10,1,72.31,1,0,0
ORD-100820,B2B-82260,634.11,7,9,0,68.24,1,0,0
ORD-100821,B2B-67047,131.63,3,12,0,52.77,1,0,0
ORD-100822,B2B-39734,599.79,3,14,0,69.02,4,1,1
ORD-100823,B2B-74018,437.58,3,14,0,79.24,1,0,0
ORD-100824,B2B-21862,673.76,3,11,1,65.34,1,0,0
ORD-100825,B2B-54346,648.51,7,11,1,90.78,2,0,0
ORD-100826,B2B-68135,706.94,7,14,0,96.18,-1,0,0
ORD-100827,B2B-95375,62.32,3,8,0,60.8,0,0,0
ORD-100828,B2B-72239,82.52,7,8,1,47.08,0,0,0
ORD-100829,B2B-53868,40.78,3,7,0,64.95,4,1,1
ORD-100830,B2B-68087,89.38,7,8,0,39.51,3,0,0
ORD-100831,B2B-43323,593.06,7,8,0,81.57,1,0,0
ORD-100832,B2B-48997,508.18,3,8,0,79.2,-2,0,0
ORD-100833,B2B-31915,291.96,7,9,0,81.0,3,0,0
ORD-100834,B2B-99784,213.77,3,8,1,64.25,-4,0,0
ORD-100835,B2B-71923,815.91,3,10,0,85.31,2,0,0
ORD-100836,B2B-41706,65.65,7,10,0,45.02,0,0,0
ORD-100837,B2B-95375,62.32,3,14,0,48.4,-3,0,0
ORD-100838,B2B-6492,348.96,3,10,0,65.5,1,0,0
ORD-100839,B2B-91629,222.93,3,13,0,61.43,-4,0,0
ORD-100840,B2B-5963,539.47,3,12,0,71.51,0,0,0
ORD-100841,B2B-19214,863.96,7,8,0,96.8,5,0,0
ORD-100842,B2B-15887,234.39,7,9,1,65.49,5,0,0
ORD-100843,B2B-50778,488.85,3,13,0,68.14,-6,0,0
ORD-100844,B2B-72630,54.03,3,10,0,46.6,-1,0,0
ORD-100845,B2B-6304,299.5,3,7,0,66.96,-2,0,0
ORD-100846,B2B-70481,569.0,7,7,0,76.32,3,0,0
ORD-100847,B2B-83562,229.29,7,13,0,60.58,0,0,0
ORD-100848,B2B-17449,275.78,7,9,1,82.23,4,0,0
ORD-100849,B2B-6304,299.5,3,12,0,61.79,-1,0,0
ORD-100850,B2B-58412,543.27,7,11,0,73.9,1,0,0
ORD-100851,B2B-69254,391.86,7,8,0,77.61,4,0,0
ORD-100852,B2B-5107,521.23,7,8,0,97.55,-1,0,0
ORD-100853,B2B-45330,371.39,3,8,0,78.14,-1,0,0
ORD-100854,B2B-99085,721.6,7,10,0,85.78,3,0,0
ORD-100855,B2B-99045,685.6,3,8,0,87.28,-3,0,0
ORD-100856,B2B-75752,434.83,3,9,0,83.19,0,0,0
ORD-100857,B2B-5941,491.49,3,13,0,78.51,0,0,0
ORD-100858,B2B-42643,334.58,3,10,0,61.33,0,0,0
ORD-100859,B2B-54672,550.57,3,8,1,79.59,-2,0,0
ORD-100860,B2B-13933,265.59,3,12,0,77.55,0,0,0
ORD-100861,B2B-28602,223.1,3,11,1,63.95,1,0,1
ORD-100862,B2B-45405,705.59,7,7,0,77.6,0,0,0
ORD-100863,B2B-3524,100.69,3,14,0,58.01,0,0,0
ORD-100864,B2B-51091,632.83,3,9,0,75.88,-1,0,0
ORD-100865,B2B-33897,555.88,7,12,0,76.34,-3,0,0
ORD-100866,B2B-62355,200.8,3,11,0,57.58,0,0,0
ORD-100867,B2B-19407,308.14,3,11,0,62.35,0,0,0
ORD-100868,B2B-40702,229.26,7,12,0,76.18,0,0,0
ORD-100869,B2B-10100,132.58,3,13,0,54.39,2,0,0
ORD-100870,B2B-19407,308.14,3,7,0,56.81,0,0,0
ORD-100871,B2B-37132,667.08,7,10,0,79.48,3,0,0
ORD-100872,B2B-83887,45.19,7,8,1,56.43,0,0,0
ORD-100873,B2B-1575,313.76,3,9,0,67.9,0,0,0
ORD-100874,B2B-81277,659.12,3,13,1,90.66,3,0,0
ORD-100875,B2B-12451,110.17,3,9,0,49.61,1,0,0
ORD-100876,B2B-29564,179.99,3,13,0,52.75,0,0,0
ORD-100877,B2B-31915,291.96,7,8,0,73.46,3,0,0
ORD-100878,B2B-1715,321.45,7,13,0,61.14,3,0,0
ORD-100879,B2B-97825,371.6,3,7,0,70.9,0,0,0
ORD-100880,B2B-42372,306.08,3,12,1,54.36,-1,0,0
ORD-100881,B2B-36874,580.4,3,12,0,63.72,4,1,1
ORD-100882,B2B-39279,220.21,7,8,0,68.51,-1,0,0
ORD-100883,B2B-25226,147.8,3,10,1,38.49,0,0,0
ORD-100884,B2B-30703,215.86,3,14,0,43.98,-2,0,0
ORD-100885,B2B-88998,653.07,3,14,0,84.73,3,0,0
ORD-100886,B2B-3443,221.32,3,8,0,71.07,4,1,0
ORD-100887,B2B-46368,226.22,7,10,0,77.87,-1,0,0
ORD-100888,B2B-80146,723.44,7,13,0,87.16,0,0,0
ORD-100889,B2B-84692,682.93,3,13,0,87.53,0,0,0
ORD-100890,B2B-55547,437.05,3,13,0,76.69,1,0,0
ORD-100891,B2B-69665,585.98,3,7,0,82.42,1,0,0
ORD-100892,B2B-21700,314.43,3,14,0,60.57,-5,0,0
ORD-100893,B2B-87928,293.15,3,9,0,67.09,0,0,0
ORD-100894,B2B-54971,147.06,7,13,1,55.56,-1,0,0
ORD-100895,B2B-68467,288.51,3,14,0,68.22,1,0,0
ORD-100896,B2B-36952,659.01,7,13,1,92.26,0,0,0
ORD-100897,B2B-14161,220.42,3,13,1,61.12,3,0,1
ORD-100898,B2B-11521,26.15,3,12,1,55.39,-2,0,0
ORD-100899,B2B-87928,293.15,3,10,0,57.95,0,0,0
ORD-100900,B2B-24529,628.53,3,11,0,79.38,0,0,0
ORD-100901,B2B-69672,117.85,7,11,1,49.46,0,0,0
ORD-100902,B2B-87571,271.95,3,12,1,53.96,3,0,0
ORD-100903,B2B-14161,220.42,3,14,0,67.56,3,0,0
ORD-100904,B2B-65084,218.58,7,7,0,48.17,0,0,0
ORD-100905,B2B-89899,618.63,3,12,0,77.24,-4,0,0
ORD-100906,B2B-47208,563.28,3,7,1,69.24,1,0,0
ORD-100907,B2B-35219,290.88,3,11,1,47.87,0,0,0
ORD-100908,B2B-81641,298.87,3,7,0,79.9,0,0,0
ORD-100909,B2B-58025,333.8,3,13,1,60.37,0,0,0
ORD-100910,B2B-75641,39.25,3,10,0,34.89,0,0,0
ORD-100911,B2B-76315,617.5,3,12,0,97.28,2,0,0
ORD-100912,B2B-35688,329.31,7,11,1,44.97,-2,0,0
ORD-100913,B2B-89458,169.02,7,13,0,56.63,-1,0,0
ORD-100914,B2B-77482,132.64,7,10,0,54.25,4,0,0
ORD-100915,B2B-56992,164.68,3,9,1,45.59,-1,0,0
ORD-100916,B2B-57091,159.39,3,7,1,59.66,1,0,0
ORD-100917,B2B-90320,519.08,7,12,1,76.2,0,0,0
ORD-100918,B2B-76315,617.5,3,8,1,76.06,5,2,0
ORD-100919,B2B-76032,668.56,3,11,0,106.23,6,3,0
ORD-100920,B2B-45936,315.79,3,14,1,77.57,0,0,0
ORD-100921,B2B-91629,222.93,3,11,0,45.94,0,0,0
ORD-100922,B2B-95375,62.32,3,11,0,53.2,0,0,0
ORD-100923,B2B-20890,275.5,7,8,1,57.68,3,0,0
ORD-100924,B2B-25749,212.64,7,13,0,48.84,-3,0,0
ORD-100925,B2B-2258,331.68,3,7,0,81.69,0,0,0
ORD-100926,B2B-42372,306.08,3,12,1,76.29,-1,0,0
ORD-100927,B2B-84058,322.72,3,7,0,58.79,1,0,0
ORD-100928,B2B-87571,271.95,3,13,1,60.23,0,0,0
ORD-100929,B2B-24126,180.35,3,10,0,59.47,2,0,1
ORD-100930,B2B-51091,632.83,3,9,0,94.68,3,0,1
ORD-100931,B2B-11784,537.63,7,11,0,61.04,0,0,0
ORD-100932,B2B-79534,248.84,3,12,0,78.38,-2,0,0
ORD-100933,B2B-3615,392.89,3,9,0,66.78,2,0,0
ORD-100934,B2B-13926,662.59,3,14,0,70.67,-1,0,0
ORD-100935,B2B-56126,432.51,3,13,1,76.56,0,0,0
ORD-100936,B2B-21199,136.6,3,8,0,59.54,4,1,1
ORD-100937,B2B-33392,172.39,7,14,1,53.38,0,0,0
ORD-100938,B2B-8713,254.25,3,13,0,42.77,0,0,0
ORD-100939,B2B-475,206.37,3,10,0,50.65,-1,0,0
ORD-100940,B2B-77702,154.37,7,13,0,36.48,-2,0,0
ORD-100941,B2B-28699,276.96,7,10,0,73.58,2,0,0
ORD-100942,B2B-2258,331.68,3,9,0,60.48,0,0,0
ORD-100943,B2B-56992,164.68,3,8,1,64.29,3,0,0
ORD-100944,B2B-50778,488.85,3,8,0,86.49,0,0,0
ORD-100945,B2B-97825,371.6,3,9,0,53.31,3,0,0
ORD-100946,B2B-93117,583.68,3,8,0,72.38,0,0,0
ORD-100947,B2B-76032,668.56,3,10,1,69.77,0,0,0
ORD-100948,B2B-70465,465.9,3,7,0,60.89,-1,0,0
ORD-100949,B2B-7824,603.55,3,12,0,87.5,-1,0,0
ORD-100950,B2B-17175,699.29,3,14,0,76.04,-2,0,0
ORD-100951,B2B-70586,271.32,7,7,1,67.4,1,0,0
ORD-100952,B2B-97276,198.51,3,11,0,49.47,3,0,0
ORD-100953,B2B-10435,145.35,3,7,0,53.9,0,0,0
ORD-100954,B2B-46396,251.37,7,11,0,53.41,-3,0,0
ORD-100955,B2B-86225,237.6,3,9,0,72.24,-1,0,0
ORD-100956,B2B-5625,674.77,3,9,0,65.86,0,0,0
ORD-100957,B2B-91629,222.93,3,11,0,49.61,1,0,0
ORD-100958,B2B-20890,275.5,7,11,0,79.34,1,0,0
ORD-100959,B2B-1245,612.32,3,9,0,77.44,-5,0,0
ORD-100960,B2B-47096,91.69,3,12,0,64.14,0,0,0
ORD-100961,B2B-3524,100.69,3,10,0,55.31,-1,0,0
ORD-100962,B2B-916,189.92,3,11,0,58.67,-4,0,0
ORD-100963,B2B-69672,117.85,7,13,1,56.37,-4,0,0
ORD-100964,B2B-34252,310.33,3,14,1,64.44,-2,0,0
ORD-100965,B2B-38648,104.04,3,11,0,62.36,0,0,0
ORD-100966,B2B-20421,718.6,3,12,0,91.75,2,0,0
ORD-100967,B2B-32334,496.63,3,10,0,66.59,1,0,0
ORD-100968,B2B-58252,190.25,3,14,0,69.33,4,1,1
ORD-100969,B2B-77707,132.1,3,8,1,56.93,-1,0,0
ORD-100970,B2B-29564,179.99,3,12,1,50.95,0,0,0
ORD-100971,B2B-79534,248.84,3,14,0,63.8,-2,0,0
ORD-100972,B2B-41230,106.34,3,10,0,59.7,0,0,0
ORD-100973,B2B-67196,206.28,7,12,0,80.73,-5,0,0
ORD-100974,B2B-16829,128.6,3,11,0,60.04,2,0,1
ORD-100975,B2B-61154,527.14,3,10,0,78.34,-1,0,0
ORD-100976,B2B-35745,188.89,7,11,0,53.28,0,0,0
ORD-100977,B2B-3615,392.89,3,11,0,75.5,0,0,0
ORD-100978,B2B-34949,297.34,3,14,0,68.25,-1,0,0
ORD-100979,B2B-83416,207.08,3,14,0,46.78,2,0,0
ORD-100980,B2B-97922,843.37,7,13,1,90.52,1,0,0
ORD-100981,B2B-86006,700.53,3,12,0,94.45,3,0,0
ORD-100982,B2B-26239,453.36,3,13,0,85.88,3,0,1
ORD-100983,B2B-25749,212.64,7,9,0,69.1,0,0,0
ORD-100984,B2B-97825,371.6,3,13,0,64.02,3,0,0
ORD-100985,B2B-88226,836.71,3,11,1,91.22,-1,0,0
ORD-100986,B2B-40535,625.16,3,8,1,80.7,2,0,0
ORD-100987,B2B-87571,271.95,3,8,0,44.1,0,0,0
ORD-100988,B2B-65084,218.58,7,13,0,63.23,0,0,0
ORD-100989,B2B-70465,465.9,3,11,0,62.43,4,1,1
ORD-100990,B2B-19543,260.58,7,8,0,72.23,-2,0,0
ORD-100991,B2B-72466,270.49,3,11,0,55.08,1,0,0
ORD-100992,B2B-89419,495.82,7,14,0,77.44,3,0,0
ORD-100993,B2B-16506,422.23,3,11,0,48.81,-4,0,0
ORD-100994,B2B-6492,348.96,3,8,1,72.74,2,0,1
ORD-100995,B2B-36952,659.01,7,12,0,80.23,3,0,0
ORD-100996,B2B-69093,464.74,3,14,0,57.45,1,0,1
ORD-100997,B2B-75594,237.46,3,12,0,68.68,1,0,1
ORD-100998,B2B-9933,318.11,7,14,0,77.69,0,0,0
ORD-100999,B2B-46396,251.37,7,11,0,63.57,-1,0,0
ORD-101000,B2B-93002,216.77,3,8,1,64.19,-2,0,0
ORD-101001,B2B-92314,119.55,3,11,1,58.94,2,0,1
ORD-101002,B2B-10100,132.58,3,12,1,50.7,0,0,0
ORD-101003,B2B-95375,62.32,3,11,0,39.78,-2,0,0
ORD-101004,B2B-20421,718.6,3,14,1,90.84,0,0,0
ORD-101005,B2B-55636,103.07,7,9,0,63.06,1,0,0
ORD-101006,B2B-17520,74.84,7,11,0,60.39,0,0,0
ORD-101007,B2B-85301,149.09,7,9,1,68.4,-2,0,0
ORD-101008,B2B-41761,248.81,3,11,0,64.4,-1,0,0
ORD-101009,B2B-35688,329.31,7,10,0,54.65,-2,0,0
ORD-101010,B2B-35757,153.49,3,11,0,50.69,2,0,0
ORD-101011,B2B-35745,188.89,7,8,0,64.98,2,0,0
ORD-101012,B2B-46368,226.22,7,11,0,61.27,1,0,0
ORD-101013,B2B-68212,41.47,3,7,0,48.69,0,0,0
ORD-101014,B2B-52738,826.49,3,10,0,98.23,2,0,1
ORD-101015,B2B-91629,222.93,3,12,0,62.48,0,0,0
ORD-101016,B2B-45405,705.59,7,7,1,77.63,2,0,0
ORD-101017,B2B-83353,532.96,3,12,1,85.83,0,0,0
ORD-101018,B2B-88555,560.64,3,9,1,90.79,0,0,0
ORD-101019,B2B-75357,507.79,3,9,1,87.91,0,0,0
ORD-101020,B2B-21199,136.6,3,13,0,59.53,0,0,0
ORD-101021,B2B-41230,106.34,3,13,0,42.66,1,0,0
ORD-101022,B2B-51091,632.83,3,10,0,86.39,5,2,1
ORD-101023,B2B-91425,396.55,3,10,0,87.85,-6,0,0
ORD-101024,B2B-18051,606.19,3,14,0,90.57,0,0,0
ORD-101025,B2B-5625,674.77,3,7,1,110.48,7,4,1
ORD-101026,B2B-21647,378.29,3,14,0,46.69,-3,0,0
ORD-101027,B2B-29290,739.67,7,10,1,99.16,1,0,0
ORD-101028,B2B-75357,507.79,3,10,1,70.45,-1,0,0
ORD-101029,B2B-84085,454.16,3,7,0,66.4,-2,0,0
ORD-101030,B2B-31506,802.14,7,14,0,62.36,2,0,0
ORD-101031,B2B-83353,532.96,3,7,0,67.86,-4,0,0
ORD-101032,B2B-66471,457.4,3,10,0,70.73,0,0,0
ORD-101033,B2B-38826,536.49,7,9,0,73.33,0,0,0
ORD-101034,B2B-15993,270.48,3,10,1,56.18,-1,0,0
ORD-101035,B2B-88968,928.28,7,11,1,109.54,0,0,0
ORD-101036,B2B-90230,406.47,7,13,0,71.94,-1,0,0
ORD-101037,B2B-70116,289.27,7,8,0,51.08,1,0,0
ORD-101038,B2B-70880,644.27,3,10,1,88.34,0,0,0
ORD-101039,B2B-90230,406.47,7,11,0,60.28,0,0,0
ORD-101040,B2B-29323,274.14,3,14,1,74.15,1,0,0
ORD-101041,B2B-30729,556.38,3,8,1,76.87,-1,0,0
ORD-101042,B2B-20143,477.8,3,14,1,75.78,0,0,0
ORD-101043,B2B-46127,494.33,3,11,1,76.3,2,0,0
ORD-101044,B2B-47320,752.74,3,8,0,80.14,0,0,0
ORD-101045,B2B-38826,536.49,7,10,0,75.49,0,0,0
ORD-101046,B2B-55547,437.05,3,10,0,70.05,0,0,0
ORD-101047,B2B-18221,348.44,3,12,1,68.55,-3,0,0
ORD-101048,B2B-90230,406.47,7,9,0,62.21,-1,0,0
ORD-101049,B2B-83416,207.08,3,8,0,42.24,-3,0,0
ORD-101050,B2B-75357,507.79,3,7,0,78.14,1,0,0
ORD-101051,B2B-17750,179.54,3,13,0,49.85,1,0,0
ORD-101052,B2B-80015,168.28,3,10,0,66.06,-1,0,0
ORD-101053,B2B-45405,705.59,7,12,0,85.0,-1,0,0
ORD-101054,B2B-28688,477.49,3,14,1,90.39,0,0,0
ORD-101055,B2B-824,210.68,7,12,0,67.49,-3,0,0
ORD-101056,B2B-40839,148.87,3,8,0,61.07,2,0,1
ORD-101057,B2B-56992,164.68,3,9,0,55.77,2,0,1
ORD-101058,B2B-21199,136.6,3,7,0,65.19,-1,0,0
ORD-101059,B2B-69495,147.01,3,8,0,46.96,0,0,0
ORD-101060,B2B-71281,295.12,3,12,0,73.39,-2,0,0
ORD-101061,B2B-28699,276.96,7,8,0,58.99,-2,0,0
ORD-101062,B2B-48337,217.85,3,14,0,52.2,1,0,0
ORD-101063,B2B-45330,371.39,3,11,0,69.97,1,0,0
ORD-101064,B2B-68919,182.23,7,8,0,32.92,2,0,0
ORD-101065,B2B-34252,310.33,3,8,0,73.98,2,0,0
ORD-101066,B2B-18221,348.44,3,9,0,73.37,0,0,0
ORD-101067,B2B-40989,252.61,7,13,1,58.43,-2,0,0
ORD-101068,B2B-72466,270.49,3,11,0,62.5,-1,0,0
ORD-101069,B2B-27599,705.12,3,8,1,91.41,5,2,0
ORD-101070,B2B-1563,182.02,3,7,0,59.7,-1,0,0
ORD-101071,B2B-83562,229.29,7,8,0,80.48,0,0,0
ORD-101072,B2B-41230,106.34,3,7,1,48.27,0,0,0
ORD-101073,B2B-27189,532.44,3,12,0,83.41,4,1,1
ORD-101074,B2B-43536,599.85,3,8,0,74.81,2,0,1
ORD-101075,B2B-93157,103.37,3,12,0,54.94,1,0,0
ORD-101076,B2B-60586,738.48,3,12,0,96.26,0,0,0
ORD-101077,B2B-26559,410.2,7,8,0,78.13,0,0,0
ORD-101078,B2B-50609,160.69,7,11,0,56.93,0,0,0
ORD-101079,B2B-12858,294.08,7,8,1,63.9,0,0,0
ORD-101080,B2B-41178,124.26,3,12,0,41.9,2,0,0
ORD-101081,B2B-11521,26.15,3,9,1,44.89,-3,0,0
ORD-101082,B2B-70283,878.87,3,11,0,93.74,2,0,1
ORD-101083,B2B-58025,333.8,3,13,0,64.78,-1,0,0
ORD-101084,B2B-69672,117.85,7,8,0,52.39,0,0,0
ORD-101085,B2B-7824,603.55,3,9,1,80.28,1,0,1
ORD-101086,B2B-35745,188.89,7,12,0,69.61,1,0,0
ORD-101087,B2B-74018,437.58,3,10,1,69.18,-1,0,0
ORD-101088,B2B-74692,309.02,3,14,0,56.27,-2,0,0
ORD-101089,B2B-40178,294.57,3,12,0,75.37,0,0,0
ORD-101090,B2B-90230,406.47,7,9,0,78.23,3,0,1
ORD-101091,B2B-80380,545.83,3,7,1,68.43,1,0,1
ORD-101092,B2B-33006,288.71,3,7,0,67.69,-1,0,0
ORD-101093,B2B-99085,721.6,7,11,1,86.82,0,0,0
ORD-101094,B2B-19214,863.96,7,10,0,87.41,1,0,0
ORD-101095,B2B-53943,648.98,3,14,0,76.07,-2,0,0
ORD-101096,B2B-20143,477.8,3,10,1,59.1,1,0,0
ORD-101097,B2B-17434,572.59,3,12,0,65.75,1,0,0
ORD-101098,B2B-44861,329.47,3,14,0,66.0,0,0,0
ORD-101099,B2B-52943,856.21,7,13,0,93.0,-4,0,0
ORD-101100,B2B-74684,548.73,3,7,1,87.98,-3,0,0
ORD-101101,B2B-28375,465.41,3,11,0,78.61,1,0,0
ORD-101102,B2B-43127,363.12,7,12,0,71.79,-1,0,0
ORD-101103,B2B-21663,430.53,7,14,0,60.89,-1,0,0
ORD-101104,B2B-84142,298.29,3,7,1,66.06,2,0,0
ORD-101105,B2B-11521,26.15,3,10,0,53.26,-1,0,0
ORD-101106,B2B-17449,275.78,7,10,0,78.46,1,0,0
ORD-101107,B2B-56377,536.78,3,11,1,78.57,2,0,0
ORD-101108,B2B-42934,637.56,3,14,1,85.9,2,0,1
ORD-101109,B2B-91629,222.93,3,8,0,66.63,2,0,0
ORD-101110,B2B-87026,149.38,3,10,1,58.27,0,0,0
ORD-101111,B2B-58412,543.27,7,7,0,78.27,1,0,0
ORD-101112,B2B-68919,182.23,7,8,0,61.99,-1,0,0
ORD-101113,B2B-21647,378.29,3,12,0,61.34,3,0,0
ORD-101114,B2B-50991,152.72,3,7,0,39.34,-2,0,0
ORD-101115,B2B-11435,298.71,7,10,1,47.1,0,0,0
ORD-101116,B2B-4727,619.93,7,8,0,79.47,3,0,0
ORD-101117,B2B-85628,299.31,7,7,1,60.9,-4,0,0
ORD-101118,B2B-36952,659.01,7,12,0,91.55,7,0,1
ORD-101119,B2B-21862,673.76,3,13,1,78.05,3,0,0
ORD-101120,B2B-35219,290.88,3,12,1,57.96,0,0,0
ORD-101121,B2B-41761,248.81,3,7,1,64.98,0,0,0
ORD-101122,B2B-67047,131.63,3,9,0,64.59,0,0,0
ORD-101123,B2B-51530,257.73,3,10,0,63.35,1,0,0
ORD-101124,B2B-53047,465.29,3,11,1,70.16,1,0,0
ORD-101125,B2B-90351,64.85,7,11,0,50.64,-2,0,0
ORD-101126,B2B-79866,122.78,3,14,0,62.84,0,0,0
ORD-101127,B2B-699,312.08,3,9,0,65.03,1,0,0
ORD-101128,B2B-41342,247.72,3,14,0,54.28,-1,0,0
ORD-101129,B2B-41910,191.25,3,9,0,66.09,-1,0,0
ORD-101130,B2B-58025,333.8,3,11,1,63.33,0,0,0
ORD-101131,B2B-39956,298.72,3,13,1,45.8,2,0,0
ORD-101132,B2B-56992,164.68,3,11,0,62.38,0,0,0
ORD-101133,B2B-77661,852.66,3,13,0,83.89,4,1,0
ORD-101134,B2B-41910,191.25,3,9,0,46.28,0,0,0
ORD-101135,B2B-12451,110.17,3,8,0,57.92,0,0,0
ORD-101136,B2B-91425,396.55,3,10,0,73.15,-3,0,0
ORD-101137,B2B-54672,550.57,3,7,0,65.67,2,0,0
ORD-101138,B2B-48439,187.34,3,12,0,74.27,0,0,0
ORD-101139,B2B-59929,145.95,3,9,0,49.71,0,0,0
ORD-101140,B2B-83563,472.14,3,11,0,89.62,1,0,0
ORD-101141,B2B-74695,672.08,3,10,0,82.19,2,0,0
ORD-101142,B2B-33392,172.39,7,9,0,72.65,0,0,0
ORD-101143,B2B-24529,628.53,3,9,0,84.84,0,0,0
ORD-101144,B2B-77562,194.73,7,13,0,49.96,1,0,0
ORD-101145,B2B-84142,298.29,3,11,0,82.79,0,0,0
ORD-101146,B2B-916,189.92,3,13,0,51.64,1,0,0
ORD-101147,B2B-76363,555.75,7,9,0,98.79,0,0,0
ORD-101148,B2B-87026,149.38,3,10,0,55.08,-2,0,0
ORD-101149,B2B-42372,306.08,3,11,0,75.43,-2,0,0
ORD-101150,B2B-39082,287.99,3,9,0,50.33,-1,0,0
ORD-101151,B2B-12409,200.39,7,8,0,69.87,0,0,0
ORD-101152,B2B-40178,294.57,3,8,0,82.68,0,0,0
ORD-101153,B2B-68919,182.23,7,13,0,50.29,0,0,0
ORD-101154,B2B-79642,606.95,3,7,0,76.6,0,0,0
ORD-101155,B2B-53047,465.29,3,11,0,72.98,0,0,0
ORD-101156,B2B-17175,699.29,3,13,1,94.68,0,0,0
ORD-101157,B2B-52689,643.13,3,9,0,80.4,-4,0,0
ORD-101158,B2B-8641,141.06,3,14,0,60.36,1,0,0
ORD-101159,B2B-71923,815.91,3,14,0,85.7,0,0,0
ORD-101160,B2B-54346,648.51,7,13,1,82.82,0,0,0
ORD-101161,B2B-10240,327.65,7,8,0,49.04,-2,0,0
ORD-101162,B2B-3443,221.32,3,12,0,59.75,0,0,0
ORD-101163,B2B-97179,566.59,3,8,0,56.09,0,0,0
ORD-101164,B2B-81420,147.06,3,10,0,55.57,0,0,0
ORD-101165,B2B-6903,112.24,3,8,0,37.26,-2,0,0
ORD-101166,B2B-49044,662.08,7,13,0,89.61,-2,0,0
ORD-101167,B2B-96058,216.57,7,8,0,78.49,0,0,0
ORD-101168,B2B-15429,682.84,3,8,0,79.68,0,0,0
ORD-101169,B2B-1715,321.45,7,10,0,57.38,0,0,0
ORD-101170,B2B-54897,287.59,3,13,0,52.32,-2,0,0
ORD-101171,B2B-41054,470.71,7,13,0,72.5,0,0,0
ORD-101172,B2B-26477,267.63,3,11,0,73.64,0,0,0
ORD-101173,B2B-12172,499.33,7,9,0,61.32,0,0,0
ORD-101174,B2B-99480,448.58,3,8,0,69.56,2,0,1
ORD-101175,B2B-53943,648.98,3,12,0,94.9,4,1,1
ORD-101176,B2B-58252,190.25,3,7,0,72.54,1,0,0
ORD-101177,B2B-38826,536.49,7,13,0,88.6,0,0,0
ORD-101178,B2B-1835,675.3,3,9,0,83.91,-1,0,0
ORD-101179,B2B-99069,505.28,3,7,0,73.53,-2,0,0
ORD-101180,B2B-16615,353.55,3,12,0,68.41,-1,0,0
ORD-101181,B2B-69617,439.75,7,14,0,82.35,-2,0,0
ORD-101182,B2B-2979,367.89,3,13,0,82.89,-1,0,0
ORD-101183,B2B-77707,132.1,3,9,0,60.75,-2,0,0
ORD-101184,B2B-51328,571.61,3,12,1,78.61,0,0,0
ORD-101185,B2B-51530,257.73,3,14,0,66.04,2,0,0
ORD-101186,B2B-24971,288.01,3,13,0,63.15,4,1,1
ORD-101187,B2B-17520,74.84,7,7,0,48.13,-2,0,0
ORD-101188,B2B-14626,632.92,3,11,0,79.15,0,0,0
ORD-101189,B2B-72219,428.71,7,14,0,85.22,-1,0,0
ORD-101190,B2B-9933,318.11,7,7,0,45.51,-3,0,0
ORD-101191,B2B-15563,559.64,7,7,0,66.47,3,0,0
ORD-101192,B2B-50609,160.69,7,7,1,50.92,-3,0,0
ORD-101193,B2B-97179,566.59,3,8,1,73.55,4,1,0
ORD-101194,B2B-82861,269.58,7,12,0,66.52,-1,0,0
ORD-101195,B2B-28375,465.41,3,13,1,78.41,3,0,0
ORD-101196,B2B-58522,613.4,3,14,0,90.97,0,0,0
ORD-101197,B2B-72630,54.03,3,7,0,47.42,0,0,0
ORD-101198,B2B-54945,251.33,7,14,0,61.89,1,0,0
ORD-101199,B2B-69495,147.01,3,11,1,50.77,-2,0,0
ORD-101200,B2B-5208,483.35,3,14,0,83.13,0,0,0
ORD-101201,B2B-84692,682.93,3,11,0,77.78,2,0,1
ORD-101202,B2B-74018,437.58,3,13,1,71.94,-1,0,0
ORD-101203,B2B-15987,646.88,3,10,1,86.91,-2,0,0
ORD-101204,B2B-1530,38.68,3,14,0,71.98,0,0,0
ORD-101205,B2B-68926,258.66,3,11,0,71.95,0,0,0
ORD-101206,B2B-35323,248.47,3,9,1,55.56,5,2,1
ORD-101207,B2B-12689,125.28,7,12,0,65.89,-1,0,0
ORD-101208,B2B-40012,70.68,7,12,0,45.41,0,0,0
ORD-101209,B2B-20421,718.6,3,7,1,67.91,0,0,0
ORD-101210,B2B-37007,369.48,3,14,0,66.61,3,0,1
ORD-101211,B2B-33181,257.39,3,14,0,65.73,0,0,0
ORD-101212,B2B-47320,752.74,3,14,0,76.42,-2,0,0
ORD-101213,B2B-21862,673.76,3,11,0,79.79,3,0,0
ORD-101214,B2B-4952,366.81,3,13,0,54.93,0,0,0
ORD-101215,B2B-77702,154.37,7,14,1,59.99,0,0,0
ORD-101216,B2B-1530,38.68,3,12,0,54.83,0,0,0
ORD-101217,B2B-17750,179.54,3,8,1,42.72,0,0,0
ORD-101218,B2B-760,248.77,3,11,1,46.88,1,0,0
ORD-101219,B2B-89062,129.41,7,13,0,57.32,3,0,1
ORD-101220,B2B-62843,82.28,7,11,1,52.84,1,0,0
ORD-101221,B2B-17520,74.84,7,14,0,63.77,2,0,0
ORD-101222,B2B-41706,65.65,7,9,0,59.01,-2,0,0
ORD-101223,B2B-10240,327.65,7,8,1,60.81,-3,0,0
ORD-101224,B2B-6337,362.09,7,8,1,62.89,0,0,0
ORD-101225,B2B-19617,408.26,7,13,1,67.91,0,0,0
ORD-101226,B2B-5963,539.47,3,10,1,68.67,-2,0,0
ORD-101227,B2B-16719,326.27,7,12,0,66.99,-1,0,0
ORD-101228,B2B-16829,128.6,3,7,1,68.34,1,0,0
ORD-101229,B2B-50609,160.69,7,9,1,58.82,0,0,0
ORD-101230,B2B-2979,367.89,3,13,1,76.45,0,0,0
ORD-101231,B2B-10435,145.35,3,14,0,58.08,-2,0,0
ORD-101232,B2B-45330,371.39,3,9,0,65.23,6,3,0
ORD-101233,B2B-4182,385.92,3,13,0,55.25,0,0,0
ORD-101234,B2B-33006,288.71,3,10,1,45.45,-2,0,0
ORD-101235,B2B-27599,705.12,3,7,0,93.42,-3,0,0
ORD-101236,B2B-75395,95.08,7,13,0,45.38,0,0,0
ORD-101237,B2B-75641,39.25,3,13,0,45.13,1,0,0
ORD-101238,B2B-4919,100.95,3,13,0,46.75,0,0,0
ORD-101239,B2B-47096,91.69,3,7,0,55.56,0,0,0
ORD-101240,B2B-14370,314.39,7,9,0,67.1,0,0,0
ORD-101241,B2B-69665,585.98,3,7,0,83.83,1,0,0
ORD-101242,B2B-58097,527.36,3,11,1,71.86,2,0,0
ORD-101243,B2B-582,244.06,3,13,1,55.61,-1,0,0
ORD-101244,B2B-24529,628.53,3,11,1,92.01,0,0,0
ORD-101245,B2B-54070,415.03,3,11,0,71.99,2,0,1
ORD-101246,B2B-41910,191.25,3,12,0,47.8,1,0,0
ORD-101247,B2B-13496,404.5,3,9,0,61.7,6,3,1
ORD-101248,B2B-36952,659.01,7,12,0,65.4,0,0,0
ORD-101249,B2B-89458,169.02,7,7,1,87.63,0,0,0
ORD-101250,B2B-83562,229.29,7,8,0,54.72,-4,0,0
ORD-101251,B2B-45405,705.59,7,11,0,85.44,0,0,0
ORD-101252,B2B-50991,152.72,3,7,0,71.68,-1,0,0
ORD-101253,B2B-5625,674.77,3,12,0,72.46,-1,0,0
ORD-101254,B2B-89458,169.02,7,8,1,61.01,-2,0,0
ORD-101255,B2B-99501,643.12,3,12,0,100.17,2,0,0
ORD-101256,B2B-28602,223.1,3,13,1,41.2,3,0,0
ORD-101257,B2B-77482,132.64,7,7,0,52.17,0,0,0
ORD-101258,B2B-41547,272.28,3,14,0,49.67,-1,0,0
ORD-101259,B2B-53047,465.29,3,9,0,75.4,0,0,0
ORD-101260,B2B-50991,152.72,3,12,0,33.09,-1,0,0
ORD-101261,B2B-18221,348.44,3,11,0,61.51,1,0,0
ORD-101262,B2B-20126,415.01,3,12,0,55.53,-1,0,0
ORD-101263,B2B-40085,297.66,3,7,0,74.14,-1,0,0
ORD-101264,B2B-57770,398.92,3,10,0,68.39,1,0,0
ORD-101265,B2B-4952,366.81,3,14,0,76.61,6,3,1
ORD-101266,B2B-16185,106.42,3,14,0,69.2,0,0,0
ORD-101267,B2B-57541,338.12,3,8,1,56.12,0,0,0
ORD-101268,B2B-91629,222.93,3,10,1,57.2,1,0,0
ORD-101269,B2B-36952,659.01,7,7,1,77.88,1,0,0
ORD-101270,B2B-88750,232.31,7,7,0,38.32,0,0,0
ORD-101271,B2B-65273,526.64,3,14,1,67.04,0,0,0
ORD-101272,B2B-93157,103.37,3,9,0,56.86,2,0,0
ORD-101273,B2B-45936,315.79,3,8,1,75.37,1,0,1
ORD-101274,B2B-15987,646.88,3,8,0,99.01,-1,0,0
ORD-101275,B2B-12858,294.08,7,13,0,85.39,1,0,0
ORD-101276,B2B-35745,188.89,7,14,1,56.75,1,0,0
ORD-101277,B2B-28109,53.68,7,11,0,44.26,0,0,0
ORD-101278,B2B-81420,147.06,3,13,0,71.92,0,0,0
ORD-101279,B2B-84142,298.29,3,14,1,49.33,-1,0,0
ORD-101280,B2B-92368,113.13,3,10,0,62.27,0,0,0
ORD-101281,B2B-13363,167.98,3,8,1,53.01,-1,0,0
ORD-101282,B2B-84509,417.09,3,10,0,65.82,-3,0,0
ORD-101283,B2B-5963,539.47,3,12,0,69.59,0,0,0
ORD-101284,B2B-96058,216.57,7,14,0,53.34,-4,0,0
ORD-101285,B2B-84058,322.72,3,11,0,70.31,0,0,0
ORD-101286,B2B-11884,732.96,3,10,1,91.27,-1,0,0
ORD-101287,B2B-99646,86.76,7,12,0,48.86,2,0,1
ORD-101288,B2B-11435,298.71,7,9,1,74.62,1,0,0
ORD-101289,B2B-72765,873.91,3,12,1,119.57,4,1,0
ORD-101290,B2B-72239,82.52,7,7,0,50.36,1,0,0
ORD-101291,B2B-57435,293.3,3,11,0,52.04,-3,0,0
ORD-101292,B2B-72474,663.97,7,9,0,72.4,2,0,0
ORD-101293,B2B-80168,467.72,3,14,0,77.54,4,1,0
ORD-101294,B2B-53868,40.78,3,7,0,46.8,2,0,0
ORD-101295,B2B-65614,319.56,3,7,0,70.54,4,1,0
ORD-101296,B2B-58522,613.4,3,9,0,61.99,0,0,0
ORD-101297,B2B-65084,218.58,7,7,1,68.52,0,0,0
ORD-101298,B2B-70992,154.1,7,10,0,47.9,1,0,0
ORD-101299,B2B-21199,136.6,3,8,1,67.65,0,0,0
ORD-101300,B2B-73790,354.4,3,14,0,64.25,-3,0,0
ORD-101301,B2B-11435,298.71,7,14,0,77.27,0,0,0
ORD-101302,B2B-41024,433.53,3,14,0,65.11,0,0,0
ORD-101303,B2B-90351,64.85,7,11,0,51.04,-3,0,0
ORD-101304,B2B-57541,338.12,3,14,0,57.55,1,0,1
ORD-101305,B2B-54070,415.03,3,7,0,68.93,-2,0,0
ORD-101306,B2B-52106,665.15,3,9,0,95.23,2,0,0
ORD-101307,B2B-52522,313.94,3,11,1,69.12,1,0,0
ORD-101308,B2B-83416,207.08,3,10,0,63.74,-1,0,0
ORD-101309,B2B-75594,237.46,3,7,0,65.12,-2,0,0
ORD-101310,B2B-5218,370.92,3,7,0,64.31,0,0,0
ORD-101311,B2B-69860,629.23,3,13,0,80.88,-1,0,0
ORD-101312,B2B-83901,378.74,3,9,0,70.46,-1,0,0
ORD-101313,B2B-88555,560.64,3,7,0,94.41,6,3,1
ORD-101314,B2B-99501,643.12,3,10,1,89.02,-3,0,0
ORD-101315,B2B-45936,315.79,3,14,0,66.31,3,0,1
ORD-101316,B2B-23088,52.74,3,12,1,56.85,2,0,0
ORD-101317,B2B-81420,147.06,3,8,0,59.92,-2,0,0
ORD-101318,B2B-89419,495.82,7,13,0,86.24,6,0,1
ORD-101319,B2B-6754,533.44,3,11,0,71.77,4,1,1
ORD-101320,B2B-51530,257.73,3,10,0,73.81,0,0,0
ORD-101321,B2B-20143,477.8,3,11,0,70.28,-1,0,0
ORD-101322,B2B-45405,705.59,7,7,1,93.95,-2,0,0
ORD-101323,B2B-96462,172.15,3,13,1,70.2,4,1,1
ORD-101324,B2B-68919,182.23,7,9,0,60.91,3,0,0
ORD-101325,B2B-48997,508.18,3,13,0,78.0,-2,0,0
ORD-101326,B2B-56992,164.68,3,12,0,54.04,0,0,0
ORD-101327,B2B-46372,848.56,3,7,1,92.56,-1,0,0
ORD-101328,B2B-70992,154.1,7,12,0,64.27,0,0,0
ORD-101329,B2B-42643,334.58,3,13,0,74.94,2,0,0
ORD-101330,B2B-54971,147.06,7,8,0,50.24,0,0,0
ORD-101331,B2B-30184,318.79,7,10,0,76.38,0,0,0
ORD-101332,B2B-6337,362.09,7,14,1,73.89,0,0,0
ORD-101333,B2B-24922,637.48,7,13,0,74.7,1,0,0
ORD-101334,B2B-57435,293.3,3,10,0,80.76,4,1,0
ORD-101335,B2B-34548,666.29,7,8,0,100.15,0,0,0
ORD-101336,B2B-75395,95.08,7,9,1,63.56,0,0,0
ORD-101337,B2B-90351,64.85,7,11,0,50.28,2,0,0
ORD-101338,B2B-42595,363.92,3,14,1,58.91,4,1,1
ORD-101339,B2B-97922,843.37,7,7,1,82.35,0,0,0
ORD-101340,B2B-84085,454.16,3,12,1,66.65,-2,0,0
ORD-101341,B2B-5208,483.35,3,9,0,80.89,0,0,0
ORD-101342,B2B-70880,644.27,3,13,1,93.63,-2,0,0
ORD-101343,B2B-24529,628.53,3,14,0,74.53,0,0,0
ORD-101344,B2B-56560,103.28,3,11,0,67.45,-1,0,0
ORD-101345,B2B-88555,560.64,3,14,0,59.81,0,0,0
ORD-101346,B2B-81420,147.06,3,14,0,56.03,4,1,1
ORD-101347,B2B-16020,32.56,3,7,0,52.79,2,0,0
ORD-101348,B2B-76315,617.5,3,9,1,93.17,0,0,0
ORD-101349,B2B-73618,263.71,3,11,0,77.76,-7,0,0
ORD-101350,B2B-47320,752.74,3,13,0,103.95,0,0,0
ORD-101351,B2B-80015,168.28,3,8,1,56.04,0,0,0
ORD-101352,B2B-39539,614.75,3,12,0,78.7,6,3,1
ORD-101353,B2B-13005,364.43,3,10,0,74.66,3,0,0
ORD-101354,B2B-5218,370.92,3,13,0,60.06,-2,0,0
ORD-101355,B2B-55930,264.74,3,9,0,60.83,2,0,0
ORD-101356,B2B-70283,878.87,3,11,0,109.18,-2,0,0
ORD-101357,B2B-71281,295.12,3,14,0,84.91,1,0,0
ORD-101358,B2B-42641,304.19,3,13,0,67.76,1,0,0
ORD-101359,B2B-88998,653.07,3,11,0,89.03,6,3,1
ORD-101360,B2B-56126,432.51,3,10,0,61.97,2,0,0
ORD-101361,B2B-74695,672.08,3,12,1,105.22,1,0,0
ORD-101362,B2B-35745,188.89,7,9,0,52.99,0,0,0
ORD-101363,B2B-54070,415.03,3,8,0,82.36,-4,0,0
ORD-101364,B2B-50778,488.85,3,12,0,57.89,2,0,0
ORD-101365,B2B-55930,264.74,3,11,0,59.68,1,0,0
ORD-101366,B2B-35219,290.88,3,11,0,72.09,-1,0,0
ORD-101367,B2B-55207,245.68,3,14,1,53.3,0,0,0
ORD-101368,B2B-92314,119.55,3,14,0,73.92,-2,0,0
ORD-101369,B2B-27599,705.12,3,13,0,61.78,1,0,0
ORD-101370,B2B-93157,103.37,3,7,0,65.48,0,0,0
ORD-101371,B2B-33392,172.39,7,12,0,56.55,-1,0,0
ORD-101372,B2B-52689,643.13,3,12,1,92.25,5,2,1
ORD-101373,B2B-46396,251.37,7,12,1,57.34,-1,0,0
ORD-101374,B2B-2979,367.89,3,7,1,64.81,-1,0,0
ORD-101375,B2B-90471,681.93,3,8,1,84.81,5,2,1
ORD-101376,B2B-1715,321.45,7,12,0,45.91,0,0,0
ORD-101377,B2B-475,206.37,3,13,0,56.65,2,0,0
ORD-101378,B2B-43127,363.12,7,13,0,57.79,3,0,1
ORD-101379,B2B-67196,206.28,7,12,0,69.1,0,0,0
ORD-101380,B2B-33671,831.52,7,9,0,97.2,3,0,1
ORD-101381,B2B-99085,721.6,7,9,0,102.24,-2,0,0
ORD-101382,B2B-475,206.37,3,13,0,75.86,-1,0,0
ORD-101383,B2B-57908,246.06,3,9,0,70.32,-2,0,0
ORD-101384,B2B-99784,213.77,3,8,0,49.31,1,0,0
ORD-101385,B2B-14370,314.39,7,13,0,69.14,0,0,0
ORD-101386,B2B-31506,802.14,7,7,0,85.83,3,0,0
ORD-101387,B2B-9928,85.7,3,14,1,52.6,-1,0,0
ORD-101388,B2B-96332,296.44,3,12,0,51.42,2,0,0
ORD-101389,B2B-77067,322.91,7,10,0,72.58,0,0,0
ORD-101390,B2B-14161,220.42,3,7,0,61.07,0,0,0
ORD-101391,B2B-47208,563.28,3,12,1,73.01,1,0,0
ORD-101392,B2B-2773,223.95,3,7,0,64.38,0,0,0
ORD-101393,B2B-41178,124.26,3,14,0,65.03,-1,0,0
ORD-101394,B2B-24922,637.48,7,13,0,64.48,0,0,0
ORD-101395,B2B-40702,229.26,7,7,0,44.02,5,0,0
ORD-101396,B2B-99156,196.4,3,8,1,59.55,0,0,0
ORD-101397,B2B-76315,617.5,3,10,1,71.43,6,3,1
ORD-101398,B2B-42595,363.92,3,13,0,52.31,-2,0,0
ORD-101399,B2B-582,244.06,3,9,1,70.25,0,0,0
ORD-101400,B2B-54346,648.51,7,10,0,76.55,2,0,0
ORD-101401,B2B-5107,521.23,7,14,0,76.31,0,0,0
ORD-101402,B2B-73101,574.65,3,14,1,55.51,-2,0,0
ORD-101403,B2B-24529,628.53,3,10,1,77.04,0,0,0
ORD-101404,B2B-47096,91.69,3,9,0,56.6,0,0,0
ORD-101405,B2B-41580,585.24,7,10,1,78.66,0,0,0
ORD-101406,B2B-73752,578.14,7,13,1,74.06,3,0,0
ORD-101407,B2B-76315,617.5,3,12,1,61.14,0,0,0
ORD-101408,B2B-36874,580.4,3,8,0,79.32,1,0,0
ORD-101409,B2B-35323,248.47,3,12,0,60.65,0,0,0
ORD-101410,B2B-57435,293.3,3,13,0,59.52,1,0,0
ORD-101411,B2B-86819,531.68,3,10,1,80.0,-1,0,0
ORD-101412,B2B-29290,739.67,7,11,0,86.55,5,0,1
ORD-101413,B2B-15993,270.48,3,8,0,61.82,0,0,0
ORD-101414,B2B-77707,132.1,3,7,1,55.76,-2,0,0
ORD-101415,B2B-50991,152.72,3,13,0,66.19,0,0,0
ORD-101416,B2B-48337,217.85,3,13,0,72.68,1,0,0
ORD-101417,B2B-51284,206.47,3,14,1,61.23,-1,0,0
ORD-101418,B2B-71321,460.1,7,9,0,75.72,2,0,0
ORD-101419,B2B-77067,322.91,7,11,0,71.96,3,0,0
ORD-101420,B2B-83901,378.74,3,10,0,63.34,2,0,0
ORD-101421,B2B-69678,207.28,3,12,0,56.39,-4,0,0
ORD-101422,B2B-39734,599.79,3,10,1,95.67,-1,0,0
ORD-101423,B2B-58025,333.8,3,11,0,76.81,2,0,0
ORD-101424,B2B-88968,928.28,7,11,0,107.7,0,0,0
ORD-101425,B2B-29165,23.01,3,8,0,34.95,0,0,0
ORD-101426,B2B-25226,147.8,3,9,1,50.67,3,0,1
ORD-101427,B2B-73790,354.4,3,14,0,67.6,0,0,0
ORD-101428,B2B-93117,583.68,3,8,0,64.4,0,0,0
ORD-101429,B2B-16615,353.55,3,10,1,63.2,3,0,0
ORD-101430,B2B-58252,190.25,3,10,0,72.85,-3,0,0
ORD-101431,B2B-11784,537.63,7,12,1,97.58,3,0,0
ORD-101432,B2B-88360,120.26,7,8,0,56.21,-2,0,0
ORD-101433,B2B-56377,536.78,3,9,0,78.07,-2,0,0
ORD-101434,B2B-31915,291.96,7,13,0,61.18,-1,0,0
ORD-101435,B2B-73752,578.14,7,12,0,71.53,0,0,0
ORD-101436,B2B-80146,723.44,7,9,0,81.2,4,0,1
ORD-101437,B2B-41910,191.25,3,8,0,51.99,-1,0,0
ORD-101438,B2B-89899,618.63,3,12,0,70.46,1,0,0
ORD-101439,B2B-53897,321.22,3,11,0,67.46,1,0,0
ORD-101440,B2B-29283,334.32,3,13,0,59.26,0,0,0
ORD-101441,B2B-84982,168.92,3,10,1,58.19,0,0,0
ORD-101442,B2B-58252,190.25,3,13,1,53.47,0,0,0
ORD-101443,B2B-80015,168.28,3,10,0,52.89,5,2,1
ORD-101444,B2B-5625,674.77,3,12,0,102.73,-1,0,0
ORD-101445,B2B-7824,603.55,3,12,1,82.85,-4,0,0
ORD-101446,B2B-89291,355.57,3,12,0,71.76,2,0,0
ORD-101447,B2B-54672,550.57,3,7,0,80.73,1,0,0
ORD-101448,B2B-89419,495.82,7,9,0,72.17,1,0,0
ORD-101449,B2B-41054,470.71,7,9,0,74.27,-1,0,0
ORD-101450,B2B-42595,363.92,3,8,0,85.42,0,0,0
ORD-101451,B2B-69254,391.86,7,9,0,59.26,1,0,0
ORD-101452,B2B-14626,632.92,3,12,0,69.5,0,0,0
ORD-101453,B2B-57770,398.92,3,14,0,58.88,-3,0,0
ORD-101454,B2B-10589,206.53,7,14,0,60.76,0,0,0
ORD-101455,B2B-46372,848.56,3,8,1,99.59,0,0,0
ORD-101456,B2B-25537,634.04,7,11,0,95.82,2,0,0
ORD-101457,B2B-3615,392.89,3,7,1,74.87,-2,0,0
ORD-101458,B2B-79642,606.95,3,7,0,84.01,-4,0,0
ORD-101459,B2B-76315,617.5,3,14,1,88.42,1,0,0
ORD-101460,B2B-29323,274.14,3,7,0,58.12,0,0,0
ORD-101461,B2B-37533,626.0,3,8,0,88.85,1,0,0
ORD-101462,B2B-55682,551.53,3,11,1,86.59,-3,0,0
ORD-101463,B2B-11265,241.54,3,7,0,64.19,0,0,0
ORD-101464,B2B-34252,310.33,3,9,0,83.82,0,0,0
ORD-101465,B2B-72918,181.99,3,8,0,47.48,0,0,0
ORD-101466,B2B-52072,696.94,7,14,1,87.48,-1,0,0
ORD-101467,B2B-88750,232.31,7,14,0,66.6,0,0,0
ORD-101468,B2B-50778,488.85,3,7,0,70.04,-2,0,0
ORD-101469,B2B-31915,291.96,7,9,0,76.82,2,0,1
ORD-101470,B2B-80015,168.28,3,9,0,49.62,0,0,0
ORD-101471,B2B-74692,309.02,3,7,0,53.87,0,0,0
ORD-101472,B2B-37132,667.08,7,12,1,64.67,-1,0,0
ORD-101473,B2B-73618,263.71,3,12,0,53.96,0,0,0
ORD-101474,B2B-52738,826.49,3,9,1,106.1,1,0,1
ORD-101475,B2B-38398,610.12,3,7,0,85.81,-2,0,0
ORD-101476,B2B-93002,216.77,3,12,0,68.55,-2,0,0
ORD-101477,B2B-35323,248.47,3,7,0,78.47,-2,0,0
ORD-101478,B2B-40178,294.57,3,7,0,69.49,-1,0,0
ORD-101479,B2B-69617,439.75,7,11,0,72.35,-2,0,0
ORD-101480,B2B-53943,648.98,3,8,0,84.24,-4,0,0
ORD-101481,B2B-16876,560.95,3,8,1,69.12,-2,0,0
ORD-101482,B2B-41910,191.25,3,9,1,52.31,-2,0,0
ORD-101483,B2B-79866,122.78,3,7,1,76.14,0,0,0
ORD-101484,B2B-84982,168.92,3,8,0,70.05,0,0,0
ORD-101485,B2B-54971,147.06,7,9,0,54.25,1,0,0
ORD-101486,B2B-47096,91.69,3,7,0,45.69,2,0,0
ORD-101487,B2B-67244,698.62,3,11,1,72.48,1,0,1
ORD-101488,B2B-79786,588.46,7,10,0,85.37,2,0,0
ORD-101489,B2B-41024,433.53,3,9,1,57.01,2,0,0
ORD-101490,B2B-20890,275.5,7,13,0,30.81,1,0,0
ORD-101491,B2B-41329,225.17,7,10,0,97.25,-2,0,0
ORD-101492,B2B-91629,222.93,3,13,0,52.21,-4,0,0
ORD-101493,B2B-89419,495.82,7,11,0,63.51,3,0,0
ORD-101494,B2B-86225,237.6,3,10,0,55.79,-1,0,0
ORD-101495,B2B-74692,309.02,3,8,0,86.41,-2,0,0
ORD-101496,B2B-75357,507.79,3,8,0,79.51,-1,0,0
ORD-101497,B2B-21862,673.76,3,10,0,85.68,5,2,1
ORD-101498,B2B-41054,470.71,7,13,0,80.0,1,0,0
ORD-101499,B2B-19595,342.82,7,9,0,54.26,0,0,0
ORD-101500,B2B-55596,37.19,3,10,0,64.09,0,0,0
ORD-101501,B2B-48439,187.34,3,11,0,60.97,0,0,0
ORD-101502,B2B-24909,303.24,3,12,0,69.72,1,0,0
ORD-101503,B2B-84961,445.61,7,13,0,68.8,1,0,0
ORD-101504,B2B-20315,92.54,3,11,1,64.3,0,0,0
ORD-101505,B2B-36206,423.79,3,14,1,71.13,-1,0,0
ORD-101506,B2B-74836,437.22,3,10,0,82.64,1,0,0
ORD-101507,B2B-53943,648.98,3,12,1,91.51,1,0,0
ORD-101508,B2B-89291,355.57,3,7,0,71.18,1,0,0
ORD-101509,B2B-3443,221.32,3,7,0,48.54,-2,0,0
ORD-101510,B2B-58097,527.36,3,14,0,73.17,0,0,0
ORD-101511,B2B-38826,536.49,7,11,0,77.02,0,0,0
ORD-101512,B2B-39487,103.63,3,8,0,54.66,0,0,0
ORD-101513,B2B-48439,187.34,3,13,0,67.77,-1,0,0
ORD-101514,B2B-88555,560.64,3,7,1,85.99,1,0,0
ORD-101515,B2B-532,57.73,7,12,1,45.96,-1,0,0
ORD-101516,B2B-71923,815.91,3,13,0,90.91,4,1,1
ORD-101517,B2B-14570,633.84,3,14,1,56.0,1,0,0
ORD-101518,B2B-11435,298.71,7,7,0,58.21,2,0,0
ORD-101519,B2B-17740,162.38,3,8,0,66.43,-2,0,0
ORD-101520,B2B-4727,619.93,7,7,0,72.02,1,0,1
ORD-101521,B2B-54945,251.33,7,13,1,54.61,-1,0,0
ORD-101522,B2B-52689,643.13,3,7,0,76.8,0,0,0
ORD-101523,B2B-69617,439.75,7,8,0,76.4,4,0,0
ORD-101524,B2B-97276,198.51,3,11,0,77.84,3,0,0
ORD-101525,B2B-15887,234.39,7,7,1,69.43,-2,0,0
ORD-101526,B2B-96173,452.85,3,11,0,68.6,0,0,0
ORD-101527,B2B-53897,321.22,3,7,0,74.4,1,0,0
ORD-101528,B2B-30703,215.86,3,14,1,43.62,-2,0,0
ORD-101529,B2B-30230,742.12,3,7,0,87.36,1,0,0
ORD-101530,B2B-37533,626.0,3,11,1,76.02,2,0,0
ORD-101531,B2B-20256,276.38,3,13,0,69.84,0,0,0
ORD-101532,B2B-41342,247.72,3,14,0,56.44,5,2,1
ORD-101533,B2B-19543,260.58,7,7,0,49.27,0,0,0
ORD-101534,B2B-84982,168.92,3,14,1,66.4,1,0,0
ORD-101535,B2B-52585,496.03,7,11,1,68.88,1,0,0
ORD-101536,B2B-5625,674.77,3,11,0,79.96,0,0,0
ORD-101537,B2B-77482,132.64,7,14,0,50.25,1,0,0
ORD-101538,B2B-73101,574.65,3,14,1,66.72,1,0,1
ORD-101539,B2B-14570,633.84,3,9,0,86.56,1,0,0
ORD-101540,B2B-19407,308.14,3,9,0,55.04,0,0,0
ORD-101541,B2B-61154,527.14,3,14,0,71.2,2,0,0
ORD-101542,B2B-81277,659.12,3,7,0,82.13,2,0,0
ORD-101543,B2B-99045,685.6,3,9,0,85.66,1,0,0
ORD-101544,B2B-51328,571.61,3,9,1,69.84,2,0,0
ORD-101545,B2B-30067,209.94,7,14,1,54.79,1,0,0
ORD-101546,B2B-12409,200.39,7,7,0,65.6,1,0,0
ORD-101547,B2B-11848,509.37,3,12,1,88.03,1,0,0
ORD-101548,B2B-86465,662.66,7,13,0,82.8,0,0,0
ORD-101549,B2B-90230,406.47,7,14,1,73.05,-1,0,0
ORD-101550,B2B-89892,259.72,3,9,0,51.84,3,0,0
ORD-101551,B2B-72630,54.03,3,10,1,41.93,0,0,0
ORD-101552,B2B-90230,406.47,7,13,1,71.21,0,0,0
ORD-101553,B2B-36771,443.33,3,8,0,73.53,2,0,0
ORD-101554,B2B-45405,705.59,7,14,0,81.06,0,0,0
ORD-101555,B2B-3029,244.75,3,11,0,75.11,1,0,0
ORD-101556,B2B-28120,444.72,3,10,0,70.48,5,2,0
ORD-101557,B2B-68919,182.23,7,14,1,62.01,3,0,0
ORD-101558,B2B-17624,231.66,3,7,0,60.83,0,0,0
ORD-101559,B2B-12409,200.39,7,11,0,58.07,0,0,0
ORD-101560,B2B-49044,662.08,7,14,0,91.41,0,0,0
ORD-101561,B2B-48337,217.85,3,7,0,61.22,0,0,0
ORD-101562,B2B-47887,421.59,3,8,1,82.83,0,0,0
ORD-101563,B2B-45405,705.59,7,11,0,75.68,0,0,0
ORD-101564,B2B-13005,364.43,3,9,0,71.53,0,0,0
ORD-101565,B2B-87571,271.95,3,13,1,65.62,-4,0,0
ORD-101566,B2B-89419,495.82,7,13,0,95.79,4,0,0
ORD-101567,B2B-17894,412.29,7,11,0,70.56,-4,0,0
ORD-101568,B2B-72474,663.97,7,7,0,91.24,4,0,0
ORD-101569,B2B-75299,418.34,3,8,0,75.2,-1,0,0
ORD-101570,B2B-89892,259.72,3,10,0,65.22,-2,0,0
ORD-101571,B2B-41329,225.17,7,9,1,51.19,2,0,0
ORD-101572,B2B-99045,685.6,3,11,0,79.38,0,0,0
ORD-101573,B2B-26559,410.2,7,10,0,81.6,-1,0,0
ORD-101574,B2B-93833,418.51,3,10,0,70.78,0,0,0
ORD-101575,B2B-30230,742.12,3,11,1,68.32,-1,0,0
ORD-101576,B2B-38398,610.12,3,12,0,81.65,-1,0,0
ORD-101577,B2B-33392,172.39,7,9,0,62.95,-1,0,0
ORD-101578,B2B-93543,576.39,7,11,0,72.8,0,0,0
ORD-101579,B2B-89419,495.82,7,14,0,65.28,0,0,0
ORD-101580,B2B-44861,329.47,3,14,0,60.22,0,0,0
ORD-101581,B2B-70994,301.53,7,13,0,63.4,3,0,0
ORD-101582,B2B-89062,129.41,7,10,1,60.98,0,0,0
ORD-101583,B2B-582,244.06,3,14,0,72.53,0,0,0
ORD-101584,B2B-72214,211.97,3,9,0,76.73,1,0,0
ORD-101585,B2B-7824,603.55,3,14,0,84.1,-1,0,0
ORD-101586,B2B-20315,92.54,3,14,0,53.9,-1,0,0
ORD-101587,B2B-93543,576.39,7,8,0,76.56,4,0,0
ORD-101588,B2B-824,210.68,7,10,0,68.61,6,0,0
ORD-101589,B2B-78279,40.95,3,12,0,56.68,0,0,0
ORD-101590,B2B-33671,831.52,7,10,1,92.79,2,0,0
ORD-101591,B2B-8916,335.64,3,13,1,75.05,-3,0,0
ORD-101592,B2B-70408,324.91,3,9,0,60.77,1,0,1
ORD-101593,B2B-760,248.77,3,12,0,70.79,-2,0,0
ORD-101594,B2B-46372,848.56,3,11,0,86.72,4,1,1
ORD-101595,B2B-17750,179.54,3,11,1,70.57,-6,0,0
ORD-101596,B2B-54346,648.51,7,10,1,89.26,0,0,0
ORD-101597,B2B-73790,354.4,3,12,0,89.81,3,0,0
ORD-101598,B2B-52943,856.21,7,7,0,83.97,6,0,0
ORD-101599,B2B-58522,613.4,3,7,0,74.51,0,0,0
ORD-101600,B2B-91091,651.18,3,7,0,87.04,2,0,1
ORD-101601,B2B-19214,863.96,7,9,1,89.44,-3,0,0
ORD-101602,B2B-39734,599.79,3,9,0,88.7,0,0,0
ORD-101603,B2B-68919,182.23,7,8,1,41.39,-2,0,0
ORD-101604,B2B-3524,100.69,3,12,0,53.49,2,0,0
ORD-101605,B2B-18051,606.19,3,9,1,61.09,2,0,0
ORD-101606,B2B-75641,39.25,3,14,1,38.76,0,0,0
ORD-101607,B2B-33680,278.55,3,12,0,54.54,5,2,1
ORD-101608,B2B-54945,251.33,7,14,0,59.51,2,0,0
ORD-101609,B2B-760,248.77,3,9,0,61.42,-1,0,0
ORD-101610,B2B-582,244.06,3,14,0,73.87,1,0,0
ORD-101611,B2B-31915,291.96,7,12,0,64.43,-2,0,0
ORD-101612,B2B-99501,643.12,3,7,0,71.39,3,0,0
ORD-101613,B2B-57908,246.06,3,10,0,43.39,0,0,0
ORD-101614,B2B-24529,628.53,3,8,0,76.66,-3,0,0
ORD-101615,B2B-85301,149.09,7,9,0,67.68,-3,0,0
ORD-101616,B2B-91425,396.55,3,10,1,58.86,0,0,0
ORD-101617,B2B-96173,452.85,3,7,0,82.38,0,0,0
ORD-101618,B2B-6304,299.5,3,11,0,80.8,-2,0,0
ORD-101619,B2B-56126,432.51,3,7,1,53.01,5,2,1
ORD-101620,B2B-58025,333.8,3,9,0,53.64,0,0,0
ORD-101621,B2B-6903,112.24,3,11,0,52.51,-2,0,0
ORD-101622,B2B-56564,188.33,7,9,0,73.12,0,0,0
ORD-101623,B2B-18051,606.19,3,10,1,62.6,-3,0,0
ORD-101624,B2B-17750,179.54,3,8,0,52.21,2,0,0
ORD-101625,B2B-49044,662.08,7,11,0,82.82,-1,0,0
ORD-101626,B2B-58252,190.25,3,14,0,53.53,2,0,0
ORD-101627,B2B-58025,333.8,3,13,0,77.17,1,0,0
ORD-101628,B2B-69254,391.86,7,9,1,62.69,4,0,0
ORD-101629,B2B-65084,218.58,7,14,0,76.14,0,0,0
ORD-101630,B2B-39279,220.21,7,9,0,63.93,-1,0,0
ORD-101631,B2B-84098,156.59,7,10,1,46.5,-2,0,0
ORD-101632,B2B-12689,125.28,7,7,0,48.04,0,0,0
ORD-101633,B2B-17175,699.29,3,7,0,80.26,1,0,0
ORD-101634,B2B-49044,662.08,7,11,0,81.71,-2,0,0
ORD-101635,B2B-14626,632.92,3,11,1,75.64,0,0,0
ORD-101636,B2B-77661,852.66,3,7,1,88.91,0,0,0
ORD-101637,B2B-72630,54.03,3,10,1,63.82,1,0,0
ORD-101638,B2B-40535,625.16,3,10,1,88.12,3,0,0
ORD-101639,B2B-42641,304.19,3,13,0,79.81,1,0,0
ORD-101640,B2B-7824,603.55,3,10,0,96.25,3,0,0
ORD-101641,B2B-73790,354.4,3,8,1,66.48,0,0,0
ORD-101642,B2B-86465,662.66,7,12,1,89.84,0,0,0
ORD-101643,B2B-99784,213.77,3,11,0,72.92,1,0,0
ORD-101644,B2B-21541,112.75,3,9,0,50.48,-3,0,0
ORD-101645,B2B-75594,237.46,3,8,1,57.08,2,0,0
ORD-101646,B2B-11265,241.54,3,12,1,65.95,-1,0,0
ORD-101647,B2B-64224,300.91,3,12,0,72.71,0,0,0
ORD-101648,B2B-34548,666.29,7,7,1,87.37,0,0,0
ORD-101649,B2B-15993,270.48,3,10,0,53.09,2,0,0
ORD-101650,B2B-89458,169.02,7,12,1,45.37,-2,0,0
ORD-101651,B2B-16615,353.55,3,8,0,58.98,0,0,0
ORD-101652,B2B-71281,295.12,3,14,0,66.36,0,0,0
ORD-101653,B2B-1575,313.76,3,10,0,76.79,0,0,0
ORD-101654,B2B-5218,370.92,3,12,1,60.58,-3,0,0
ORD-101655,B2B-29323,274.14,3,13,1,54.12,2,0,0
ORD-101656,B2B-52689,643.13,3,8,1,70.15,-1,0,0
ORD-101657,B2B-70465,465.9,3,11,0,70.25,4,1,1
ORD-101658,B2B-69860,629.23,3,11,0,95.65,-3,0,0
ORD-101659,B2B-46396,251.37,7,11,0,71.35,-1,0,0
ORD-101660,B2B-89291,355.57,3,8,1,68.27,-1,0,0
ORD-101661,B2B-21323,105.37,3,14,0,50.79,0,0,0
ORD-101662,B2B-3029,244.75,3,13,0,44.77,0,0,0
ORD-101663,B2B-25226,147.8,3,9,1,55.86,-1,0,0
ORD-101664,B2B-8916,335.64,3,14,1,73.55,0,0,0
ORD-101665,B2B-58025,333.8,3,7,0,61.76,-2,0,0
ORD-101666,B2B-475,206.37,3,7,0,56.22,2,0,0
ORD-101667,B2B-5107,521.23,7,10,0,63.23,-4,0,0
ORD-101668,B2B-26239,453.36,3,11,0,67.16,2,0,0
ORD-101669,B2B-16185,106.42,3,8,0,51.67,-1,0,0
ORD-101670,B2B-52072,696.94,7,8,0,79.66,0,0,0
ORD-101671,B2B-24203,156.46,3,12,0,61.85,3,0,0
ORD-101672,B2B-99105,503.69,3,13,1,69.02,3,0,0
ORD-101673,B2B-62940,79.42,3,10,0,63.52,0,0,0
ORD-101674,B2B-31915,291.96,7,7,0,61.92,2,0,0
ORD-101675,B2B-10100,132.58,3,10,0,43.36,-1,0,0
ORD-101676,B2B-87026,149.38,3,12,0,59.27,-2,0,0
ORD-101677,B2B-53047,465.29,3,11,0,81.24,0,0,0
ORD-101678,B2B-6754,533.44,3,12,1,71.94,0,0,0
ORD-101679,B2B-4727,619.93,7,8,0,94.69,-1,0,0
ORD-101680,B2B-41329,225.17,7,10,0,58.06,-2,0,0
ORD-101681,B2B-99156,196.4,3,11,0,63.57,-1,0,0
ORD-101682,B2B-37132,667.08,7,9,1,79.55,0,0,0
ORD-101683,B2B-5107,521.23,7,9,0,87.17,-1,0,0
ORD-101684,B2B-11521,26.15,3,14,0,55.58,2,0,0
ORD-101685,B2B-41777,60.38,7,11,0,51.88,0,0,0
ORD-101686,B2B-64224,300.91,3,11,0,60.05,1,0,1
ORD-101687,B2B-31506,802.14,7,9,0,98.18,8,1,1
ORD-101688,B2B-89291,355.57,3,11,0,66.53,3,0,0
ORD-101689,B2B-84982,168.92,3,11,0,43.07,2,0,0
ORD-101690,B2B-83884,339.04,7,12,1,64.45,2,0,0
ORD-101691,B2B-14570,633.84,3,8,0,80.74,0,0,0
ORD-101692,B2B-760,248.77,3,7,0,65.89,-1,0,0
ORD-101693,B2B-53943,648.98,3,14,0,94.86,-1,0,0
ORD-101694,B2B-39487,103.63,3,9,0,61.11,-2,0,0
ORD-101695,B2B-88968,928.28,7,14,0,90.38,1,0,1
ORD-101696,B2B-25749,212.64,7,8,1,78.77,1,0,0
ORD-101697,B2B-67047,131.63,3,8,0,55.88,4,1,1
ORD-101698,B2B-48997,508.18,3,13,0,76.37,0,0,0
ORD-101699,B2B-58252,190.25,3,9,0,71.64,3,0,0
ORD-101700,B2B-54672,550.57,3,14,0,65.53,2,0,0
ORD-101701,B2B-99547,179.33,3,12,0,66.18,0,0,0
ORD-101702,B2B-41329,225.17,7,9,0,49.65,-1,0,0
ORD-101703,B2B-20890,275.5,7,7,0,64.93,-3,0,0
ORD-101704,B2B-90351,64.85,7,8,1,45.57,0,0,0
ORD-101705,B2B-39539,614.75,3,12,1,68.56,-1,0,0
ORD-101706,B2B-13005,364.43,3,14,0,75.74,4,1,1
ORD-101707,B2B-69665,585.98,3,9,0,74.42,4,1,0
ORD-101708,B2B-72918,181.99,3,14,1,65.71,0,0,0
ORD-101709,B2B-56377,536.78,3,8,0,90.57,-1,0,0
ORD-101710,B2B-54672,550.57,3,14,0,79.16,1,0,1
ORD-101711,B2B-37132,667.08,7,8,0,63.08,2,0,0
ORD-101712,B2B-52689,643.13,3,9,1,72.2,1,0,0
ORD-101713,B2B-29323,274.14,3,10,0,49.64,0,0,0
ORD-101714,B2B-21663,430.53,7,11,1,73.44,-1,0,0
ORD-101715,B2B-91425,396.55,3,11,0,76.46,2,0,0
ORD-101716,B2B-33680,278.55,3,12,0,56.12,1,0,0
ORD-101717,B2B-62940,79.42,3,14,0,50.39,0,0,0
ORD-101718,B2B-93833,418.51,3,13,0,77.52,-2,0,0
ORD-101719,B2B-28602,223.1,3,9,0,58.57,2,0,0
ORD-101720,B2B-13933,265.59,3,7,0,65.37,0,0,0
ORD-101721,B2B-41580,585.24,7,11,0,93.51,-2,0,0
ORD-101722,B2B-80380,545.83,3,7,1,90.22,-2,0,0
ORD-101723,B2B-97276,198.51,3,9,0,52.89,0,0,0
ORD-101724,B2B-99784,213.77,3,10,0,77.69,0,0,0
ORD-101725,B2B-12409,200.39,7,7,0,59.27,0,0,0
ORD-101726,B2B-39279,220.21,7,14,0,43.61,2,0,1
ORD-101727,B2B-69254,391.86,7,11,1,69.18,0,0,0
ORD-101728,B2B-35806,167.05,3,10,0,58.46,1,0,0
ORD-101729,B2B-13363,167.98,3,10,0,63.0,1,0,0
ORD-101730,B2B-52585,496.03,7,11,0,75.48,0,0,0
ORD-101731,B2B-69672,117.85,7,11,1,64.1,-1,0,0
ORD-101732,B2B-41580,585.24,7,12,1,74.34,0,0,0
ORD-101733,B2B-45330,371.39,3,14,0,41.82,1,0,0
ORD-101734,B2B-15987,646.88,3,9,0,98.01,-3,0,0
ORD-101735,B2B-93209,214.25,3,9,1,66.53,1,0,0
ORD-101736,B2B-88226,836.71,3,13,0,91.69,-2,0,0
ORD-101737,B2B-50778,488.85,3,14,0,60.41,0,0,0
ORD-101738,B2B-4919,100.95,3,11,0,56.26,0,0,0
ORD-101739,B2B-88226,836.71,3,11,1,102.96,0,0,0
ORD-101740,B2B-54945,251.33,7,12,1,67.37,3,0,1
ORD-101741,B2B-77067,322.91,7,8,0,80.86,0,0,0
ORD-101742,B2B-72466,270.49,3,14,0,52.63,-6,0,0
ORD-101743,B2B-8916,335.64,3,8,0,79.67,0,0,0
ORD-101744,B2B-16966,232.76,3,14,1,61.29,1,0,0
ORD-101745,B2B-80015,168.28,3,14,0,53.72,4,1,1
ORD-101746,B2B-60586,738.48,3,14,0,89.13,-3,0,0
ORD-101747,B2B-23833,421.56,3,9,1,53.15,1,0,0
ORD-101748,B2B-39956,298.72,3,9,0,60.85,1,0,0
ORD-101749,B2B-78955,132.63,3,14,0,41.2,0,0,0
ORD-101750,B2B-47887,421.59,3,10,0,86.53,0,0,0
ORD-101751,B2B-29165,23.01,3,7,0,53.84,-1,0,0
ORD-101752,B2B-44951,832.42,3,11,0,79.2,-5,0,0
ORD-101753,B2B-64472,409.98,3,8,0,83.78,-4,0,0
ORD-101754,B2B-55267,417.67,3,9,0,56.36,1,0,0
ORD-101755,B2B-72466,270.49,3,9,0,64.11,-2,0,0
ORD-101756,B2B-53868,40.78,3,13,0,58.56,0,0,0
ORD-101757,B2B-58025,333.8,3,12,0,68.57,-1,0,0
ORD-101758,B2B-65412,368.85,3,11,0,75.31,2,0,0
ORD-101759,B2B-469,568.96,7,10,1,100.41,-2,0,0
ORD-101760,B2B-15887,234.39,7,14,1,67.73,0,0,0
ORD-101761,B2B-15987,646.88,3,13,0,106.0,3,0,1
ORD-101762,B2B-20143,477.8,3,11,0,57.67,0,0,0
ORD-101763,B2B-3615,392.89,3,9,0,69.25,1,0,0
ORD-101764,B2B-49876,216.16,3,9,0,59.39,-2,0,0
ORD-101765,B2B-58522,613.4,3,13,0,95.22,1,0,0
ORD-101766,B2B-23088,52.74,3,7,1,41.29,0,0,0
ORD-101767,B2B-55930,264.74,3,10,0,55.61,0,0,0
ORD-101768,B2B-65273,526.64,3,9,0,72.94,0,0,0
ORD-101769,B2B-47096,91.69,3,11,0,54.17,0,0,0
ORD-101770,B2B-29283,334.32,3,10,1,60.8,-3,0,0
ORD-101771,B2B-41869,608.63,7,11,1,98.42,-2,0,0
ORD-101772,B2B-93543,576.39,7,10,1,96.92,2,0,0
ORD-101773,B2B-51328,571.61,3,14,1,75.14,1,0,0
ORD-101774,B2B-65412,368.85,3,13,0,61.59,1,0,0
ORD-101775,B2B-70408,324.91,3,11,0,81.61,-2,0,0
ORD-101776,B2B-86006,700.53,3,14,0,84.18,1,0,0
ORD-101777,B2B-20315,92.54,3,14,0,48.32,1,0,0
ORD-101778,B2B-39487,103.63,3,11,1,39.29,0,0,0
ORD-101779,B2B-19402,198.91,7,13,0,50.7,-1,0,0
ORD-101780,B2B-699,312.08,3,10,1,64.67,0,0,0
ORD-101781,B2B-83884,339.04,7,12,1,60.3,0,0,0
ORD-101782,B2B-52522,313.94,3,13,1,41.08,0,0,0
ORD-101783,B2B-30230,742.12,3,14,0,90.2,1,0,0
ORD-101784,B2B-58412,543.27,7,11,1,68.19,0,0,0
ORD-101785,B2B-57770,398.92,3,8,0,65.05,1,0,0
ORD-101786,B2B-74684,548.73,3,7,0,76.93,2,0,0
ORD-101787,B2B-19402,198.91,7,7,1,62.05,-2,0,0
ORD-101788,B2B-56564,188.33,7,9,1,52.47,-3,0,0
ORD-101789,B2B-37132,667.08,7,14,0,85.15,2,0,0
ORD-101790,B2B-14570,633.84,3,7,0,70.9,2,0,1
ORD-101791,B2B-72630,54.03,3,13,0,64.34,-2,0,0
ORD-101792,B2B-46372,848.56,3,11,0,90.96,4,1,1
ORD-101793,B2B-97922,843.37,7,10,0,89.61,-2,0,0
ORD-101794,B2B-27189,532.44,3,13,1,76.95,0,0,0
ORD-101795,B2B-15563,559.64,7,9,0,88.68,2,0,0
ORD-101796,B2B-74684,548.73,3,7,0,80.28,4,1,1
ORD-101797,B2B-58497,185.01,3,8,1,55.23,-1,0,0
ORD-101798,B2B-5107,521.23,7,11,0,75.25,3,0,0
ORD-101799,B2B-15887,234.39,7,10,0,67.64,2,0,0
ORD-101800,B2B-41329,225.17,7,14,0,36.33,0,0,0
ORD-101801,B2B-12858,294.08,7,13,0,49.1,-2,0,0
ORD-101802,B2B-6337,362.09,7,14,0,85.94,-2,0,0
ORD-101803,B2B-95375,62.32,3,8,0,55.07,0,0,0
ORD-101804,B2B-88385,238.32,3,10,0,67.01,1,0,0
ORD-101805,B2B-71923,815.91,3,10,0,98.19,1,0,1
ORD-101806,B2B-2402,399.68,3,10,0,59.7,7,4,1
ORD-101807,B2B-35688,329.31,7,10,0,75.66,0,0,0
ORD-101808,B2B-56564,188.33,7,10,0,44.49,-3,0,0
ORD-101809,B2B-33680,278.55,3,13,0,59.7,1,0,0
ORD-101810,B2B-6492,348.96,3,12,0,72.63,-1,0,0
ORD-101811,B2B-11435,298.71,7,7,1,63.18,0,0,0
ORD-101812,B2B-4182,385.92,3,9,1,72.95,0,0,0
ORD-101813,B2B-65084,218.58,7,7,1,60.08,2,0,1
ORD-101814,B2B-36874,580.4,3,7,0,80.6,6,3,1
ORD-101815,B2B-73790,354.4,3,10,0,67.6,0,0,0
ORD-101816,B2B-58097,527.36,3,11,1,93.04,1,0,0
ORD-101817,B2B-80489,668.13,3,7,0,61.87,1,0,0
ORD-101818,B2B-20256,276.38,3,13,0,57.53,4,1,1
ORD-101819,B2B-33392,172.39,7,12,0,46.73,0,0,0
ORD-101820,B2B-75594,237.46,3,12,0,70.09,-2,0,0
ORD-101821,B2B-28688,477.49,3,10,0,62.72,-3,0,0
ORD-101822,B2B-86465,662.66,7,7,0,84.7,3,0,0
ORD-101823,B2B-57770,398.92,3,14,1,71.72,5,2,1
ORD-101824,B2B-82861,269.58,7,7,0,74.9,0,0,0
ORD-101825,B2B-89892,259.72,3,9,1,67.3,2,0,1
ORD-101826,B2B-71568,305.9,3,11,0,57.21,-2,0,0
ORD-101827,B2B-39082,287.99,3,9,0,62.39,-3,0,0
ORD-101828,B2B-9376,81.95,3,7,0,54.45,0,0,0
ORD-101829,B2B-17449,275.78,7,9,1,64.59,1,0,0
ORD-101830,B2B-29283,334.32,3,13,1,74.96,0,0,0
ORD-101831,B2B-68218,117.02,3,11,1,33.4,2,0,0
ORD-101832,B2B-15563,559.64,7,7,0,77.62,-4,0,0
ORD-101833,B2B-80380,545.83,3,13,0,93.47,-3,0,0
ORD-101834,B2B-6492,348.96,3,9,0,67.44,-2,0,0
ORD-101835,B2B-1715,321.45,7,11,0,65.57,2,0,0
ORD-101836,B2B-4727,619.93,7,14,1,87.24,0,0,0
ORD-101837,B2B-48439,187.34,3,12,0,59.67,0,0,0
ORD-101838,B2B-48439,187.34,3,10,0,44.12,0,0,0
ORD-101839,B2B-28109,53.68,7,8,1,52.6,5,0,1
ORD-101840,B2B-41024,433.53,3,10,0,69.61,2,0,0
ORD-101841,B2B-9272,404.59,3,11,0,61.18,4,1,1
ORD-101842,B2B-48439,187.34,3,10,0,69.85,-2,0,0
ORD-101843,B2B-54897,287.59,3,8,0,64.6,0,0,0
ORD-101844,B2B-38826,536.49,7,10,1,53.48,-2,0,0
ORD-101845,B2B-84961,445.61,7,8,1,77.91,3,0,0
ORD-101846,B2B-63735,225.01,3,12,1,63.57,1,0,0
ORD-101847,B2B-73101,574.65,3,13,1,85.34,-2,0,0
ORD-101848,B2B-83563,472.14,3,8,1,74.12,5,2,1
ORD-101849,B2B-46372,848.56,3,11,0,97.12,2,0,0
ORD-101850,B2B-52522,313.94,3,7,1,76.22,3,0,0
ORD-101851,B2B-16719,326.27,7,7,1,77.54,3,0,0
ORD-101852,B2B-72765,873.91,3,14,0,112.21,-1,0,0
ORD-101853,B2B-20421,718.6,3,14,0,99.91,0,0,0
ORD-101854,B2B-9933,318.11,7,14,0,47.81,0,0,0
ORD-101855,B2B-65614,319.56,3,7,1,56.01,0,0,0
ORD-101856,B2B-42595,363.92,3,10,0,60.4,0,0,0
ORD-101857,B2B-76363,555.75,7,8,1,83.93,4,0,1
ORD-101858,B2B-21647,378.29,3,9,0,72.64,0,0,0
ORD-101859,B2B-58412,543.27,7,11,0,70.62,2,0,0
ORD-101860,B2B-26477,267.63,3,9,0,57.53,-2,0,0
ORD-101861,B2B-46127,494.33,3,14,0,90.31,0,0,0
ORD-101862,B2B-3443,221.32,3,13,1,59.19,0,0,0
ORD-101863,B2B-58097,527.36,3,7,0,61.46,1,0,0
ORD-101864,B2B-14161,220.42,3,7,1,61.85,2,0,0
ORD-101865,B2B-79534,248.84,3,13,0,62.33,-1,0,0
ORD-101866,B2B-73101,574.65,3,13,0,91.44,-2,0,0
ORD-101867,B2B-76983,167.27,7,7,0,50.83,2,0,0
ORD-101868,B2B-10603,792.16,3,8,0,99.51,0,0,0
ORD-101869,B2B-97179,566.59,3,11,0,56.6,-3,0,0
ORD-101870,B2B-33392,172.39,7,11,1,57.22,0,0,0
ORD-101871,B2B-89921,329.39,7,14,0,65.59,0,0,0
ORD-101872,B2B-74692,309.02,3,12,0,78.44,-3,0,0
ORD-101873,B2B-47320,752.74,3,14,1,83.28,0,0,0
ORD-101874,B2B-39539,614.75,3,7,1,74.7,1,0,0
ORD-101875,B2B-6337,362.09,7,14,0,63.93,-1,0,0
ORD-101876,B2B-28120,444.72,3,12,0,81.86,-1,0,0
ORD-101877,B2B-95375,62.32,3,11,0,53.89,-2,0,0
ORD-101878,B2B-23088,52.74,3,11,1,54.61,-1,0,0
ORD-101879,B2B-1575,313.76,3,12,1,74.38,-3,0,0
ORD-101880,B2B-9933,318.11,7,11,1,76.8,-1,0,0
ORD-101881,B2B-37007,369.48,3,9,1,55.29,1,0,0
ORD-101882,B2B-21097,138.29,3,14,0,46.35,0,0,0
ORD-101883,B2B-91425,396.55,3,11,1,71.05,3,0,0
ORD-101884,B2B-71923,815.91,3,14,0,85.73,1,0,0
ORD-101885,B2B-29564,179.99,3,12,1,70.25,1,0,0
ORD-101886,B2B-91754,26.35,7,13,0,44.86,1,0,0
ORD-101887,B2B-41869,608.63,7,7,0,70.56,-3,0,0
ORD-101888,B2B-70992,154.1,7,12,0,55.38,0,0,0
ORD-101889,B2B-15987,646.88,3,8,0,75.17,0,0,0
ORD-101890,B2B-35806,167.05,3,13,1,58.21,0,0,0
ORD-101891,B2B-16020,32.56,3,9,1,53.98,-1,0,0
ORD-101892,B2B-4919,100.95,3,13,0,50.1,1,0,0
ORD-101893,B2B-76411,806.71,3,12,0,98.38,2,0,0
ORD-101894,B2B-68926,258.66,3,13,0,48.96,0,0,0
ORD-101895,B2B-13496,404.5,3,13,1,78.99,3,0,0
ORD-101896,B2B-86819,531.68,3,13,0,78.62,-2,0,0
ORD-101897,B2B-2144,421.59,7,8,1,77.8,-4,0,0
ORD-101898,B2B-93117,583.68,3,12,1,72.43,0,0,0
ORD-101899,B2B-30729,556.38,3,14,0,65.68,0,0,0
ORD-101900,B2B-29283,334.32,3,13,0,74.76,0,0,0
ORD-101901,B2B-87026,149.38,3,7,1,57.51,-1,0,0
ORD-101902,B2B-24971,288.01,3,13,0,67.53,-4,0,0
ORD-101903,B2B-582,244.06,3,11,0,40.22,1,0,0
ORD-101904,B2B-1575,313.76,3,12,0,69.03,-1,0,0
ORD-101905,B2B-89291,355.57,3,8,1,64.63,-2,0,0
ORD-101906,B2B-72630,54.03,3,12,1,55.01,0,0,0
ORD-101907,B2B-11265,241.54,3,14,0,68.68,3,0,0
ORD-101908,B2B-6337,362.09,7,14,0,69.39,0,0,0
ORD-101909,B2B-75641,39.25,3,14,1,52.15,3,0,0
ORD-101910,B2B-5941,491.49,3,13,1,77.53,3,0,0
ORD-101911,B2B-16876,560.95,3,10,1,68.77,0,0,0
ORD-101912,B2B-24126,180.35,3,8,1,56.8,0,0,0
ORD-101913,B2B-47208,563.28,3,12,0,92.52,-2,0,0
ORD-101914,B2B-5218,370.92,3,13,1,62.69,2,0,1
ORD-101915,B2B-1245,612.32,3,13,0,75.6,2,0,0
ORD-101916,B2B-35806,167.05,3,10,0,62.74,-3,0,0
ORD-101917,B2B-760,248.77,3,11,0,55.95,1,0,0
ORD-101918,B2B-29564,179.99,3,11,0,62.1,-3,0,0
ORD-101919,B2B-37533,626.0,3,13,0,86.99,-1,0,0
ORD-101920,B2B-53943,648.98,3,7,0,83.76,1,0,1
ORD-101921,B2B-88360,120.26,7,11,0,69.99,0,0,0
ORD-101922,B2B-19407,308.14,3,12,0,43.55,3,0,0
ORD-101923,B2B-75357,507.79,3,11,0,90.98,-3,0,0
ORD-101924,B2B-58252,190.25,3,10,0,50.65,1,0,0
ORD-101925,B2B-2258,331.68,3,12,0,81.29,-2,0,0
ORD-101926,B2B-1245,612.32,3,9,0,87.92,2,0,0
ORD-101927,B2B-41054,470.71,7,9,0,87.34,-3,0,0
ORD-101928,B2B-79534,248.84,3,12,0,71.37,1,0,0
ORD-101929,B2B-82260,634.11,7,7,0,75.55,6,0,0
ORD-101930,B2B-26819,325.12,7,11,0,75.91,5,0,0
ORD-101931,B2B-40085,297.66,3,10,0,44.73,2,0,1
ORD-101932,B2B-68919,182.23,7,11,0,63.59,2,0,0
ORD-101933,B2B-21097,138.29,3,7,0,64.77,-5,0,0
ORD-101934,B2B-15563,559.64,7,9,1,73.35,1,0,0
ORD-101935,B2B-93117,583.68,3,12,0,73.85,6,3,0
ORD-101936,B2B-20130,297.52,7,11,0,62.64,0,0,0
ORD-101937,B2B-35757,153.49,3,7,0,65.25,-3,0,0
ORD-101938,B2B-73752,578.14,7,9,0,80.9,0,0,0
ORD-101939,B2B-75357,507.79,3,10,1,75.73,4,1,1
ORD-101940,B2B-54945,251.33,7,13,1,54.39,-1,0,0
ORD-101941,B2B-67047,131.63,3,7,0,52.41,0,0,0
ORD-101942,B2B-47208,563.28,3,14,0,84.68,5,2,1
ORD-101943,B2B-77702,154.37,7,8,0,40.55,-3,0,0
ORD-101944,B2B-99480,448.58,3,10,0,93.5,0,0,0
ORD-101945,B2B-68467,288.51,3,12,0,64.19,0,0,0
ORD-101946,B2B-9589,646.64,3,8,1,78.98,-1,0,0
ORD-101947,B2B-93833,418.51,3,12,0,69.25,1,0,1
ORD-101948,B2B-41777,60.38,7,12,0,36.17,1,0,0
ORD-101949,B2B-34949,297.34,3,11,1,72.56,1,0,0
ORD-101950,B2B-69665,585.98,3,14,1,75.09,1,0,0
ORD-101951,B2B-9928,85.7,3,10,0,59.04,0,0,0
ORD-101952,B2B-80489,668.13,3,9,0,86.43,-5,0,0
ORD-101953,B2B-86845,198.3,3,8,0,67.33,1,0,1
ORD-101954,B2B-824,210.68,7,7,0,49.52,-1,0,0
ORD-101955,B2B-71568,305.9,3,11,0,57.54,3,0,0
ORD-101956,B2B-35745,188.89,7,11,0,49.14,0,0,0
ORD-101957,B2B-99045,685.6,3,10,0,70.89,2,0,0
ORD-101958,B2B-41580,585.24,7,10,0,71.45,0,0,0
ORD-101959,B2B-72765,873.91,3,14,0,94.08,4,1,1
ORD-101960,B2B-6754,533.44,3,7,1,57.76,3,0,1
ORD-101961,B2B-1563,182.02,3,13,0,49.45,2,0,0
ORD-101962,B2B-23833,421.56,3,14,0,66.62,-1,0,0
ORD-101963,B2B-44951,832.42,3,12,0,82.31,3,0,0
ORD-101964,B2B-74836,437.22,3,8,1,89.26,6,3,1
ORD-101965,B2B-97825,371.6,3,14,0,48.33,0,0,0
ORD-101966,B2B-54945,251.33,7,10,0,58.3,5,0,0
ORD-101967,B2B-39279,220.21,7,14,1,59.97,1,0,0
ORD-101968,B2B-73752,578.14,7,14,0,86.5,4,0,1
ORD-101969,B2B-62843,82.28,7,7,0,45.68,1,0,0
ORD-101970,B2B-41777,60.38,7,12,0,45.68,1,0,0
ORD-101971,B2B-86006,700.53,3,9,1,96.57,-2,0,0
ORD-101972,B2B-75752,434.83,3,9,0,88.74,-3,0,0
ORD-101973,B2B-5941,491.49,3,8,1,80.21,0,0,0
ORD-101974,B2B-72765,873.91,3,12,0,82.83,-4,0,0
ORD-101975,B2B-85301,149.09,7,11,0,34.71,2,0,0
ORD-101976,B2B-33181,257.39,3,8,0,62.78,-2,0,0
ORD-101977,B2B-38826,536.49,7,10,0,76.32,0,0,0
ORD-101978,B2B-15987,646.88,3,13,0,93.13,5,2,1
ORD-101979,B2B-10240,327.65,7,8,0,73.65,0,0,0
ORD-101980,B2B-45330,371.39,3,12,0,67.42,1,0,0
ORD-101981,B2B-83884,339.04,7,8,0,69.73,0,0,0
ORD-101982,B2B-44951,832.42,3,11,0,82.29,-2,0,0
ORD-101983,B2B-69737,298.94,7,14,0,58.52,-1,0,0
ORD-101984,B2B-28259,266.36,3,13,0,77.09,0,0,0
ORD-101985,B2B-99480,448.58,3,9,0,57.72,-4,0,0
ORD-101986,B2B-80845,385.64,7,8,0,79.66,3,0,0
ORD-101987,B2B-760,248.77,3,14,0,80.64,1,0,0
ORD-101988,B2B-16506,422.23,3,13,1,59.01,5,2,1
ORD-101989,B2B-25910,151.59,3,12,0,57.7,4,1,0
ORD-101990,B2B-45330,371.39,3,9,0,70.26,2,0,0
ORD-101991,B2B-56564,188.33,7,7,0,52.85,0,0,0
ORD-101992,B2B-91425,396.55,3,9,1,49.77,1,0,0
ORD-101993,B2B-90471,681.93,3,12,0,75.75,1,0,0
ORD-101994,B2B-81277,659.12,3,11,0,80.15,2,0,0
ORD-101995,B2B-24922,637.48,7,9,1,79.62,3,0,0
ORD-101996,B2B-77702,154.37,7,9,0,74.86,0,0,0
ORD-101997,B2B-40839,148.87,3,10,0,65.14,0,0,0
ORD-101998,B2B-35688,329.31,7,14,0,66.24,0,0,0
ORD-101999,B2B-69093,464.74,3,14,0,72.85,5,2,1
ORD-102000,B2B-37007,369.48,3,8,1,79.2,3,0,0
ORD-102001,B2B-32334,496.63,3,10,1,74.68,2,0,0
ORD-102002,B2B-52943,856.21,7,11,0,90.51,-3,0,0
ORD-102003,B2B-78955,132.63,3,9,0,52.44,0,0,0
ORD-102004,B2B-79534,248.84,3,13,0,55.0,2,0,0
ORD-102005,B2B-15429,682.84,3,8,0,78.99,-1,0,0
ORD-102006,B2B-62271,288.22,7,14,1,53.68,0,0,0
ORD-102007,B2B-76363,555.75,7,9,1,92.15,3,0,0
ORD-102008,B2B-84085,454.16,3,7,0,71.77,0,0,0
ORD-102009,B2B-475,206.37,3,11,0,52.76,0,0,0
ORD-102010,B2B-74695,672.08,3,14,0,86.39,6,3,1
ORD-102011,B2B-5625,674.77,3,12,0,96.17,-1,0,0
ORD-102012,B2B-70880,644.27,3,14,0,82.58,0,0,0
ORD-102013,B2B-23833,421.56,3,14,0,69.9,2,0,1
ORD-102014,B2B-37007,369.48,3,12,0,83.18,2,0,1
ORD-102015,B2B-19214,863.96,7,14,0,88.46,-3,0,0
ORD-102016,B2B-1835,675.3,3,11,0,106.49,5,2,1
ORD-102017,B2B-51284,206.47,3,14,1,63.34,0,0,0
ORD-102018,B2B-80380,545.83,3,10,1,72.65,0,0,0
ORD-102019,B2B-58097,527.36,3,11,0,88.47,0,0,0
ORD-102020,B2B-83563,472.14,3,12,0,67.59,0,0,0
ORD-102021,B2B-77702,154.37,7,12,1,47.54,0,0,0
ORD-102022,B2B-41580,585.24,7,11,0,69.72,4,0,0
ORD-102023,B2B-97673,665.56,3,8,0,84.54,-1,0,0
ORD-102024,B2B-72630,54.03,3,13,1,40.0,3,0,0
ORD-102025,B2B-96594,317.48,7,10,0,63.56,1,0,0
ORD-102026,B2B-40178,294.57,3,11,0,61.86,-2,0,0
ORD-102027,B2B-48997,508.18,3,14,0,82.05,-1,0,0
ORD-102028,B2B-55930,264.74,3,12,0,72.67,1,0,0
ORD-102029,B2B-25910,151.59,3,7,0,52.89,3,0,0
ORD-102030,B2B-58497,185.01,3,11,1,47.01,1,0,0
ORD-102031,B2B-52738,826.49,3,12,0,72.23,0,0,0
ORD-102032,B2B-43323,593.06,7,14,0,81.11,3,0,0
ORD-102033,B2B-15534,688.04,3,8,0,69.91,2,0,1
ORD-102034,B2B-68919,182.23,7,7,1,42.8,-1,0,0
ORD-102035,B2B-65273,526.64,3,14,0,79.68,-3,0,0
ORD-102036,B2B-70408,324.91,3,7,0,55.82,2,0,0
ORD-102037,B2B-99784,213.77,3,10,0,64.01,-2,0,0
ORD-102038,B2B-5941,491.49,3,7,1,73.5,0,0,0
ORD-102039,B2B-75641,39.25,3,12,1,52.69,0,0,0
ORD-102040,B2B-25537,634.04,7,9,0,87.03,2,0,0
ORD-102041,B2B-97179,566.59,3,14,0,99.24,-2,0,0
ORD-102042,B2B-54897,287.59,3,14,1,79.69,0,0,0
ORD-102043,B2B-77702,154.37,7,9,0,59.95,1,0,0
ORD-102044,B2B-1835,675.3,3,10,0,85.04,0,0,0
ORD-102045,B2B-79866,122.78,3,14,1,66.56,1,0,0
ORD-102046,B2B-54971,147.06,7,13,0,50.13,0,0,0
ORD-102047,B2B-16506,422.23,3,13,0,63.58,1,0,0
ORD-102048,B2B-56377,536.78,3,7,0,92.5,1,0,0
ORD-102049,B2B-56126,432.51,3,14,1,77.74,-5,0,0
ORD-102050,B2B-89892,259.72,3,9,1,57.31,0,0,0
ORD-102051,B2B-70992,154.1,7,11,0,59.55,-1,0,0
ORD-102052,B2B-67196,206.28,7,7,0,57.21,1,0,0
ORD-102053,B2B-9272,404.59,3,9,1,74.18,0,0,0
ORD-102054,B2B-27189,532.44,3,11,0,90.76,-3,0,0
ORD-102055,B2B-9272,404.59,3,12,0,90.79,2,0,0
ORD-102056,B2B-9933,318.11,7,8,1,64.07,1,0,0
ORD-102057,B2B-72474,663.97,7,7,1,67.29,2,0,0
ORD-102058,B2B-16185,106.42,3,14,0,52.97,0,0,0
ORD-102059,B2B-25910,151.59,3,12,0,49.58,3,0,0
ORD-102060,B2B-99480,448.58,3,13,0,92.8,3,0,0
ORD-102061,B2B-54971,147.06,7,11,1,52.68,1,0,0
ORD-102062,B2B-9589,646.64,3,14,0,65.18,0,0,0
ORD-102063,B2B-2402,399.68,3,10,0,64.72,0,0,0
ORD-102064,B2B-80015,168.28,3,11,0,52.61,0,0,0
ORD-102065,B2B-45936,315.79,3,7,0,43.67,-3,0,0
ORD-102066,B2B-44050,232.02,3,7,1,71.27,2,0,0
ORD-102067,B2B-21647,378.29,3,11,0,78.02,0,0,0
ORD-102068,B2B-28602,223.1,3,14,0,44.41,2,0,0
ORD-102069,B2B-69737,298.94,7,14,0,63.16,-1,0,0
ORD-102070,B2B-33671,831.52,7,11,0,103.75,4,0,0
ORD-102071,B2B-43536,599.85,3,8,1,80.53,6,3,1
ORD-102072,B2B-9933,318.11,7,14,1,71.2,-1,0,0
ORD-102073,B2B-8641,141.06,3,9,0,73.04,4,1,1
ORD-102074,B2B-42641,304.19,3,8,0,57.31,0,0,0
ORD-102075,B2B-17175,699.29,3,11,0,88.72,0,0,0
ORD-102076,B2B-75395,95.08,7,12,0,49.77,0,0,0
ORD-102077,B2B-96332,296.44,3,13,0,59.32,2,0,1
ORD-102078,B2B-90351,64.85,7,9,0,40.48,1,0,0
ORD-102079,B2B-88555,560.64,3,7,0,69.92,-1,0,0
ORD-102080,B2B-9272,404.59,3,10,0,56.37,-1,0,0
ORD-102081,B2B-54070,415.03,3,10,1,62.47,3,0,0
ORD-102082,B2B-52106,665.15,3,12,0,77.61,0,0,0
ORD-102083,B2B-916,189.92,3,14,0,56.75,0,0,0
ORD-102084,B2B-1575,313.76,3,13,1,67.34,-1,0,0
ORD-102085,B2B-17520,74.84,7,9,0,44.36,-1,0,0
ORD-102086,B2B-8641,141.06,3,10,0,39.08,-2,0,0
ORD-102087,B2B-4727,619.93,7,8,0,93.64,-2,0,0
ORD-102088,B2B-34252,310.33,3,12,0,74.02,-2,0,0
ORD-102089,B2B-68135,706.94,7,11,0,87.94,1,0,0
ORD-102090,B2B-68212,41.47,3,14,0,57.04,-3,0,0
ORD-102091,B2B-80168,467.72,3,12,0,71.29,3,0,0
ORD-102092,B2B-17624,231.66,3,9,0,57.73,1,0,0
ORD-102093,B2B-70408,324.91,3,8,0,56.11,1,0,0
ORD-102094,B2B-46368,226.22,7,8,0,70.04,2,0,0
ORD-102095,B2B-87571,271.95,3,9,0,54.64,-1,0,0
ORD-102096,B2B-27189,532.44,3,9,0,64.37,0,0,0
ORD-102097,B2B-77707,132.1,3,14,1,71.3,0,0,0
ORD-102098,B2B-17175,699.29,3,12,0,99.8,-1,0,0
ORD-102099,B2B-1835,675.3,3,13,0,60.19,0,0,0
ORD-102100,B2B-760,248.77,3,8,0,48.15,-1,0,0
ORD-102101,B2B-30230,742.12,3,10,0,92.16,-1,0,0
ORD-102102,B2B-96058,216.57,7,13,1,67.5,2,0,0
ORD-102103,B2B-47208,563.28,3,10,0,77.84,-3,0,0
ORD-102104,B2B-41706,65.65,7,7,1,45.17,-4,0,0
ORD-102105,B2B-53585,277.3,7,9,0,74.09,-2,0,0
ORD-102106,B2B-54672,550.57,3,7,0,85.26,0,0,0
ORD-102107,B2B-4919,100.95,3,13,0,54.46,1,0,0
ORD-102108,B2B-28602,223.1,3,9,0,63.96,3,0,1
ORD-102109,B2B-41230,106.34,3,12,0,65.67,-2,0,0
ORD-102110,B2B-36364,450.6,3,13,0,66.12,2,0,0
ORD-102111,B2B-5963,539.47,3,11,1,81.27,3,0,0
ORD-102112,B2B-42372,306.08,3,14,1,54.82,1,0,0
ORD-102113,B2B-44861,329.47,3,10,1,66.76,-2,0,0
ORD-102114,B2B-53585,277.3,7,14,0,44.21,1,0,0
ORD-102115,B2B-38826,536.49,7,14,1,82.97,0,0,0
ORD-102116,B2B-86270,535.47,3,11,1,83.6,0,0,0
ORD-102117,B2B-86465,662.66,7,10,0,67.87,-1,0,0
ORD-102118,B2B-45936,315.79,3,9,0,49.0,3,0,1
ORD-102119,B2B-44050,232.02,3,12,0,55.39,0,0,0
ORD-102120,B2B-52072,696.94,7,10,0,66.18,4,0,0
ORD-102121,B2B-39956,298.72,3,11,1,78.34,2,0,1
ORD-102122,B2B-42643,334.58,3,11,0,64.46,-2,0,0
ORD-102123,B2B-70586,271.32,7,12,0,88.83,-1,0,0
ORD-102124,B2B-12409,200.39,7,13,0,61.9,0,0,0
ORD-102125,B2B-60586,738.48,3,10,0,76.72,-6,0,0
ORD-102126,B2B-69353,80.41,3,9,1,46.4,0,0,0
ORD-102127,B2B-76315,617.5,3,8,0,87.36,-1,0,0
ORD-102128,B2B-97922,843.37,7,14,0,92.77,-2,0,0
ORD-102129,B2B-89419,495.82,7,14,0,68.95,-1,0,0
ORD-102130,B2B-92368,113.13,3,10,0,58.26,1,0,0
ORD-102131,B2B-55930,264.74,3,12,0,74.45,0,0,0
ORD-102132,B2B-13926,662.59,3,8,0,71.23,2,0,0
ORD-102133,B2B-41580,585.24,7,14,1,67.52,0,0,0
ORD-102134,B2B-35757,153.49,3,11,1,59.27,0,0,0
ORD-102135,B2B-1715,321.45,7,9,0,69.18,0,0,0
ORD-102136,B2B-28688,477.49,3,8,1,82.29,-1,0,0
ORD-102137,B2B-83887,45.19,7,8,0,32.68,1,0,0
ORD-102138,B2B-62355,200.8,3,12,0,49.21,0,0,0
ORD-102139,B2B-916,189.92,3,9,0,68.27,0,0,0
ORD-102140,B2B-3029,244.75,3,12,0,57.05,4,1,1
ORD-102141,B2B-86225,237.6,3,11,0,78.05,-2,0,0
ORD-102142,B2B-824,210.68,7,14,0,37.47,-2,0,0
ORD-102143,B2B-20315,92.54,3,7,0,64.6,1,0,0
ORD-102144,B2B-75594,237.46,3,12,0,75.7,2,0,1
ORD-102145,B2B-85301,149.09,7,13,0,67.44,1,0,0
ORD-102146,B2B-65614,319.56,3,9,1,80.25,1,0,0
ORD-102147,B2B-42641,304.19,3,10,0,63.77,0,0,0
ORD-102148,B2B-76032,668.56,3,14,0,85.16,2,0,0
ORD-102149,B2B-55596,37.19,3,13,1,64.55,1,0,1
ORD-102150,B2B-34949,297.34,3,8,0,59.99,2,0,0
ORD-102151,B2B-68919,182.23,7,12,0,68.09,-1,0,0
ORD-102152,B2B-72466,270.49,3,8,0,71.43,-1,0,0
ORD-102153,B2B-52738,826.49,3,9,1,110.97,1,0,0
ORD-102154,B2B-39539,614.75,3,14,1,78.68,-1,0,0
ORD-102155,B2B-16020,32.56,3,10,0,46.21,0,0,0
ORD-102156,B2B-71321,460.1,7,10,0,66.03,1,0,0
ORD-102157,B2B-82260,634.11,7,9,0,80.29,0,0,0
ORD-102158,B2B-68919,182.23,7,8,0,53.49,0,0,0
ORD-102159,B2B-92314,119.55,3,12,0,52.0,-1,0,0
ORD-102160,B2B-99085,721.6,7,12,0,82.8,-4,0,0
ORD-102161,B2B-1715,321.45,7,8,0,57.48,-2,0,0
ORD-102162,B2B-9928,85.7,3,10,0,54.94,0,0,0
ORD-102163,B2B-1530,38.68,3,9,0,48.22,1,0,0
ORD-102164,B2B-26090,685.13,7,10,0,80.0,0,0,0
ORD-102165,B2B-3524,100.69,3,10,1,63.87,2,0,0
ORD-102166,B2B-68467,288.51,3,12,0,64.33,0,0,0
ORD-102167,B2B-13496,404.5,3,10,0,80.04,0,0,0
ORD-102168,B2B-40989,252.61,7,7,1,80.01,-2,0,0
ORD-102169,B2B-24126,180.35,3,10,0,63.46,0,0,0
ORD-102170,B2B-89062,129.41,7,14,0,59.44,0,0,0
ORD-102171,B2B-36952,659.01,7,12,0,72.76,3,0,0
ORD-102172,B2B-25226,147.8,3,10,0,54.43,2,0,0
ORD-102173,B2B-41580,585.24,7,13,0,105.33,0,0,0
ORD-102174,B2B-26090,685.13,7,7,0,86.44,3,0,0
ORD-102175,B2B-5963,539.47,3,11,1,69.04,0,0,0
ORD-102176,B2B-77067,322.91,7,13,0,64.23,0,0,0
ORD-102177,B2B-52072,696.94,7,14,0,81.65,-3,0,0
ORD-102178,B2B-45405,705.59,7,11,1,76.93,0,0,0
ORD-102179,B2B-83562,229.29,7,7,0,54.67,-1,0,0
ORD-102180,B2B-24529,628.53,3,10,1,73.2,4,1,1
ORD-102181,B2B-24529,628.53,3,12,0,62.2,5,2,0
ORD-102182,B2B-96173,452.85,3,12,0,75.84,2,0,0
ORD-102183,B2B-87026,149.38,3,13,1,48.51,-1,0,0
ORD-102184,B2B-11265,241.54,3,10,1,71.39,2,0,0
ORD-102185,B2B-41547,272.28,3,11,1,75.27,2,0,0
ORD-102186,B2B-96462,172.15,3,7,1,54.93,-2,0,0
ORD-102187,B2B-41869,608.63,7,8,0,87.88,0,0,0
ORD-102188,B2B-5941,491.49,3,7,1,96.51,-2,0,0
ORD-102189,B2B-88555,560.64,3,12,1,74.41,0,0,0
ORD-102190,B2B-76363,555.75,7,8,1,59.1,1,0,1
ORD-102191,B2B-93779,182.39,3,14,0,62.69,5,2,1
ORD-102192,B2B-88998,653.07,3,9,0,92.55,5,2,1
ORD-102193,B2B-8713,254.25,3,7,0,73.18,-1,0,0
ORD-102194,B2B-24971,288.01,3,7,0,69.49,0,0,0
ORD-102195,B2B-28259,266.36,3,12,0,65.39,-1,0,0
ORD-102196,B2B-37007,369.48,3,11,0,74.55,-2,0,0
ORD-102197,B2B-91425,396.55,3,14,0,61.33,0,0,0
ORD-102198,B2B-75357,507.79,3,12,0,84.02,0,0,0
ORD-102199,B2B-46396,251.37,7,13,1,70.37,0,0,0
ORD-102200,B2B-54672,550.57,3,10,0,91.45,0,0,0
ORD-102201,B2B-916,189.92,3,8,1,65.87,2,0,0
ORD-102202,B2B-69672,117.85,7,10,0,59.89,1,0,0
ORD-102203,B2B-68218,117.02,3,12,0,48.09,2,0,0
ORD-102204,B2B-98544,332.42,7,13,0,57.56,0,0,0
ORD-102205,B2B-62940,79.42,3,9,1,56.47,2,0,0
ORD-102206,B2B-76363,555.75,7,13,0,82.56,2,0,0
ORD-102207,B2B-69495,147.01,3,9,1,41.79,-3,0,0
ORD-102208,B2B-11884,732.96,3,13,0,76.6,1,0,0
ORD-102209,B2B-3443,221.32,3,10,0,60.27,1,0,0
ORD-102210,B2B-28120,444.72,3,14,0,57.08,0,0,0
ORD-102211,B2B-24999,573.77,7,14,1,76.34,0,0,0
ORD-102212,B2B-42372,306.08,3,12,1,71.92,0,0,0
ORD-102213,B2B-39956,298.72,3,10,1,67.23,0,0,0
ORD-102214,B2B-99547,179.33,3,8,0,54.9,-3,0,0
ORD-102215,B2B-52871,625.46,3,13,1,86.93,-1,0,0
ORD-102216,B2B-19407,308.14,3,12,1,63.7,1,0,0
ORD-102217,B2B-4182,385.92,3,10,0,85.36,2,0,1
ORD-102218,B2B-38398,610.12,3,9,1,77.04,0,0,0
ORD-102219,B2B-2402,399.68,3,12,0,86.81,-4,0,0
ORD-102220,B2B-6304,299.5,3,12,1,71.02,3,0,0
ORD-102221,B2B-20143,477.8,3,14,1,74.2,0,0,0
ORD-102222,B2B-469,568.96,7,13,0,88.12,-2,0,0
ORD-102223,B2B-21199,136.6,3,9,0,48.38,-1,0,0
ORD-102224,B2B-24909,303.24,3,9,0,78.05,-2,0,0
ORD-102225,B2B-69678,207.28,3,11,0,42.9,1,0,1
ORD-102226,B2B-41706,65.65,7,12,0,38.44,0,0,0
ORD-102227,B2B-54346,648.51,7,9,1,88.37,-3,0,0
ORD-102228,B2B-42372,306.08,3,13,1,78.91,0,0,0
ORD-102229,B2B-475,206.37,3,13,1,35.36,1,0,0
ORD-102230,B2B-96058,216.57,7,8,1,57.98,3,0,0
ORD-102231,B2B-9412,353.19,3,9,1,59.12,-2,0,0
ORD-102232,B2B-2258,331.68,3,13,0,71.03,-3,0,0
ORD-102233,B2B-64472,409.98,3,11,1,81.66,3,0,0
ORD-102234,B2B-9272,404.59,3,10,1,70.32,2,0,0
ORD-102235,B2B-24922,637.48,7,11,0,93.41,2,0,0
ORD-102236,B2B-95375,62.32,3,10,0,39.22,0,0,0
ORD-102237,B2B-15534,688.04,3,13,0,87.64,0,0,0
ORD-102238,B2B-97673,665.56,3,10,1,104.87,0,0,0
ORD-102239,B2B-55930,264.74,3,12,0,71.06,3,0,0
ORD-102240,B2B-77562,194.73,7,10,0,67.09,-1,0,0
ORD-102241,B2B-89899,618.63,3,13,0,70.3,0,0,0
ORD-102242,B2B-15563,559.64,7,9,0,89.31,0,0,0
ORD-102243,B2B-41054,470.71,7,13,0,81.59,-1,0,0
ORD-102244,B2B-41024,433.53,3,8,1,74.89,0,0,0
ORD-102245,B2B-68087,89.38,7,13,0,44.37,2,0,0
ORD-102246,B2B-84982,168.92,3,13,0,41.29,0,0,0
ORD-102247,B2B-12689,125.28,7,8,1,48.93,-1,0,0
ORD-102248,B2B-24922,637.48,7,12,1,100.77,0,0,0
ORD-102249,B2B-1575,313.76,3,8,0,67.9,-1,0,0
ORD-102250,B2B-13933,265.59,3,10,0,69.09,1,0,0
ORD-102251,B2B-11884,732.96,3,13,1,99.95,0,0,0
ORD-102252,B2B-57770,398.92,3,14,0,79.03,4,1,1
ORD-102253,B2B-26090,685.13,7,8,0,71.07,2,0,0
ORD-102254,B2B-70992,154.1,7,7,1,49.35,0,0,0
ORD-102255,B2B-72630,54.03,3,13,1,53.25,0,0,0
ORD-102256,B2B-37132,667.08,7,14,0,90.5,0,0,0
ORD-102257,B2B-58252,190.25,3,10,0,66.19,1,0,0
ORD-102258,B2B-96594,317.48,7,14,0,76.18,0,0,0
ORD-102259,B2B-83562,229.29,7,13,0,51.99,-1,0,0
ORD-102260,B2B-12858,294.08,7,14,0,78.15,0,0,0
ORD-102261,B2B-2258,331.68,3,12,0,64.5,1,0,0
ORD-102262,B2B-46396,251.37,7,9,1,72.35,5,0,0
ORD-102263,B2B-22033,271.03,7,9,0,61.58,2,0,0
ORD-102264,B2B-11884,732.96,3,7,1,77.14,-4,0,0
ORD-102265,B2B-26819,325.12,7,14,0,38.09,3,0,0
ORD-102266,B2B-83353,532.96,3,7,1,77.48,-3,0,0
ORD-102267,B2B-64472,409.98,3,9,0,59.47,5,2,1
ORD-102268,B2B-17175,699.29,3,8,1,104.82,0,0,0
ORD-102269,B2B-16719,326.27,7,7,1,53.17,3,0,0
ORD-102270,B2B-21700,314.43,3,9,0,63.89,0,0,0
ORD-102271,B2B-34427,212.11,3,11,0,64.31,0,0,0
ORD-102272,B2B-55207,245.68,3,10,1,70.17,2,0,0
ORD-102273,B2B-45330,371.39,3,13,0,52.76,0,0,0
ORD-102274,B2B-25749,212.64,7,14,0,48.86,-2,0,0
ORD-102275,B2B-11435,298.71,7,10,0,58.67,1,0,0
ORD-102276,B2B-20143,477.8,3,13,0,71.01,0,0,0
ORD-102277,B2B-41777,60.38,7,7,0,49.57,-1,0,0
ORD-102278,B2B-40178,294.57,3,12,1,66.23,0,0,0
ORD-102279,B2B-36206,423.79,3,11,0,51.98,1,0,0
ORD-102280,B2B-62940,79.42,3,13,1,63.23,2,0,1
ORD-102281,B2B-9376,81.95,3,11,0,63.46,0,0,0
ORD-102282,B2B-66471,457.4,3,7,0,89.0,3,0,0
ORD-102283,B2B-99085,721.6,7,10,0,71.12,-3,0,0
ORD-102284,B2B-72466,270.49,3,9,0,84.08,-1,0,0
ORD-102285,B2B-52943,856.21,7,11,0,86.3,0,0,0
ORD-102286,B2B-2402,399.68,3,7,1,52.19,0,0,0
ORD-102287,B2B-69678,207.28,3,10,0,78.15,0,0,0
ORD-102288,B2B-14205,93.91,7,10,1,57.22,0,0,0
ORD-102289,B2B-69672,117.85,7,14,1,60.76,0,0,0
ORD-102290,B2B-68218,117.02,3,11,0,63.16,-2,0,0
ORD-102291,B2B-64224,300.91,3,12,0,59.15,0,0,0
ORD-102292,B2B-48997,508.18,3,10,1,56.12,0,0,0
ORD-102293,B2B-36364,450.6,3,7,1,67.57,0,0,0
ORD-102294,B2B-4919,100.95,3,10,1,60.34,2,0,1
ORD-102295,B2B-17835,516.94,3,11,1,75.81,-1,0,0
ORD-102296,B2B-29283,334.32,3,10,0,61.33,0,0,0
ORD-102297,B2B-29165,23.01,3,14,1,38.46,-3,0,0
ORD-102298,B2B-41024,433.53,3,8,0,62.3,0,0,0
ORD-102299,B2B-14370,314.39,7,10,0,69.11,-2,0,0
ORD-102300,B2B-57426,498.84,7,13,0,95.19,0,0,0
ORD-102301,B2B-25749,212.64,7,13,1,69.48,0,0,0
ORD-102302,B2B-55272,344.57,7,12,0,68.97,0,0,0
ORD-102303,B2B-39956,298.72,3,8,0,55.47,2,0,0
ORD-102304,B2B-33671,831.52,7,9,0,89.77,1,0,0
ORD-102305,B2B-99156,196.4,3,10,0,78.15,0,0,0
ORD-102306,B2B-70481,569.0,7,14,1,68.66,2,0,0
ORD-102307,B2B-14370,314.39,7,11,0,69.18,-3,0,0
ORD-102308,B2B-1575,313.76,3,14,0,50.87,0,0,0
ORD-102309,B2B-51091,632.83,3,7,0,81.39,3,0,0
ORD-102310,B2B-28699,276.96,7,10,0,65.46,-1,0,0
ORD-102311,B2B-582,244.06,3,9,0,56.76,1,0,1
ORD-102312,B2B-13363,167.98,3,12,1,48.35,-3,0,0
ORD-102313,B2B-79642,606.95,3,12,0,69.99,1,0,0
ORD-102314,B2B-4919,100.95,3,7,0,57.85,1,0,0
ORD-102315,B2B-55547,437.05,3,14,0,71.63,2,0,0
ORD-102316,B2B-45159,438.13,3,13,0,67.66,7,4,1
ORD-102317,B2B-70408,324.91,3,10,0,65.11,-1,0,0
ORD-102318,B2B-46127,494.33,3,12,0,72.23,-1,0,0
ORD-102319,B2B-21700,314.43,3,13,1,76.93,0,0,0
ORD-102320,B2B-36206,423.79,3,14,0,83.98,-3,0,0
ORD-102321,B2B-86006,700.53,3,12,0,88.0,-8,0,0
ORD-102322,B2B-20256,276.38,3,9,0,63.55,-2,0,0
ORD-102323,B2B-13496,404.5,3,10,0,76.55,1,0,0
ORD-102324,B2B-38648,104.04,3,9,0,63.77,-2,0,0
ORD-102325,B2B-84961,445.61,7,9,0,73.19,0,0,0
ORD-102326,B2B-16876,560.95,3,11,1,84.02,6,3,1
ORD-102327,B2B-72466,270.49,3,10,0,64.32,5,2,1
ORD-102328,B2B-72765,873.91,3,14,0,93.37,-3,0,0
ORD-102329,B2B-19214,863.96,7,7,0,88.73,0,0,0
ORD-102330,B2B-9412,353.19,3,9,0,60.55,0,0,0
ORD-102331,B2B-89062,129.41,7,9,0,59.9,-2,0,0
ORD-102332,B2B-69353,80.41,3,13,0,61.44,-1,0,0
ORD-102333,B2B-81896,219.03,3,10,0,63.35,0,0,0
ORD-102334,B2B-64472,409.98,3,10,0,73.01,-2,0,0
ORD-102335,B2B-3615,392.89,3,9,0,79.31,-3,0,0
ORD-102336,B2B-56564,188.33,7,12,0,68.57,0,0,0
ORD-102337,B2B-55207,245.68,3,13,0,84.14,0,0,0
ORD-102338,B2B-69860,629.23,3,12,0,72.54,-3,0,0
ORD-102339,B2B-3443,221.32,3,8,0,55.28,-4,0,0
ORD-102340,B2B-30184,318.79,7,8,0,70.25,1,0,0
ORD-102341,B2B-69495,147.01,3,14,0,47.48,2,0,0
ORD-102342,B2B-3380,113.43,3,7,0,75.77,0,0,0
ORD-102343,B2B-75641,39.25,3,12,0,65.35,0,0,0
ORD-102344,B2B-45405,705.59,7,12,0,84.87,0,0,0
ORD-102345,B2B-69617,439.75,7,13,0,78.75,9,2,0
ORD-102346,B2B-41761,248.81,3,14,0,43.54,-2,0,0
ORD-102347,B2B-24971,288.01,3,14,0,78.67,0,0,0
ORD-102348,B2B-13363,167.98,3,12,1,62.34,0,0,0
ORD-102349,B2B-90471,681.93,3,12,0,101.28,0,0,0
ORD-102350,B2B-48997,508.18,3,12,1,68.93,0,0,0
ORD-102351,B2B-99069,505.28,3,7,0,64.59,2,0,1
ORD-102352,B2B-13496,404.5,3,13,0,76.1,0,0,0
ORD-102353,B2B-93002,216.77,3,8,0,56.95,0,0,0
ORD-102354,B2B-91091,651.18,3,9,1,69.93,0,0,0
ORD-102355,B2B-1245,612.32,3,12,0,91.97,-1,0,0
ORD-102356,B2B-25537,634.04,7,7,0,59.62,-3,0,0
ORD-102357,B2B-70408,324.91,3,11,0,75.69,-2,0,0
ORD-102358,B2B-28109,53.68,7,7,1,58.88,-3,0,0
ORD-102359,B2B-41761,248.81,3,13,0,84.55,0,0,0
ORD-102360,B2B-72630,54.03,3,7,0,55.77,3,0,1
ORD-102361,B2B-54672,550.57,3,10,0,81.3,5,2,1
ORD-102362,B2B-3615,392.89,3,10,0,54.57,-4,0,0
ORD-102363,B2B-50991,152.72,3,9,0,59.02,-1,0,0
ORD-102364,B2B-48337,217.85,3,11,0,55.4,0,0,0
ORD-102365,B2B-84509,417.09,3,13,0,62.61,-3,0,0
ORD-102366,B2B-81420,147.06,3,10,1,62.34,0,0,0
ORD-102367,B2B-30192,660.18,7,12,0,73.9,0,0,0
ORD-102368,B2B-35745,188.89,7,9,0,74.53,2,0,0
ORD-102369,B2B-83416,207.08,3,12,0,47.64,0,0,0
ORD-102370,B2B-75395,95.08,7,10,1,53.83,-2,0,0
ORD-102371,B2B-29283,334.32,3,13,0,60.09,0,0,0
ORD-102372,B2B-31938,430.15,3,8,1,68.06,0,0,0
ORD-102373,B2B-34548,666.29,7,10,0,90.36,0,0,0
ORD-102374,B2B-24203,156.46,3,7,0,72.72,5,2,1
ORD-102375,B2B-14626,632.92,3,14,1,73.33,-2,0,0
ORD-102376,B2B-4727,619.93,7,12,0,79.21,-3,0,0
ORD-102377,B2B-70880,644.27,3,11,0,65.2,0,0,0
ORD-102378,B2B-8641,141.06,3,12,0,64.47,0,0,0
ORD-102379,B2B-80015,168.28,3,7,0,55.84,2,0,0
ORD-102380,B2B-582,244.06,3,7,0,82.29,0,0,0
ORD-102381,B2B-96332,296.44,3,7,0,57.74,-2,0,0
ORD-102382,B2B-11848,509.37,3,13,0,67.6,7,4,0
ORD-102383,B2B-39734,599.79,3,9,1,102.56,0,0,0
ORD-102384,B2B-35806,167.05,3,9,0,52.97,-2,0,0
ORD-102385,B2B-70992,154.1,7,8,0,51.14,0,0,0
ORD-102386,B2B-37533,626.0,3,8,0,85.28,0,0,0
ORD-102387,B2B-13363,167.98,3,13,0,65.94,0,0,0
ORD-102388,B2B-16506,422.23,3,12,0,74.27,2,0,0
ORD-102389,B2B-67047,131.63,3,9,1,63.53,0,0,0
ORD-102390,B2B-58025,333.8,3,10,0,61.97,-2,0,0
ORD-102391,B2B-87026,149.38,3,14,1,65.05,0,0,0
ORD-102392,B2B-1575,313.76,3,13,0,56.25,0,0,0
ORD-102393,B2B-68212,41.47,3,13,1,43.71,-3,0,0
ORD-102394,B2B-84982,168.92,3,12,0,51.59,0,0,0
ORD-102395,B2B-19617,408.26,7,12,0,87.44,-3,0,0
ORD-102396,B2B-40989,252.61,7,11,1,67.2,2,0,0
ORD-102397,B2B-46396,251.37,7,7,0,65.83,0,0,0
ORD-102398,B2B-87928,293.15,3,13,1,52.66,0,0,0
ORD-102399,B2B-8713,254.25,3,14,0,45.95,0,0,0
ORD-102400,B2B-84982,168.92,3,8,1,77.89,0,0,0
ORD-102401,B2B-5208,483.35,3,8,1,76.03,0,0,0
ORD-102402,B2B-30703,215.86,3,9,1,57.66,1,0,0
ORD-102403,B2B-2258,331.68,3,11,0,70.38,-2,0,0
ORD-102404,B2B-64472,409.98,3,8,0,61.24,2,0,0
ORD-102405,B2B-13926,662.59,3,8,0,92.41,3,0,1
ORD-102406,B2B-79786,588.46,7,8,0,96.18,-1,0,0
ORD-102407,B2B-26090,685.13,7,14,0,83.11,0,0,0
ORD-102408,B2B-89062,129.41,7,13,1,53.86,-3,0,0
ORD-102409,B2B-41910,191.25,3,11,0,75.41,0,0,0
ORD-102410,B2B-10603,792.16,3,10,0,90.51,2,0,0
ORD-102411,B2B-39956,298.72,3,7,0,56.45,0,0,0
ORD-102412,B2B-9589,646.64,3,7,1,90.78,0,0,0
ORD-102413,B2B-30192,660.18,7,12,0,77.3,2,0,0
ORD-102414,B2B-41869,608.63,7,11,0,84.37,-1,0,0
ORD-102415,B2B-56126,432.51,3,8,0,70.67,0,0,0
ORD-102416,B2B-54945,251.33,7,11,0,72.06,0,0,0
ORD-102417,B2B-89921,329.39,7,7,0,59.59,0,0,0
ORD-102418,B2B-52522,313.94,3,9,0,69.7,-1,0,0
ORD-102419,B2B-5208,483.35,3,8,1,61.6,-1,0,0
ORD-102420,B2B-1715,321.45,7,10,0,76.98,-4,0,0
ORD-102421,B2B-76481,188.56,3,12,0,56.64,-1,0,0
ORD-102422,B2B-9933,318.11,7,8,0,61.33,1,0,0
ORD-102423,B2B-90351,64.85,7,10,0,70.64,0,0,0
ORD-102424,B2B-18221,348.44,3,10,0,67.89,0,0,0
ORD-102425,B2B-69495,147.01,3,10,0,53.14,0,0,0
ORD-102426,B2B-99547,179.33,3,9,0,58.02,3,0,0
ORD-102427,B2B-12858,294.08,7,9,0,62.85,-5,0,0
ORD-102428,B2B-29283,334.32,3,10,1,60.57,0,0,0
ORD-102429,B2B-56992,164.68,3,10,0,62.1,0,0,0
ORD-102430,B2B-6492,348.96,3,7,0,57.9,2,0,0
ORD-102431,B2B-57541,338.12,3,8,1,76.86,-1,0,0
ORD-102432,B2B-4952,366.81,3,12,0,68.32,-1,0,0
ORD-102433,B2B-31938,430.15,3,14,0,79.99,-1,0,0
ORD-102434,B2B-24194,142.61,7,13,1,60.32,-1,0,0
ORD-102435,B2B-23833,421.56,3,8,0,70.83,4,1,1
ORD-102436,B2B-67244,698.62,3,10,0,90.42,0,0,0
ORD-102437,B2B-57908,246.06,3,13,0,66.46,0,0,0
ORD-102438,B2B-96332,296.44,3,8,0,64.17,-4,0,0
ORD-102439,B2B-75299,418.34,3,9,1,56.89,-2,0,0
ORD-102440,B2B-42643,334.58,3,8,1,73.1,-2,0,0
ORD-102441,B2B-55596,37.19,3,11,0,63.18,0,0,0
ORD-102442,B2B-99784,213.77,3,11,0,51.96,3,0,0
ORD-102443,B2B-19595,342.82,7,11,0,56.69,1,0,0
ORD-102444,B2B-77661,852.66,3,13,1,110.32,-2,0,0
ORD-102445,B2B-74692,309.02,3,14,0,71.3,0,0,0
ORD-102446,B2B-74836,437.22,3,8,1,53.23,1,0,0
ORD-102447,B2B-58522,613.4,3,11,1,66.9,-2,0,0
ORD-102448,B2B-17750,179.54,3,12,0,63.0,-2,0,0
ORD-102449,B2B-52738,826.49,3,14,1,103.6,3,0,1
ORD-102450,B2B-56126,432.51,3,8,0,69.52,-1,0,0
ORD-102451,B2B-69617,439.75,7,14,0,93.59,0,0,0
ORD-102452,B2B-56560,103.28,3,9,0,57.49,3,0,0
ORD-102453,B2B-14205,93.91,7,13,0,67.75,-4,0,0
ORD-102454,B2B-76363,555.75,7,10,0,73.09,0,0,0
ORD-102455,B2B-2773,223.95,3,8,0,73.47,6,3,1
ORD-102456,B2B-32334,496.63,3,10,0,66.71,1,0,0
ORD-102457,B2B-54971,147.06,7,8,0,57.13,2,0,0
ORD-102458,B2B-8853,432.38,7,14,0,67.41,-4,0,0
ORD-102459,B2B-76983,167.27,7,7,0,74.35,0,0,0
ORD-102460,B2B-45330,371.39,3,14,0,45.2,-2,0,0
ORD-102461,B2B-21199,136.6,3,7,0,75.37,-1,0,0
ORD-102462,B2B-39539,614.75,3,9,0,69.14,2,0,0
ORD-102463,B2B-36771,443.33,3,14,0,70.02,4,1,1
ORD-102464,B2B-72918,181.99,3,13,0,56.56,1,0,0
ORD-102465,B2B-33897,555.88,7,9,1,56.38,5,0,0
ORD-102466,B2B-39956,298.72,3,12,0,71.17,0,0,0
ORD-102467,B2B-83884,339.04,7,9,0,50.59,3,0,0
ORD-102468,B2B-41910,191.25,3,9,0,60.95,0,0,0
ORD-102469,B2B-5107,521.23,7,7,1,86.54,0,0,0
ORD-102470,B2B-99480,448.58,3,10,1,69.32,0,0,0
ORD-102471,B2B-81641,298.87,3,9,0,69.13,6,3,1
ORD-102472,B2B-49044,662.08,7,10,1,99.23,3,0,0
ORD-102473,B2B-99045,685.6,3,7,0,76.59,-6,0,0
ORD-102474,B2B-39734,599.79,3,11,0,85.75,-2,0,0
ORD-102475,B2B-50991,152.72,3,9,0,56.55,5,2,1
ORD-102476,B2B-55930,264.74,3,13,1,79.08,1,0,0
ORD-102477,B2B-76481,188.56,3,13,0,54.77,1,0,0
ORD-102478,B2B-68135,706.94,7,7,1,87.46,3,0,0
ORD-102479,B2B-90351,64.85,7,10,0,47.81,-2,0,0
ORD-102480,B2B-16829,128.6,3,14,1,53.54,-2,0,0
ORD-102481,B2B-33897,555.88,7,12,0,75.86,0,0,0
ORD-102482,B2B-75395,95.08,7,7,0,43.08,-2,0,0
ORD-102483,B2B-27599,705.12,3,8,0,86.89,0,0,0
ORD-102484,B2B-42372,306.08,3,8,1,59.14,1,0,0
ORD-102485,B2B-89458,169.02,7,10,0,68.98,0,0,0
ORD-102486,B2B-70465,465.9,3,8,0,75.14,3,0,0
ORD-102487,B2B-83562,229.29,7,11,0,90.38,-3,0,0
ORD-102488,B2B-96173,452.85,3,9,1,61.39,1,0,0
ORD-102489,B2B-30067,209.94,7,10,1,48.11,0,0,0
ORD-102490,B2B-12172,499.33,7,9,0,63.22,2,0,0
ORD-102491,B2B-71568,305.9,3,8,1,64.46,1,0,0
ORD-102492,B2B-58522,613.4,3,10,0,66.68,6,3,1
ORD-102493,B2B-23833,421.56,3,12,1,73.44,2,0,1
ORD-102494,B2B-11265,241.54,3,8,1,55.21,-2,0,0
ORD-102495,B2B-30729,556.38,3,13,0,90.56,3,0,0
ORD-102496,B2B-88998,653.07,3,14,0,94.59,0,0,0
ORD-102497,B2B-36874,580.4,3,13,0,76.97,2,0,0
ORD-102498,B2B-57908,246.06,3,11,0,46.26,1,0,0
ORD-102499,B2B-73790,354.4,3,7,0,57.24,0,0,0
ORD-102500,B2B-96173,452.85,3,13,0,75.91,2,0,0
ORD-102501,B2B-20256,276.38,3,8,0,41.57,0,0,0
ORD-102502,B2B-58252,190.25,3,12,0,61.53,1,0,1
ORD-102503,B2B-99105,503.69,3,11,0,76.75,0,0,0
ORD-102504,B2B-79534,248.84,3,10,0,71.5,0,0,0
ORD-102505,B2B-33897,555.88,7,11,0,79.96,-2,0,0
ORD-102506,B2B-8916,335.64,3,7,0,60.9,4,1,1
ORD-102507,B2B-55272,344.57,7,11,0,72.97,0,0,0
ORD-102508,B2B-58412,543.27,7,10,0,82.32,0,0,0
ORD-102509,B2B-93543,576.39,7,14,0,85.68,0,0,0
ORD-102510,B2B-71321,460.1,7,10,0,72.46,4,0,0
ORD-102511,B2B-74692,309.02,3,14,0,73.63,2,0,0
ORD-102512,B2B-2773,223.95,3,7,1,83.06,-2,0,0
ORD-102513,B2B-63735,225.01,3,13,1,47.65,-1,0,0
ORD-102514,B2B-38648,104.04,3,13,0,45.95,-1,0,0
ORD-102515,B2B-14570,633.84,3,12,0,77.49,1,0,1
ORD-102516,B2B-40012,70.68,7,7,0,48.54,0,0,0
ORD-102517,B2B-44861,329.47,3,9,0,73.96,-4,0,0
ORD-102518,B2B-6337,362.09,7,9,1,73.3,0,0,0
ORD-102519,B2B-76363,555.75,7,10,0,74.83,0,0,0
ORD-102520,B2B-80146,723.44,7,12,0,74.35,0,0,0
ORD-102521,B2B-88506,379.24,3,7,0,48.43,-2,0,0
ORD-102522,B2B-82260,634.11,7,14,1,84.1,0,0,0
ORD-102523,B2B-14370,314.39,7,14,0,74.33,2,0,0
ORD-102524,B2B-21199,136.6,3,11,1,55.33,-3,0,0
ORD-102525,B2B-57908,246.06,3,9,0,67.48,0,0,0
ORD-102526,B2B-42934,637.56,3,12,0,81.11,1,0,0
ORD-102527,B2B-21541,112.75,3,13,1,43.78,3,0,1
ORD-102528,B2B-1563,182.02,3,8,1,68.63,0,0,0
ORD-102529,B2B-53943,648.98,3,8,0,79.58,-2,0,0
ORD-102530,B2B-72765,873.91,3,10,0,92.23,2,0,0
ORD-102531,B2B-29290,739.67,7,11,0,74.06,4,0,1
ORD-102532,B2B-15993,270.48,3,11,0,71.7,0,0,0
ORD-102533,B2B-41761,248.81,3,7,0,71.77,0,0,0
ORD-102534,B2B-44951,832.42,3,12,0,97.63,2,0,0
ORD-102535,B2B-35688,329.31,7,12,0,72.36,0,0,0
ORD-102536,B2B-14161,220.42,3,8,0,48.78,2,0,0
ORD-102537,B2B-2773,223.95,3,8,1,63.96,0,0,0
ORD-102538,B2B-43536,599.85,3,7,0,83.49,-2,0,0
ORD-102539,B2B-36874,580.4,3,10,0,82.93,0,0,0
ORD-102540,B2B-57435,293.3,3,10,0,60.77,-3,0,0
ORD-102541,B2B-68919,182.23,7,13,0,52.22,1,0,0
ORD-102542,B2B-54971,147.06,7,11,1,59.08,2,0,0
ORD-102543,B2B-97825,371.6,3,14,1,68.36,-5,0,0
ORD-102544,B2B-55930,264.74,3,13,0,81.5,-2,0,0
ORD-102545,B2B-44951,832.42,3,14,0,80.41,-1,0,0
ORD-102546,B2B-13926,662.59,3,8,0,95.78,-4,0,0
ORD-102547,B2B-57426,498.84,7,12,0,69.43,-1,0,0
ORD-102548,B2B-97276,198.51,3,9,0,48.11,1,0,0
ORD-102549,B2B-52522,313.94,3,12,0,55.29,-3,0,0
ORD-102550,B2B-73790,354.4,3,13,0,68.42,2,0,0
ORD-102551,B2B-70408,324.91,3,7,0,71.37,2,0,0
ORD-102552,B2B-80380,545.83,3,10,0,80.37,-1,0,0
ORD-102553,B2B-56992,164.68,3,13,0,67.67,0,0,0
ORD-102554,B2B-34548,666.29,7,14,0,67.66,4,0,0
ORD-102555,B2B-89062,129.41,7,8,1,63.67,-1,0,0
ORD-102556,B2B-11884,732.96,3,10,0,83.37,-2,0,0
ORD-102557,B2B-9933,318.11,7,8,0,67.12,0,0,0
ORD-102558,B2B-532,57.73,7,11,1,37.28,0,0,0
ORD-102559,B2B-6492,348.96,3,8,0,47.43,-3,0,0
ORD-102560,B2B-16615,353.55,3,11,1,62.41,3,0,0
ORD-102561,B2B-72219,428.71,7,10,0,53.29,-3,0,0
ORD-102562,B2B-1245,612.32,3,14,0,77.8,4,1,1
ORD-102563,B2B-27599,705.12,3,7,1,76.78,1,0,1
ORD-102564,B2B-17894,412.29,7,9,0,81.67,8,1,0
ORD-102565,B2B-57426,498.84,7,12,0,71.94,-4,0,0
ORD-102566,B2B-12689,125.28,7,12,1,57.14,0,0,0
ORD-102567,B2B-73790,354.4,3,10,0,61.24,1,0,0
ORD-102568,B2B-55207,245.68,3,11,1,48.42,-2,0,0
ORD-102569,B2B-39956,298.72,3,12,1,69.23,4,1,0
ORD-102570,B2B-41869,608.63,7,7,1,87.19,0,0,0
ORD-102571,B2B-79642,606.95,3,11,1,77.71,0,0,0
ORD-102572,B2B-46396,251.37,7,14,0,53.15,-1,0,0
ORD-102573,B2B-33181,257.39,3,9,0,83.33,-2,0,0
ORD-102574,B2B-18191,239.43,3,10,0,68.99,0,0,0
ORD-102575,B2B-1575,313.76,3,11,1,67.83,0,0,0
ORD-102576,B2B-2144,421.59,7,11,0,62.54,0,0,0
ORD-102577,B2B-88726,442.26,3,13,0,64.46,0,0,0
ORD-102578,B2B-53585,277.3,7,9,0,67.84,3,0,0
ORD-102579,B2B-35219,290.88,3,8,0,56.34,-1,0,0
ORD-102580,B2B-9933,318.11,7,14,1,46.4,-1,0,0
ORD-102581,B2B-84982,168.92,3,9,0,66.71,-3,0,0
ORD-102582,B2B-10435,145.35,3,11,1,54.52,0,0,0
ORD-102583,B2B-33181,257.39,3,13,0,69.3,-2,0,0
ORD-102584,B2B-43323,593.06,7,12,1,65.82,1,0,0
ORD-102585,B2B-40012,70.68,7,9,0,55.3,0,0,0
ORD-102586,B2B-51091,632.83,3,14,0,89.58,-8,0,0
ORD-102587,B2B-68135,706.94,7,9,0,107.76,-2,0,0
ORD-102588,B2B-97179,566.59,3,9,0,84.05,0,0,0
ORD-102589,B2B-54971,147.06,7,13,0,60.83,0,0,0
ORD-102590,B2B-5625,674.77,3,9,0,88.88,-1,0,0
ORD-102591,B2B-34548,666.29,7,8,0,77.85,-1,0,0
ORD-102592,B2B-16506,422.23,3,9,1,55.56,-3,0,0
ORD-102593,B2B-84509,417.09,3,10,0,67.86,2,0,0
ORD-102594,B2B-68212,41.47,3,9,0,49.07,0,0,0
ORD-102595,B2B-67196,206.28,7,11,0,44.86,1,0,0
ORD-102596,B2B-39082,287.99,3,10,0,66.7,0,0,0
ORD-102597,B2B-28699,276.96,7,8,1,78.64,0,0,0
ORD-102598,B2B-11848,509.37,3,9,0,68.78,-3,0,0
ORD-102599,B2B-76315,617.5,3,12,1,80.36,1,0,0
ORD-102600,B2B-52738,826.49,3,7,1,84.95,3,0,1
ORD-102601,B2B-93002,216.77,3,10,0,69.1,0,0,0
ORD-102602,B2B-76411,806.71,3,9,0,88.47,-3,0,0
ORD-102603,B2B-19214,863.96,7,8,0,88.75,5,0,0
ORD-102604,B2B-77562,194.73,7,12,0,69.46,-2,0,0
ORD-102605,B2B-91629,222.93,3,11,0,62.16,0,0,0
ORD-102606,B2B-11521,26.15,3,11,1,41.07,0,0,0
ORD-102607,B2B-82861,269.58,7,12,0,71.49,-1,0,0
ORD-102608,B2B-34949,297.34,3,8,0,76.69,-2,0,0
ORD-102609,B2B-29290,739.67,7,14,1,75.43,0,0,0
ORD-102610,B2B-83562,229.29,7,7,0,58.75,2,0,1
ORD-102611,B2B-6404,732.93,3,8,0,73.66,1,0,0
ORD-102612,B2B-90320,519.08,7,7,1,73.44,-1,0,0
ORD-102613,B2B-5107,521.23,7,12,0,68.71,-3,0,0
ORD-102614,B2B-21723,128.61,7,7,0,49.94,3,0,0
ORD-102615,B2B-33897,555.88,7,9,0,86.6,-2,0,0
ORD-102616,B2B-38398,610.12,3,9,1,81.66,4,1,1
ORD-102617,B2B-79028,466.94,3,14,0,66.55,1,0,0
ORD-102618,B2B-5107,521.23,7,11,1,74.95,-3,0,0
ORD-102619,B2B-92314,119.55,3,7,1,59.93,0,0,0
ORD-102620,B2B-62271,288.22,7,7,0,99.85,-4,0,0
ORD-102621,B2B-88555,560.64,3,14,1,80.99,1,0,0
ORD-102622,B2B-16966,232.76,3,12,1,64.09,-3,0,0
ORD-102623,B2B-12689,125.28,7,7,1,55.66,2,0,0
ORD-102624,B2B-77067,322.91,7,13,0,65.64,0,0,0
ORD-102625,B2B-9376,81.95,3,8,0,42.81,0,0,0
ORD-102626,B2B-54897,287.59,3,7,0,64.03,0,0,0
ORD-102627,B2B-75357,507.79,3,14,1,68.49,-4,0,0
ORD-102628,B2B-70481,569.0,7,11,0,83.57,0,0,0
ORD-102629,B2B-26477,267.63,3,14,0,74.9,-3,0,0
ORD-102630,B2B-5941,491.49,3,13,0,81.26,-2,0,0
ORD-102631,B2B-99480,448.58,3,9,0,78.16,-1,0,0
ORD-102632,B2B-77067,322.91,7,7,0,77.47,-1,0,0
ORD-102633,B2B-72918,181.99,3,13,0,53.66,-3,0,0
ORD-102634,B2B-52738,826.49,3,9,0,92.39,3,0,0
ORD-102635,B2B-70481,569.0,7,10,0,62.97,1,0,0
ORD-102636,B2B-16185,106.42,3,11,0,66.48,2,0,0
ORD-102637,B2B-58497,185.01,3,8,1,62.38,0,0,0
ORD-102638,B2B-84961,445.61,7,10,0,77.65,0,0,0
ORD-102639,B2B-33006,288.71,3,12,0,60.51,4,1,1
ORD-102640,B2B-44050,232.02,3,9,1,41.27,0,0,0
ORD-102641,B2B-49876,216.16,3,12,0,57.84,-1,0,0
ORD-102642,B2B-93833,418.51,3,7,1,33.33,2,0,0
ORD-102643,B2B-33392,172.39,7,9,0,42.07,-2,0,0
ORD-102644,B2B-6304,299.5,3,10,0,60.13,3,0,0
ORD-102645,B2B-75752,434.83,3,13,0,78.32,0,0,0
ORD-102646,B2B-49044,662.08,7,11,0,83.44,4,0,0
ORD-102647,B2B-47208,563.28,3,7,0,66.45,-3,0,0
ORD-102648,B2B-72474,663.97,7,14,0,84.01,2,0,0
ORD-102649,B2B-70994,301.53,7,10,0,76.87,-1,0,0
ORD-102650,B2B-97922,843.37,7,12,0,78.8,4,0,0
ORD-102651,B2B-3443,221.32,3,10,1,73.31,-1,0,0
ORD-102652,B2B-1715,321.45,7,10,0,62.51,-4,0,0
ORD-102653,B2B-97673,665.56,3,14,1,94.02,1,0,1
ORD-102654,B2B-30067,209.94,7,13,0,72.67,0,0,0
ORD-102655,B2B-25910,151.59,3,13,0,58.93,-3,0,0
ORD-102656,B2B-96173,452.85,3,11,0,71.59,-4,0,0
ORD-102657,B2B-6492,348.96,3,7,0,63.94,-1,0,0
ORD-102658,B2B-16506,422.23,3,12,0,53.89,3,0,0
ORD-102659,B2B-5625,674.77,3,13,0,85.21,1,0,0
ORD-102660,B2B-79534,248.84,3,13,0,76.29,-1,0,0
ORD-102661,B2B-2258,331.68,3,9,0,72.74,0,0,0
ORD-102662,B2B-28120,444.72,3,12,1,31.7,4,1,1
ORD-102663,B2B-72214,211.97,3,13,0,52.74,3,0,0
ORD-102664,B2B-54971,147.06,7,13,1,45.51,-1,0,0
ORD-102665,B2B-10589,206.53,7,9,1,80.27,0,0,0
ORD-102666,B2B-77067,322.91,7,12,1,56.16,-2,0,0
ORD-102667,B2B-92368,113.13,3,14,0,70.06,0,0,0
ORD-102668,B2B-24909,303.24,3,12,0,53.65,1,0,0
ORD-102669,B2B-40989,252.61,7,13,0,74.63,0,0,0
ORD-102670,B2B-19402,198.91,7,7,0,55.36,-2,0,0
ORD-102671,B2B-89892,259.72,3,12,0,60.7,2,0,0
ORD-102672,B2B-51091,632.83,3,8,0,80.98,0,0,0
ORD-102673,B2B-98544,332.42,7,14,1,55.47,0,0,0
ORD-102674,B2B-11907,272.23,7,7,0,79.71,0,0,0
ORD-102675,B2B-99501,643.12,3,10,0,80.78,2,0,0
ORD-102676,B2B-37533,626.0,3,14,0,84.77,2,0,0
ORD-102677,B2B-8713,254.25,3,12,0,47.47,3,0,0
ORD-102678,B2B-36206,423.79,3,10,1,66.61,-5,0,0
ORD-102679,B2B-70116,289.27,7,14,0,77.21,0,0,0
ORD-102680,B2B-41329,225.17,7,12,1,58.43,0,0,0
ORD-102681,B2B-56377,536.78,3,8,1,76.38,0,0,0
ORD-102682,B2B-53943,648.98,3,7,0,64.02,3,0,0
ORD-102683,B2B-85628,299.31,7,14,1,66.26,1,0,0
ORD-102684,B2B-99105,503.69,3,9,0,65.94,-3,0,0
ORD-102685,B2B-5218,370.92,3,13,0,75.07,1,0,0
ORD-102686,B2B-54672,550.57,3,12,0,80.22,3,0,0
ORD-102687,B2B-31915,291.96,7,9,0,59.12,0,0,0
ORD-102688,B2B-38648,104.04,3,14,0,39.9,2,0,0
ORD-102689,B2B-69495,147.01,3,14,0,52.69,-1,0,0
ORD-102690,B2B-4727,619.93,7,13,0,81.19,-4,0,0
ORD-102691,B2B-9376,81.95,3,9,1,53.53,-1,0,0
ORD-102692,B2B-75641,39.25,3,7,1,38.84,2,0,0
ORD-102693,B2B-81641,298.87,3,11,0,68.76,3,0,0
ORD-102694,B2B-54672,550.57,3,10,0,65.4,-1,0,0
ORD-102695,B2B-80015,168.28,3,9,0,58.3,-1,0,0
ORD-102696,B2B-824,210.68,7,13,0,50.62,1,0,0
ORD-102697,B2B-43323,593.06,7,8,0,77.85,0,0,0
ORD-102698,B2B-96058,216.57,7,10,0,57.41,0,0,0
ORD-102699,B2B-69860,629.23,3,14,0,74.18,-3,0,0
ORD-102700,B2B-71321,460.1,7,13,0,61.84,0,0,0
ORD-102701,B2B-10240,327.65,7,10,0,59.74,1,0,1
ORD-102702,B2B-43536,599.85,3,9,1,92.74,1,0,1
ORD-102703,B2B-19595,342.82,7,12,0,56.17,0,0,0
ORD-102704,B2B-10603,792.16,3,11,0,92.46,2,0,0
ORD-102705,B2B-45330,371.39,3,10,0,64.94,1,0,0
ORD-102706,B2B-75641,39.25,3,14,1,59.63,0,0,0
ORD-102707,B2B-52943,856.21,7,9,1,100.91,-4,0,0
ORD-102708,B2B-71281,295.12,3,7,0,70.86,1,0,0
ORD-102709,B2B-16719,326.27,7,11,0,62.04,4,0,0
ORD-102710,B2B-38826,536.49,7,13,0,74.34,-1,0,0
ORD-102711,B2B-6646,81.69,7,7,0,54.41,-1,0,0
ORD-102712,B2B-83863,224.08,3,11,1,70.33,1,0,0
ORD-102713,B2B-89458,169.02,7,14,0,68.36,2,0,0
ORD-102714,B2B-19402,198.91,7,13,0,66.01,0,0,0
ORD-102715,B2B-10100,132.58,3,13,0,45.74,0,0,0
ORD-102716,B2B-14370,314.39,7,12,0,75.81,2,0,0
ORD-102717,B2B-3029,244.75,3,14,1,71.1,2,0,0
ORD-102718,B2B-41230,106.34,3,14,0,40.77,0,0,0
ORD-102719,B2B-24909,303.24,3,7,1,73.92,3,0,0
ORD-102720,B2B-16829,128.6,3,9,1,53.38,3,0,0
ORD-102721,B2B-47096,91.69,3,8,0,64.16,-1,0,0
ORD-102722,B2B-13933,265.59,3,13,0,66.31,1,0,1
ORD-102723,B2B-5963,539.47,3,13,0,77.97,-2,0,0
ORD-102724,B2B-70880,644.27,3,9,1,75.88,0,0,0
ORD-102725,B2B-40178,294.57,3,11,0,68.35,-3,0,0
ORD-102726,B2B-99069,505.28,3,14,1,72.99,1,0,0
ORD-102727,B2B-29564,179.99,3,9,1,55.9,3,0,1
ORD-102728,B2B-68926,258.66,3,11,1,50.23,-1,0,0
ORD-102729,B2B-86845,198.3,3,12,0,57.79,3,0,0
ORD-102730,B2B-68135,706.94,7,8,0,93.62,0,0,0
ORD-102731,B2B-93002,216.77,3,13,1,65.29,3,0,1
ORD-102732,B2B-83562,229.29,7,11,0,63.71,2,0,0
ORD-102733,B2B-18191,239.43,3,7,1,58.65,1,0,0
ORD-102734,B2B-91425,396.55,3,11,0,85.28,1,0,0
ORD-102735,B2B-35806,167.05,3,14,1,63.18,-4,0,0
ORD-102736,B2B-21097,138.29,3,12,0,58.77,0,0,0
ORD-102737,B2B-62271,288.22,7,8,0,67.5,0,0,0
ORD-102738,B2B-30729,556.38,3,14,1,76.12,0,0,0
ORD-102739,B2B-48337,217.85,3,8,1,62.29,0,0,0
ORD-102740,B2B-39734,599.79,3,8,0,84.28,3,0,0
ORD-102741,B2B-5218,370.92,3,9,1,81.9,0,0,0
ORD-102742,B2B-41024,433.53,3,8,1,83.31,0,0,0
ORD-102743,B2B-58412,543.27,7,10,0,80.47,-1,0,0
ORD-102744,B2B-18221,348.44,3,10,1,49.62,1,0,0
ORD-102745,B2B-96058,216.57,7,9,1,62.4,0,0,0
ORD-102746,B2B-73101,574.65,3,7,0,78.63,-5,0,0
ORD-102747,B2B-6754,533.44,3,11,0,80.34,-1,0,0
ORD-102748,B2B-7824,603.55,3,9,1,73.28,5,2,1
ORD-102749,B2B-15993,270.48,3,9,0,78.67,0,0,0
ORD-102750,B2B-28602,223.1,3,14,0,65.63,-2,0,0
ORD-102751,B2B-80380,545.83,3,12,0,72.54,2,0,0
ORD-102752,B2B-90351,64.85,7,12,0,51.19,0,0,0
ORD-102753,B2B-33680,278.55,3,12,0,59.99,1,0,0
ORD-102754,B2B-65084,218.58,7,12,0,56.92,0,0,0
ORD-102755,B2B-41910,191.25,3,8,0,77.62,1,0,0
ORD-102756,B2B-15887,234.39,7,13,0,51.53,-4,0,0
ORD-102757,B2B-21647,378.29,3,10,0,70.56,5,2,1
ORD-102758,B2B-57541,338.12,3,12,0,71.17,0,0,0
ORD-102759,B2B-20421,718.6,3,7,0,77.59,3,0,1
ORD-102760,B2B-62843,82.28,7,13,0,50.13,-1,0,0
ORD-102761,B2B-42643,334.58,3,8,1,75.9,0,0,0
ORD-102762,B2B-73752,578.14,7,10,0,92.73,-1,0,0
ORD-102763,B2B-70283,878.87,3,9,1,93.24,0,0,0
ORD-102764,B2B-81277,659.12,3,10,0,84.67,1,0,0
ORD-102765,B2B-6337,362.09,7,13,1,55.79,4,0,0
ORD-102766,B2B-97179,566.59,3,8,1,67.06,2,0,0
ORD-102767,B2B-12409,200.39,7,13,0,56.1,2,0,0
ORD-102768,B2B-38648,104.04,3,10,1,54.42,0,0,0
ORD-102769,B2B-92314,119.55,3,11,0,66.6,1,0,1
ORD-102770,B2B-53585,277.3,7,14,0,54.75,0,0,0
ORD-102771,B2B-93157,103.37,3,11,0,54.46,1,0,0
ORD-102772,B2B-89892,259.72,3,11,0,62.45,0,0,0
ORD-102773,B2B-20143,477.8,3,11,0,78.8,2,0,0
ORD-102774,B2B-88555,560.64,3,11,1,77.2,0,0,0
ORD-102775,B2B-35757,153.49,3,14,1,60.66,0,0,0
ORD-102776,B2B-12172,499.33,7,7,1,75.98,3,0,0
ORD-102777,B2B-97825,371.6,3,11,0,70.92,0,0,0
ORD-102778,B2B-17175,699.29,3,7,0,86.26,4,1,1
ORD-102779,B2B-54070,415.03,3,9,0,67.54,1,0,0
ORD-102780,B2B-8713,254.25,3,9,0,54.43,-1,0,0
ORD-102781,B2B-1245,612.32,3,8,1,86.66,0,0,0
ORD-102782,B2B-10603,792.16,3,8,0,95.47,3,0,1
ORD-102783,B2B-88226,836.71,3,9,0,93.1,7,4,1
ORD-102784,B2B-6646,81.69,7,14,1,44.74,3,0,1
ORD-102785,B2B-62940,79.42,3,13,0,52.47,0,0,0
ORD-102786,B2B-699,312.08,3,9,0,72.29,-1,0,0
ORD-102787,B2B-65412,368.85,3,8,1,89.58,-1,0,0
ORD-102788,B2B-72474,663.97,7,9,1,80.23,0,0,0
ORD-102789,B2B-55207,245.68,3,10,1,59.71,0,0,0
ORD-102790,B2B-89899,618.63,3,8,0,81.48,3,0,0
ORD-102791,B2B-71281,295.12,3,7,0,67.33,-5,0,0
ORD-102792,B2B-52943,856.21,7,7,0,96.45,-3,0,0
ORD-102793,B2B-42372,306.08,3,8,0,62.76,0,0,0
ORD-102794,B2B-33181,257.39,3,8,0,79.52,-1,0,0
ORD-102795,B2B-93117,583.68,3,12,0,79.89,1,0,1
ORD-102796,B2B-61154,527.14,3,13,0,71.49,-3,0,0
ORD-102797,B2B-14205,93.91,7,9,0,58.58,0,0,0
ORD-102798,B2B-760,248.77,3,8,0,55.89,4,1,1
ORD-102799,B2B-77661,852.66,3,8,1,114.05,4,1,1
ORD-102800,B2B-50778,488.85,3,8,0,68.97,1,0,0
ORD-102801,B2B-58025,333.8,3,9,0,59.26,0,0,0
ORD-102802,B2B-97179,566.59,3,12,1,91.7,2,0,0
ORD-102803,B2B-31915,291.96,7,11,0,56.11,3,0,0
ORD-102804,B2B-86465,662.66,7,9,0,70.63,-2,0,0
ORD-102805,B2B-16615,353.55,3,10,1,63.33,0,0,0
ORD-102806,B2B-83562,229.29,7,10,1,54.84,4,0,0
ORD-102807,B2B-9412,353.19,3,10,1,79.17,0,0,0
ORD-102808,B2B-74340,697.85,7,7,0,88.59,1,0,0
ORD-102809,B2B-46368,226.22,7,7,0,49.2,-1,0,0
ORD-102810,B2B-72466,270.49,3,9,1,60.87,3,0,1
ORD-102811,B2B-81896,219.03,3,12,0,55.45,2,0,1
ORD-102812,B2B-83901,378.74,3,9,0,48.1,0,0,0
ORD-102813,B2B-99069,505.28,3,12,1,92.64,5,2,1
ORD-102814,B2B-72765,873.91,3,14,1,105.75,2,0,0
ORD-102815,B2B-58497,185.01,3,8,0,56.09,1,0,0
ORD-102816,B2B-3615,392.89,3,9,0,81.89,1,0,0
ORD-102817,B2B-83416,207.08,3,11,0,82.64,-2,0,0
ORD-102818,B2B-52106,665.15,3,11,0,68.9,0,0,0
ORD-102819,B2B-5208,483.35,3,8,0,85.18,2,0,0
ORD-102820,B2B-10435,145.35,3,11,0,63.52,-1,0,0
ORD-102821,B2B-26477,267.63,3,13,0,64.42,3,0,1
ORD-102822,B2B-84982,168.92,3,8,0,73.7,-3,0,0
ORD-102823,B2B-90320,519.08,7,9,0,69.73,2,0,0
ORD-102824,B2B-99501,643.12,3,11,0,78.05,-4,0,0
ORD-102825,B2B-34252,310.33,3,12,0,59.49,0,0,0
ORD-102826,B2B-93117,583.68,3,14,1,83.25,0,0,0
ORD-102827,B2B-6337,362.09,7,9,0,43.6,1,0,0
ORD-102828,B2B-19595,342.82,7,14,0,68.96,3,0,0
ORD-102829,B2B-32334,496.63,3,9,0,95.22,-2,0,0
ORD-102830,B2B-12689,125.28,7,9,0,62.68,0,0,0
ORD-102831,B2B-79028,466.94,3,10,1,65.7,-1,0,0
ORD-102832,B2B-12172,499.33,7,7,0,74.58,2,0,0
ORD-102833,B2B-41329,225.17,7,14,0,61.36,-2,0,0
ORD-102834,B2B-99045,685.6,3,10,0,87.49,1,0,0
ORD-102835,B2B-93779,182.39,3,13,1,44.94,1,0,1
ORD-102836,B2B-31915,291.96,7,9,0,75.96,0,0,0
ORD-102837,B2B-13926,662.59,3,8,1,88.91,-4,0,0
ORD-102838,B2B-85628,299.31,7,7,0,64.19,-1,0,0
ORD-102839,B2B-88506,379.24,3,9,0,46.35,-1,0,0
ORD-102840,B2B-30192,660.18,7,7,1,78.45,2,0,0
ORD-102841,B2B-24203,156.46,3,10,0,52.55,-1,0,0
ORD-102842,B2B-82260,634.11,7,12,1,95.87,5,0,0
ORD-102843,B2B-90351,64.85,7,7,0,57.16,-1,0,0
ORD-102844,B2B-75299,418.34,3,13,1,71.13,-1,0,0
ORD-102845,B2B-3443,221.32,3,7,0,67.17,-2,0,0
ORD-102846,B2B-51284,206.47,3,11,0,42.14,1,0,0
ORD-102847,B2B-56126,432.51,3,13,0,78.38,-2,0,0
ORD-102848,B2B-89921,329.39,7,13,0,82.89,0,0,0
ORD-102849,B2B-44951,832.42,3,7,0,86.31,2,0,1
ORD-102850,B2B-55636,103.07,7,14,1,57.71,-2,0,0
ORD-102851,B2B-83416,207.08,3,11,0,72.13,1,0,0
ORD-102852,B2B-93117,583.68,3,13,1,85.32,-2,0,0
ORD-102853,B2B-42372,306.08,3,10,1,51.88,1,0,0
ORD-102854,B2B-72219,428.71,7,7,0,56.14,-2,0,0
ORD-102855,B2B-24909,303.24,3,9,1,52.06,4,1,1
ORD-102856,B2B-71568,305.9,3,8,0,84.33,0,0,0
ORD-102857,B2B-53868,40.78,3,9,0,41.02,-2,0,0
ORD-102858,B2B-76315,617.5,3,9,0,80.69,1,0,0
ORD-102859,B2B-3380,113.43,3,10,0,37.65,-1,0,0
ORD-102860,B2B-76983,167.27,7,11,0,36.19,-1,0,0
ORD-102861,B2B-69737,298.94,7,9,0,41.91,-1,0,0
ORD-102862,B2B-41777,60.38,7,13,0,54.95,-1,0,0
ORD-102863,B2B-75594,237.46,3,12,0,68.55,4,1,1
ORD-102864,B2B-91091,651.18,3,11,1,73.21,2,0,1
ORD-102865,B2B-8713,254.25,3,13,1,54.82,4,1,1
ORD-102866,B2B-67047,131.63,3,13,1,58.18,0,0,0
ORD-102867,B2B-49044,662.08,7,9,1,77.53,1,0,0
ORD-102868,B2B-41178,124.26,3,10,0,41.12,0,0,0
ORD-102869,B2B-69495,147.01,3,13,0,56.58,-5,0,0
ORD-102870,B2B-5963,539.47,3,14,0,91.64,0,0,0
ORD-102871,B2B-28259,266.36,3,12,0,58.99,-3,0,0
ORD-102872,B2B-62843,82.28,7,13,0,45.89,0,0,0
ORD-102873,B2B-70481,569.0,7,14,0,91.33,0,0,0
ORD-102874,B2B-40085,297.66,3,14,0,70.85,0,0,0
ORD-102875,B2B-99480,448.58,3,14,0,80.18,1,0,0
ORD-102876,B2B-51284,206.47,3,14,0,56.33,0,0,0
ORD-102877,B2B-44861,329.47,3,14,0,66.15,0,0,0
ORD-102878,B2B-99085,721.6,7,10,0,93.6,1,0,0
ORD-102879,B2B-44951,832.42,3,8,1,95.43,0,0,0
ORD-102880,B2B-73101,574.65,3,11,0,84.35,4,1,1
ORD-102881,B2B-11435,298.71,7,13,0,48.13,0,0,0
ORD-102882,B2B-70994,301.53,7,9,0,74.93,-3,0,0
ORD-102883,B2B-40012,70.68,7,10,0,48.54,0,0,0
ORD-102884,B2B-55267,417.67,3,11,1,74.49,-1,0,0
ORD-102885,B2B-28375,465.41,3,10,1,77.97,-3,0,0
ORD-102886,B2B-16876,560.95,3,13,0,74.33,-2,0,0
ORD-102887,B2B-19407,308.14,3,9,0,72.85,1,0,0
ORD-102888,B2B-34427,212.11,3,11,1,64.85,4,1,1
ORD-102889,B2B-99045,685.6,3,7,1,92.86,-2,0,0
ORD-102890,B2B-36206,423.79,3,7,0,51.88,5,2,0
ORD-102891,B2B-17434,572.59,3,8,0,87.83,1,0,0
ORD-102892,B2B-86845,198.3,3,8,0,53.09,0,0,0
ORD-102893,B2B-62271,288.22,7,13,0,49.93,-2,0,0
ORD-102894,B2B-6337,362.09,7,14,1,64.23,-1,0,0
ORD-102895,B2B-33680,278.55,3,13,1,53.31,1,0,0
ORD-102896,B2B-69672,117.85,7,8,0,58.79,2,0,0
ORD-102897,B2B-3029,244.75,3,13,0,38.62,-2,0,0
ORD-102898,B2B-45936,315.79,3,13,1,53.96,6,3,1
ORD-102899,B2B-34548,666.29,7,14,0,91.75,-5,0,0
ORD-102900,B2B-86006,700.53,3,13,0,88.91,2,0,0
ORD-102901,B2B-83884,339.04,7,13,1,73.11,3,0,1
ORD-102902,B2B-86845,198.3,3,12,0,70.69,-3,0,0
ORD-102903,B2B-21723,128.61,7,10,0,72.31,0,0,0
ORD-102904,B2B-80168,467.72,3,9,1,70.04,1,0,0
ORD-102905,B2B-24203,156.46,3,9,0,68.22,-4,0,0
ORD-102906,B2B-88968,928.28,7,13,0,89.61,0,0,0
ORD-102907,B2B-64472,409.98,3,8,0,55.76,-3,0,0
ORD-102908,B2B-65614,319.56,3,10,0,65.59,0,0,0
ORD-102909,B2B-64224,300.91,3,13,1,65.29,3,0,0
ORD-102910,B2B-82861,269.58,7,11,0,43.2,0,0,0
ORD-102911,B2B-2979,367.89,3,8,0,60.6,0,0,0
ORD-102912,B2B-9933,318.11,7,8,0,51.31,2,0,0
ORD-102913,B2B-60586,738.48,3,10,0,87.91,6,3,1
ORD-102914,B2B-35219,290.88,3,13,0,52.17,2,0,0
ORD-102915,B2B-40535,625.16,3,12,0,79.16,-3,0,0
ORD-102916,B2B-50778,488.85,3,9,0,61.39,-3,0,0
ORD-102917,B2B-16020,32.56,3,7,0,37.76,-1,0,0
ORD-102918,B2B-69254,391.86,7,12,0,78.71,1,0,0
ORD-102919,B2B-63735,225.01,3,12,1,40.54,0,0,0
ORD-102920,B2B-469,568.96,7,11,0,76.21,1,0,0
ORD-102921,B2B-58412,543.27,7,13,0,65.66,-1,0,0
ORD-102922,B2B-11435,298.71,7,7,0,46.07,2,0,0
ORD-102923,B2B-79642,606.95,3,11,1,76.12,-2,0,0
ORD-102924,B2B-84509,417.09,3,13,1,78.38,1,0,0
ORD-102925,B2B-24194,142.61,7,14,0,40.43,-1,0,0
ORD-102926,B2B-9272,404.59,3,11,0,51.1,0,0,0
ORD-102927,B2B-20315,92.54,3,10,1,70.44,-1,0,0
ORD-102928,B2B-14161,220.42,3,9,0,46.84,2,0,0
ORD-102929,B2B-16020,32.56,3,7,0,61.24,-1,0,0
ORD-102930,B2B-4182,385.92,3,8,0,51.66,-2,0,0
ORD-102931,B2B-99085,721.6,7,9,0,97.21,2,0,1
ORD-102932,B2B-99646,86.76,7,8,0,51.42,1,0,0
ORD-102933,B2B-5963,539.47,3,12,0,97.07,2,0,0
ORD-102934,B2B-41706,65.65,7,14,0,33.57,0,0,0
ORD-102935,B2B-13496,404.5,3,7,0,67.68,-1,0,0
ORD-102936,B2B-45330,371.39,3,8,0,71.22,0,0,0
ORD-102937,B2B-28375,465.41,3,12,1,64.81,-1,0,0
ORD-102938,B2B-71874,624.67,3,12,0,84.81,2,0,0
ORD-102939,B2B-15987,646.88,3,13,0,63.23,-2,0,0
ORD-102940,B2B-76481,188.56,3,7,1,41.74,0,0,0
ORD-102941,B2B-69665,585.98,3,13,0,90.57,2,0,0
ORD-102942,B2B-15429,682.84,3,14,1,96.64,-4,0,0
ORD-102943,B2B-30729,556.38,3,8,0,54.61,2,0,0
ORD-102944,B2B-4952,366.81,3,7,0,65.15,0,0,0
ORD-102945,B2B-4919,100.95,3,14,0,65.33,1,0,0
ORD-102946,B2B-33181,257.39,3,11,1,63.75,3,0,1
ORD-102947,B2B-26239,453.36,3,13,0,79.12,1,0,1
ORD-102948,B2B-74695,672.08,3,7,0,75.76,-2,0,0
ORD-102949,B2B-41761,248.81,3,12,1,70.58,0,0,0
ORD-102950,B2B-81420,147.06,3,9,0,57.25,0,0,0
ORD-102951,B2B-68087,89.38,7,10,1,57.55,3,0,0
ORD-102952,B2B-76456,487.84,3,8,0,80.43,2,0,0
ORD-102953,B2B-20143,477.8,3,11,0,88.76,-1,0,0
ORD-102954,B2B-40535,625.16,3,10,0,63.66,-2,0,0
ORD-102955,B2B-15887,234.39,7,8,0,51.86,1,0,0
ORD-102956,B2B-74684,548.73,3,8,0,73.51,-2,0,0
ORD-102957,B2B-86465,662.66,7,7,0,83.48,-4,0,0
ORD-102958,B2B-51530,257.73,3,9,0,66.64,1,0,1
ORD-102959,B2B-14570,633.84,3,14,0,82.31,2,0,0
ORD-102960,B2B-39956,298.72,3,11,0,66.0,0,0,0
ORD-102961,B2B-2402,399.68,3,7,1,56.55,1,0,0
ORD-102962,B2B-824,210.68,7,12,1,57.29,2,0,0
ORD-102963,B2B-65614,319.56,3,10,0,70.64,-1,0,0
ORD-102964,B2B-54346,648.51,7,11,0,76.61,0,0,0
ORD-102965,B2B-17750,179.54,3,14,0,57.48,2,0,1
ORD-102966,B2B-27189,532.44,3,13,0,72.83,3,0,0
ORD-102967,B2B-88968,928.28,7,12,1,103.3,-1,0,0
ORD-102968,B2B-96332,296.44,3,9,0,70.36,4,1,1
ORD-102969,B2B-41342,247.72,3,7,1,58.25,-1,0,0
ORD-102970,B2B-72466,270.49,3,8,0,54.37,2,0,0
ORD-102971,B2B-40989,252.61,7,9,0,56.55,1,0,0
ORD-102972,B2B-55207,245.68,3,8,0,61.95,-1,0,0
ORD-102973,B2B-26477,267.63,3,12,0,54.84,-3,0,0
ORD-102974,B2B-90320,519.08,7,8,1,74.61,-1,0,0
ORD-102975,B2B-93157,103.37,3,7,0,55.68,-1,0,0
ORD-102976,B2B-21199,136.6,3,7,1,60.78,-2,0,0
ORD-102977,B2B-88226,836.71,3,14,1,86.73,0,0,0
ORD-102978,B2B-52738,826.49,3,9,0,87.36,0,0,0
ORD-102979,B2B-57541,338.12,3,8,1,53.66,0,0,0
ORD-102980,B2B-49044,662.08,7,14,0,83.38,0,0,0
ORD-102981,B2B-40178,294.57,3,10,1,69.58,4,1,1
ORD-102982,B2B-68926,258.66,3,9,0,58.39,0,0,0
ORD-102983,B2B-18221,348.44,3,8,1,46.08,2,0,0
ORD-102984,B2B-80168,467.72,3,14,0,67.0,0,0,0
ORD-102985,B2B-21700,314.43,3,7,0,64.96,0,0,0
ORD-102986,B2B-38826,536.49,7,10,0,85.3,2,0,0
ORD-102987,B2B-41342,247.72,3,7,0,74.51,3,0,1
ORD-102988,B2B-75752,434.83,3,14,0,74.07,-5,0,0
ORD-102989,B2B-87928,293.15,3,9,0,46.23,1,0,0
ORD-102990,B2B-1530,38.68,3,10,0,41.0,-1,0,0
ORD-102991,B2B-96173,452.85,3,8,0,84.9,1,0,0
ORD-102992,B2B-40839,148.87,3,11,0,67.87,0,0,0
ORD-102993,B2B-9376,81.95,3,8,0,45.84,1,0,0
ORD-102994,B2B-79642,606.95,3,13,0,76.7,0,0,0
ORD-102995,B2B-93157,103.37,3,13,0,53.06,0,0,0
ORD-102996,B2B-76032,668.56,3,9,0,101.1,-1,0,0
ORD-102997,B2B-47208,563.28,3,10,0,78.35,1,0,0
ORD-102998,B2B-35757,153.49,3,11,0,82.87,0,0,0
ORD-102999,B2B-19864,233.45,3,9,0,71.05,-1,0,0
ORD-103000,B2B-96594,317.48,7,13,0,59.28,-2,0,0
ORD-103001,B2B-86006,700.53,3,14,1,83.2,5,2,1
ORD-103002,B2B-36952,659.01,7,14,0,71.6,1,0,0
ORD-103003,B2B-90230,406.47,7,12,0,60.49,0,0,0
ORD-103004,B2B-52738,826.49,3,14,1,93.65,-1,0,0
ORD-103005,B2B-99501,643.12,3,7,1,82.18,1,0,0
ORD-103006,B2B-53585,277.3,7,11,0,65.07,0,0,0
ORD-103007,B2B-35757,153.49,3,9,1,44.2,4,1,0
ORD-103008,B2B-19407,308.14,3,7,1,60.93,2,0,1
ORD-103009,B2B-34949,297.34,3,10,0,60.41,-1,0,0
ORD-103010,B2B-12858,294.08,7,12,0,66.85,-1,0,0
ORD-103011,B2B-6337,362.09,7,11,0,61.26,0,0,0
ORD-103012,B2B-12451,110.17,3,10,0,58.35,-2,0,0
ORD-103013,B2B-79786,588.46,7,8,1,85.05,0,0,0
ORD-103014,B2B-41054,470.71,7,7,0,96.11,-3,0,0
ORD-103015,B2B-34949,297.34,3,9,0,60.93,-3,0,0
ORD-103016,B2B-20130,297.52,7,13,0,65.81,-3,0,0
ORD-103017,B2B-11848,509.37,3,13,1,86.03,0,0,0
ORD-103018,B2B-88385,238.32,3,12,1,56.05,1,0,0
ORD-103019,B2B-72474,663.97,7,12,0,81.51,-3,0,0
ORD-103020,B2B-55272,344.57,7,11,0,72.98,0,0,0
ORD-103021,B2B-15429,682.84,3,9,1,85.31,5,2,1
ORD-103022,B2B-51284,206.47,3,11,0,47.97,0,0,0
ORD-103023,B2B-74836,437.22,3,9,0,75.43,2,0,1
ORD-103024,B2B-86006,700.53,3,7,0,74.48,6,3,1
ORD-103025,B2B-25226,147.8,3,7,0,59.63,-2,0,0
ORD-103026,B2B-56126,432.51,3,14,0,85.32,1,0,1
ORD-103027,B2B-96462,172.15,3,7,0,47.78,-2,0,0
ORD-103028,B2B-88750,232.31,7,12,0,73.03,1,0,0
ORD-103029,B2B-70465,465.9,3,8,0,70.64,-1,0,0
ORD-103030,B2B-34548,666.29,7,7,1,102.12,4,0,1
ORD-103031,B2B-21663,430.53,7,8,0,73.67,1,0,0
ORD-103032,B2B-5208,483.35,3,14,0,74.13,-5,0,0
ORD-103033,B2B-24922,637.48,7,9,1,74.99,0,0,0
ORD-103034,B2B-49876,216.16,3,11,0,46.78,0,0,0
ORD-103035,B2B-44861,329.47,3,12,1,56.82,-4,0,0
ORD-103036,B2B-24922,637.48,7,14,1,85.23,6,0,0
ORD-103037,B2B-7824,603.55,3,7,0,78.19,4,1,1
ORD-103038,B2B-20315,92.54,3,10,1,41.88,2,0,0
ORD-103039,B2B-84982,168.92,3,14,0,59.31,-1,0,0
ORD-103040,B2B-35688,329.31,7,14,0,56.6,-2,0,0
ORD-103041,B2B-24999,573.77,7,10,0,67.65,-1,0,0
ORD-103042,B2B-71923,815.91,3,8,0,88.28,1,0,0
ORD-103043,B2B-88968,928.28,7,11,0,94.57,4,0,0
ORD-103044,B2B-26239,453.36,3,10,0,55.84,-1,0,0
ORD-103045,B2B-72214,211.97,3,13,0,65.76,0,0,0
ORD-103046,B2B-38398,610.12,3,8,1,65.53,0,0,0
ORD-103047,B2B-40839,148.87,3,12,0,63.76,-2,0,0
ORD-103048,B2B-89419,495.82,7,7,0,76.31,0,0,0
ORD-103049,B2B-46396,251.37,7,10,1,54.88,1,0,0
ORD-103050,B2B-9412,353.19,3,9,0,67.92,-1,0,0
ORD-103051,B2B-74684,548.73,3,12,0,74.81,2,0,0
ORD-103052,B2B-28375,465.41,3,8,0,71.31,0,0,0
ORD-103053,B2B-88226,836.71,3,9,0,100.78,0,0,0
ORD-103054,B2B-95375,62.32,3,9,1,55.93,0,0,0
ORD-103055,B2B-69617,439.75,7,13,0,77.09,3,0,0
ORD-103056,B2B-62843,82.28,7,8,0,47.11,-1,0,0
ORD-103057,B2B-77707,132.1,3,14,0,68.24,1,0,1
ORD-103058,B2B-41230,106.34,3,14,0,62.35,-1,0,0
ORD-103059,B2B-12689,125.28,7,10,0,55.39,0,0,0
ORD-103060,B2B-24203,156.46,3,7,0,49.54,-1,0,0
ORD-103061,B2B-10240,327.65,7,12,0,73.9,1,0,1
ORD-103062,B2B-56377,536.78,3,12,0,83.55,-2,0,0
ORD-103063,B2B-19214,863.96,7,8,1,87.99,0,0,0
ORD-103064,B2B-99085,721.6,7,13,0,72.16,-2,0,0
ORD-103065,B2B-5963,539.47,3,13,0,96.85,1,0,0
ORD-103066,B2B-58522,613.4,3,8,1,85.13,3,0,0
ORD-103067,B2B-59929,145.95,3,9,1,58.64,1,0,0
ORD-103068,B2B-71874,624.67,3,14,1,71.58,5,2,1
ORD-103069,B2B-57908,246.06,3,7,0,62.74,1,0,0
ORD-103070,B2B-78279,40.95,3,11,0,59.19,0,0,0
ORD-103071,B2B-53943,648.98,3,9,0,83.37,0,0,0
ORD-103072,B2B-88226,836.71,3,10,0,99.94,0,0,0
ORD-103073,B2B-80380,545.83,3,8,0,71.09,-1,0,0
ORD-103074,B2B-20126,415.01,3,7,0,54.06,3,0,0
ORD-103075,B2B-18191,239.43,3,12,0,63.18,2,0,0
ORD-103076,B2B-75299,418.34,3,11,0,68.16,3,0,0
ORD-103077,B2B-53047,465.29,3,8,0,73.88,2,0,0
ORD-103078,B2B-67244,698.62,3,13,1,95.59,2,0,0
ORD-103079,B2B-4919,100.95,3,14,0,55.79,0,0,0
ORD-103080,B2B-24922,637.48,7,8,0,80.37,5,0,0
ORD-103081,B2B-41230,106.34,3,11,1,51.27,-2,0,0
ORD-103082,B2B-97276,198.51,3,10,0,39.91,0,0,0
ORD-103083,B2B-75357,507.79,3,8,0,69.02,-2,0,0
ORD-103084,B2B-64472,409.98,3,7,1,84.48,2,0,0
ORD-103085,B2B-10603,792.16,3,12,0,83.6,0,0,0
ORD-103086,B2B-58252,190.25,3,8,0,50.91,0,0,0
ORD-103087,B2B-99480,448.58,3,8,1,75.11,-4,0,0
ORD-103088,B2B-31506,802.14,7,8,1,91.33,0,0,0
ORD-103089,B2B-6646,81.69,7,13,1,55.32,-1,0,0
ORD-103090,B2B-20143,477.8,3,10,0,61.46,1,0,1
ORD-103091,B2B-33392,172.39,7,10,0,47.88,1,0,0
ORD-103092,B2B-28259,266.36,3,14,0,80.97,-2,0,0
ORD-103093,B2B-84692,682.93,3,7,0,69.42,-1,0,0
ORD-103094,B2B-19402,198.91,7,13,0,90.56,2,0,0
ORD-103095,B2B-5941,491.49,3,7,1,63.64,4,1,1
ORD-103096,B2B-88750,232.31,7,13,0,70.72,-1,0,0
ORD-103097,B2B-76032,668.56,3,13,0,61.38,7,4,1
ORD-103098,B2B-29323,274.14,3,10,1,73.32,3,0,1
ORD-103099,B2B-88506,379.24,3,14,0,69.96,-1,0,0
ORD-103100,B2B-41869,608.63,7,14,1,74.86,0,0,0
ORD-103101,B2B-67244,698.62,3,8,1,90.72,5,2,1
ORD-103102,B2B-28699,276.96,7,13,0,52.16,-4,0,0
ORD-103103,B2B-72765,873.91,3,7,1,85.1,3,0,0
ORD-103104,B2B-475,206.37,3,9,0,53.58,-3,0,0
ORD-103105,B2B-19214,863.96,7,12,0,92.41,0,0,0
ORD-103106,B2B-3948,668.85,3,11,0,89.25,0,0,0
ORD-103107,B2B-89892,259.72,3,10,0,73.44,0,0,0
ORD-103108,B2B-91754,26.35,7,13,0,71.22,3,0,0
ORD-103109,B2B-1715,321.45,7,14,1,67.85,0,0,0
ORD-103110,B2B-15534,688.04,3,9,0,89.19,9,6,1
ORD-103111,B2B-89419,495.82,7,13,0,74.88,2,0,0
ORD-103112,B2B-12858,294.08,7,12,0,66.74,0,0,0
ORD-103113,B2B-9272,404.59,3,10,0,75.3,-1,0,0
ORD-103114,B2B-24203,156.46,3,14,1,53.95,-4,0,0
ORD-103115,B2B-48439,187.34,3,12,0,69.64,0,0,0
ORD-103116,B2B-35323,248.47,3,11,0,71.66,0,0,0
ORD-103117,B2B-45330,371.39,3,7,0,61.98,4,1,1
ORD-103118,B2B-77702,154.37,7,8,0,55.15,2,0,0
ORD-103119,B2B-30230,742.12,3,9,0,89.08,2,0,0
ORD-103120,B2B-44050,232.02,3,7,0,71.04,2,0,0
ORD-103121,B2B-88968,928.28,7,13,0,91.51,-2,0,0
ORD-103122,B2B-48997,508.18,3,12,0,74.15,5,2,1
ORD-103123,B2B-54346,648.51,7,13,1,72.53,-2,0,0
ORD-103124,B2B-36206,423.79,3,12,0,68.62,0,0,0
ORD-103125,B2B-81420,147.06,3,8,0,68.94,-1,0,0
ORD-103126,B2B-13005,364.43,3,8,0,84.65,1,0,0
ORD-103127,B2B-89892,259.72,3,9,0,53.45,0,0,0
ORD-103128,B2B-15563,559.64,7,13,0,85.47,4,0,0
ORD-103129,B2B-33392,172.39,7,9,0,62.55,4,0,1
ORD-103130,B2B-9272,404.59,3,12,1,75.59,1,0,0
ORD-103131,B2B-19864,233.45,3,7,0,67.79,-2,0,0
ORD-103132,B2B-1575,313.76,3,11,0,58.34,-3,0,0
ORD-103133,B2B-42643,334.58,3,8,1,67.58,-2,0,0
ORD-103134,B2B-20126,415.01,3,13,0,83.75,-1,0,0
ORD-103135,B2B-26239,453.36,3,8,0,73.54,-3,0,0
ORD-103136,B2B-89062,129.41,7,7,0,67.54,0,0,0
ORD-103137,B2B-38398,610.12,3,10,1,81.25,2,0,0
ORD-103138,B2B-86225,237.6,3,12,1,63.15,-4,0,0
ORD-103139,B2B-41580,585.24,7,11,1,67.95,1,0,0
ORD-103140,B2B-760,248.77,3,8,1,61.65,0,0,0
ORD-103141,B2B-74836,437.22,3,7,1,81.52,0,0,0
ORD-103142,B2B-55267,417.67,3,7,1,73.01,1,0,0
ORD-103143,B2B-17835,516.94,3,10,0,57.46,2,0,0
ORD-103144,B2B-469,568.96,7,7,0,83.1,3,0,0
ORD-103145,B2B-39082,287.99,3,13,0,77.66,2,0,0
ORD-103146,B2B-68135,706.94,7,7,0,90.33,0,0,0
ORD-103147,B2B-55547,437.05,3,9,1,70.39,0,0,0
ORD-103148,B2B-14205,93.91,7,14,0,59.5,-3,0,0
ORD-103149,B2B-65084,218.58,7,14,0,49.34,3,0,1
ORD-103150,B2B-6646,81.69,7,11,0,61.36,-2,0,0
ORD-103151,B2B-77562,194.73,7,14,1,64.54,-2,0,0
ORD-103152,B2B-4727,619.93,7,11,0,78.5,3,0,0
ORD-103153,B2B-68212,41.47,3,10,0,59.65,0,0,0
ORD-103154,B2B-88726,442.26,3,12,1,95.8,2,0,0
ORD-103155,B2B-66471,457.4,3,13,0,74.63,3,0,0
ORD-103156,B2B-36952,659.01,7,13,1,87.74,0,0,0
ORD-103157,B2B-56992,164.68,3,11,0,62.89,0,0,0
ORD-103158,B2B-96058,216.57,7,8,0,63.13,-1,0,0
ORD-103159,B2B-469,568.96,7,10,0,75.09,2,0,0
ORD-103160,B2B-52943,856.21,7,14,0,105.81,3,0,0
ORD-103161,B2B-44861,329.47,3,8,0,49.3,-2,0,0
ORD-103162,B2B-91754,26.35,7,7,0,53.58,0,0,0
ORD-103163,B2B-83416,207.08,3,8,0,73.27,-1,0,0
ORD-103164,B2B-79418,263.24,3,8,0,56.68,-3,0,0
ORD-103165,B2B-96462,172.15,3,10,0,77.76,0,0,0
ORD-103166,B2B-88226,836.71,3,7,0,99.38,4,1,1
ORD-103167,B2B-3615,392.89,3,10,0,68.24,1,0,0
ORD-103168,B2B-54672,550.57,3,12,0,87.33,2,0,0
ORD-103169,B2B-71923,815.91,3,12,0,87.67,1,0,0
ORD-103170,B2B-469,568.96,7,9,0,97.29,0,0,0
ORD-103171,B2B-69353,80.41,3,11,1,49.35,1,0,1
ORD-103172,B2B-5107,521.23,7,9,0,79.65,1,0,0
ORD-103173,B2B-9928,85.7,3,10,1,62.84,-1,0,0
ORD-103174,B2B-99547,179.33,3,8,0,40.43,0,0,0
ORD-103175,B2B-55272,344.57,7,12,0,70.09,0,0,0
ORD-103176,B2B-98544,332.42,7,12,1,77.84,0,0,0
ORD-103177,B2B-18051,606.19,3,8,0,82.31,1,0,0
ORD-103178,B2B-56992,164.68,3,12,0,55.61,0,0,0
ORD-103179,B2B-33897,555.88,7,8,0,80.58,3,0,0
ORD-103180,B2B-86465,662.66,7,10,1,96.66,1,0,1
ORD-103181,B2B-3443,221.32,3,9,1,48.88,0,0,0
ORD-103182,B2B-24126,180.35,3,12,0,51.88,3,0,0
ORD-103183,B2B-42595,363.92,3,14,1,93.06,2,0,0
ORD-103184,B2B-40702,229.26,7,10,1,46.18,0,0,0
ORD-103185,B2B-78279,40.95,3,9,1,57.73,-2,0,0
ORD-103186,B2B-24126,180.35,3,8,1,58.74,0,0,0
ORD-103187,B2B-89458,169.02,7,10,0,76.38,-1,0,0
ORD-103188,B2B-12689,125.28,7,12,0,58.53,-1,0,0
ORD-103189,B2B-41230,106.34,3,7,0,57.77,0,0,0
ORD-103190,B2B-38398,610.12,3,9,0,65.23,0,0,0
ORD-103191,B2B-26090,685.13,7,12,1,76.84,0,0,0
ORD-103192,B2B-41869,608.63,7,13,0,94.98,-1,0,0
ORD-103193,B2B-21199,136.6,3,12,1,49.18,0,0,0
ORD-103194,B2B-41580,585.24,7,9,0,67.48,2,0,0
ORD-103195,B2B-84509,417.09,3,9,0,78.38,0,0,0
ORD-103196,B2B-36134,79.29,7,10,0,36.81,2,0,0
ORD-103197,B2B-39539,614.75,3,10,0,105.03,-3,0,0
ORD-103198,B2B-67047,131.63,3,7,0,47.38,-1,0,0
ORD-103199,B2B-20315,92.54,3,14,0,50.97,-1,0,0
ORD-103200,B2B-87571,271.95,3,11,0,65.38,2,0,0
ORD-103201,B2B-96003,174.33,3,10,0,41.17,1,0,0
ORD-103202,B2B-86819,531.68,3,12,1,84.38,0,0,0
ORD-103203,B2B-58025,333.8,3,13,0,47.97,0,0,0
ORD-103204,B2B-69737,298.94,7,7,0,59.89,3,0,0
ORD-103205,B2B-32334,496.63,3,13,0,55.83,0,0,0
ORD-103206,B2B-47208,563.28,3,14,0,67.39,2,0,0
ORD-103207,B2B-16020,32.56,3,14,0,53.28,2,0,0
ORD-103208,B2B-97825,371.6,3,8,0,47.74,1,0,1
ORD-103209,B2B-76481,188.56,3,7,0,53.53,1,0,0
ORD-103210,B2B-28109,53.68,7,11,0,45.62,1,0,0
ORD-103211,B2B-35323,248.47,3,10,0,62.67,-1,0,0
ORD-103212,B2B-33897,555.88,7,12,0,98.95,3,0,0
ORD-103213,B2B-73618,263.71,3,13,0,59.38,-3,0,0
ORD-103214,B2B-88506,379.24,3,14,0,76.45,0,0,0
ORD-103215,B2B-93209,214.25,3,10,1,71.22,-1,0,0
ORD-103216,B2B-84142,298.29,3,8,0,65.63,0,0,0
ORD-103217,B2B-15887,234.39,7,11,0,57.92,0,0,0
ORD-103218,B2B-33671,831.52,7,12,1,76.8,0,0,0
ORD-103219,B2B-99646,86.76,7,13,0,64.67,0,0,0
ORD-103220,B2B-80845,385.64,7,12,0,72.65,-3,0,0
ORD-103221,B2B-469,568.96,7,8,0,64.35,0,0,0
ORD-103222,B2B-41024,433.53,3,9,0,61.67,4,1,1
ORD-103223,B2B-44861,329.47,3,9,1,45.87,4,1,1
ORD-103224,B2B-36364,450.6,3,9,0,68.61,-1,0,0
ORD-103225,B2B-43536,599.85,3,11,0,83.01,0,0,0
ORD-103226,B2B-27599,705.12,3,11,1,83.66,-4,0,0
ORD-103227,B2B-91754,26.35,7,10,1,73.61,-2,0,0
ORD-103228,B2B-39082,287.99,3,12,0,64.36,-1,0,0
ORD-103229,B2B-37007,369.48,3,10,0,80.99,3,0,0
ORD-103230,B2B-68212,41.47,3,11,1,68.08,0,0,0
ORD-103231,B2B-28259,266.36,3,11,1,83.02,0,0,0
ORD-103232,B2B-18191,239.43,3,12,0,82.04,2,0,1
ORD-103233,B2B-96058,216.57,7,10,0,68.53,3,0,0
ORD-103234,B2B-10100,132.58,3,9,0,58.79,4,1,0
ORD-103235,B2B-96462,172.15,3,14,0,72.24,4,1,1
ORD-103236,B2B-70992,154.1,7,14,0,41.39,-2,0,0
ORD-103237,B2B-80380,545.83,3,13,0,63.02,2,0,0
ORD-103238,B2B-79786,588.46,7,8,0,78.61,3,0,0
ORD-103239,B2B-88555,560.64,3,8,0,74.96,2,0,0
ORD-103240,B2B-41706,65.65,7,11,0,48.31,0,0,0
ORD-103241,B2B-58412,543.27,7,12,0,86.63,-4,0,0
ORD-103242,B2B-19543,260.58,7,12,1,58.2,-4,0,0
ORD-103243,B2B-73618,263.71,3,7,1,65.19,0,0,0
ORD-103244,B2B-50991,152.72,3,11,0,62.76,-1,0,0
ORD-103245,B2B-93117,583.68,3,14,0,93.73,0,0,0
ORD-103246,B2B-35323,248.47,3,7,0,67.5,-1,0,0
ORD-103247,B2B-68135,706.94,7,8,1,77.93,-2,0,0
ORD-103248,B2B-18191,239.43,3,13,1,63.99,0,0,0
ORD-103249,B2B-83901,378.74,3,9,0,68.12,-8,0,0
ORD-103250,B2B-88385,238.32,3,8,0,65.64,-3,0,0
ORD-103251,B2B-41761,248.81,3,13,0,75.75,0,0,0
ORD-103252,B2B-72239,82.52,7,13,1,56.93,0,0,0
ORD-103253,B2B-99085,721.6,7,9,1,71.78,1,0,0
ORD-103254,B2B-53943,648.98,3,10,0,79.94,0,0,0
ORD-103255,B2B-52106,665.15,3,7,0,90.47,-1,0,0
ORD-103256,B2B-37132,667.08,7,10,1,77.41,0,0,0
ORD-103257,B2B-88750,232.31,7,7,0,60.64,0,0,0
ORD-103258,B2B-17750,179.54,3,7,0,64.89,-1,0,0
ORD-103259,B2B-22162,263.03,3,9,0,66.64,0,0,0
ORD-103260,B2B-24529,628.53,3,9,0,79.35,0,0,0
ORD-103261,B2B-16020,32.56,3,11,1,54.31,-1,0,0
ORD-103262,B2B-35688,329.31,7,12,0,73.39,-1,0,0
ORD-103263,B2B-50991,152.72,3,8,1,49.26,-1,0,0
ORD-103264,B2B-89419,495.82,7,9,1,61.64,1,0,0
ORD-103265,B2B-91091,651.18,3,10,0,87.18,0,0,0
ORD-103266,B2B-30703,215.86,3,13,0,57.51,0,0,0
ORD-103267,B2B-56564,188.33,7,8,0,59.21,-1,0,0
ORD-103268,B2B-89899,618.63,3,12,0,86.88,-1,0,0
ORD-103269,B2B-35806,167.05,3,7,0,65.0,1,0,0
ORD-103270,B2B-22033,271.03,7,7,1,44.06,3,0,1
ORD-103271,B2B-15993,270.48,3,7,0,54.57,-2,0,0
ORD-103272,B2B-81277,659.12,3,7,0,85.38,0,0,0
ORD-103273,B2B-20130,297.52,7,11,1,73.2,-2,0,0
ORD-103274,B2B-5218,370.92,3,7,0,75.01,3,0,1
ORD-103275,B2B-25910,151.59,3,13,0,59.25,1,0,0
ORD-103276,B2B-44861,329.47,3,8,0,71.72,0,0,0
ORD-103277,B2B-16876,560.95,3,7,0,68.3,0,0,0
ORD-103278,B2B-97179,566.59,3,14,0,74.59,-1,0,0
ORD-103279,B2B-39082,287.99,3,14,0,52.31,1,0,0
ORD-103280,B2B-28120,444.72,3,8,0,55.18,0,0,0
ORD-103281,B2B-1835,675.3,3,8,1,82.99,0,0,0
ORD-103282,B2B-30230,742.12,3,10,0,90.54,0,0,0
ORD-103283,B2B-26819,325.12,7,13,1,50.03,0,0,0
ORD-103284,B2B-75395,95.08,7,9,0,49.48,0,0,0
ORD-103285,B2B-91091,651.18,3,13,1,74.58,1,0,0
ORD-103286,B2B-48997,508.18,3,12,0,61.79,4,1,0
ORD-103287,B2B-88726,442.26,3,9,0,84.76,0,0,0
ORD-103288,B2B-21663,430.53,7,9,1,60.66,0,0,0
ORD-103289,B2B-38648,104.04,3,8,0,43.38,0,0,0
ORD-103290,B2B-20126,415.01,3,11,0,89.26,0,0,0
ORD-103291,B2B-46372,848.56,3,9,0,92.85,1,0,0
ORD-103292,B2B-47887,421.59,3,13,0,67.1,2,0,0
ORD-103293,B2B-18221,348.44,3,14,0,78.04,0,0,0
ORD-103294,B2B-29283,334.32,3,9,0,56.24,-2,0,0
ORD-103295,B2B-87571,271.95,3,14,1,51.75,-1,0,0
ORD-103296,B2B-17520,74.84,7,11,0,50.97,0,0,0
ORD-103297,B2B-26559,410.2,7,13,0,72.99,5,0,0
ORD-103298,B2B-83863,224.08,3,11,0,53.66,0,0,0
ORD-103299,B2B-35745,188.89,7,9,0,60.78,0,0,0
ORD-103300,B2B-52943,856.21,7,9,0,88.23,7,0,0
ORD-103301,B2B-41706,65.65,7,11,0,57.84,-1,0,0
ORD-103302,B2B-16615,353.55,3,12,0,63.8,-3,0,0
ORD-103303,B2B-35219,290.88,3,9,0,67.59,1,0,0
ORD-103304,B2B-23088,52.74,3,7,0,47.82,0,0,0
ORD-103305,B2B-17835,516.94,3,14,0,72.18,-2,0,0
ORD-103306,B2B-17520,74.84,7,9,0,55.45,3,0,0
ORD-103307,B2B-17520,74.84,7,10,0,26.56,2,0,0
ORD-103308,B2B-89458,169.02,7,14,0,59.5,0,0,0
ORD-103309,B2B-44951,832.42,3,12,0,95.22,-3,0,0
ORD-103310,B2B-12451,110.17,3,10,0,45.67,0,0,0
ORD-103311,B2B-5963,539.47,3,10,1,61.72,-2,0,0
ORD-103312,B2B-97179,566.59,3,14,0,76.6,0,0,0
ORD-103313,B2B-9412,353.19,3,7,1,81.36,2,0,1
ORD-103314,B2B-89291,355.57,3,14,0,66.99,0,0,0
ORD-103315,B2B-75641,39.25,3,13,1,63.12,-2,0,0
ORD-103316,B2B-69495,147.01,3,9,1,42.01,2,0,0
ORD-103317,B2B-31506,802.14,7,14,0,77.29,4,0,0
ORD-103318,B2B-77562,194.73,7,12,0,54.32,-2,0,0
ORD-103319,B2B-69665,585.98,3,9,1,81.83,0,0,0
ORD-103320,B2B-81277,659.12,3,11,1,84.93,0,0,0
ORD-103321,B2B-16876,560.95,3,7,0,90.16,-1,0,0
ORD-103322,B2B-88360,120.26,7,8,1,57.07,-4,0,0
ORD-103323,B2B-9933,318.11,7,7,1,69.65,0,0,0
ORD-103324,B2B-74692,309.02,3,7,0,53.63,1,0,0
ORD-103325,B2B-72219,428.71,7,9,0,78.59,0,0,0
ORD-103326,B2B-10603,792.16,3,10,1,101.96,2,0,0
ORD-103327,B2B-52689,643.13,3,12,0,83.25,0,0,0
ORD-103328,B2B-1575,313.76,3,13,0,57.25,0,0,0
ORD-103329,B2B-47887,421.59,3,14,0,83.33,0,0,0
ORD-103330,B2B-93209,214.25,3,7,0,65.48,2,0,1
ORD-103331,B2B-71874,624.67,3,12,0,99.7,3,0,0
ORD-103332,B2B-86465,662.66,7,10,0,74.8,-1,0,0
ORD-103333,B2B-11884,732.96,3,9,1,85.18,3,0,1
ORD-103334,B2B-72214,211.97,3,7,1,54.72,3,0,0
ORD-103335,B2B-80845,385.64,7,8,1,62.44,1,0,0
ORD-103336,B2B-41777,60.38,7,14,0,36.29,3,0,0
ORD-103337,B2B-71321,460.1,7,10,1,76.52,0,0,0
ORD-103338,B2B-29564,179.99,3,7,0,52.24,-1,0,0
ORD-103339,B2B-97276,198.51,3,9,0,56.54,0,0,0
ORD-103340,B2B-42934,637.56,3,11,0,75.65,-2,0,0
ORD-103341,B2B-1563,182.02,3,8,0,46.47,3,0,0
ORD-103342,B2B-93779,182.39,3,12,1,55.85,3,0,0
ORD-103343,B2B-15987,646.88,3,12,0,67.08,1,0,0
ORD-103344,B2B-42641,304.19,3,7,1,49.02,-1,0,0
ORD-103345,B2B-68135,706.94,7,8,1,75.02,1,0,0
ORD-103346,B2B-53943,648.98,3,7,1,71.87,0,0,0
ORD-103347,B2B-1835,675.3,3,12,0,73.34,5,2,0
ORD-103348,B2B-81277,659.12,3,13,0,78.66,2,0,1
ORD-103349,B2B-76363,555.75,7,11,0,89.9,0,0,0
ORD-103350,B2B-13363,167.98,3,13,1,74.45,-6,0,0
ORD-103351,B2B-13933,265.59,3,11,1,57.14,2,0,1
ORD-103352,B2B-77661,852.66,3,14,1,94.49,-3,0,0
ORD-103353,B2B-65614,319.56,3,13,0,83.37,3,0,0
ORD-103354,B2B-52585,496.03,7,10,0,56.05,2,0,0
ORD-103355,B2B-74684,548.73,3,7,0,71.95,-1,0,0
ORD-103356,B2B-81420,147.06,3,11,0,59.15,-1,0,0
ORD-103357,B2B-38826,536.49,7,11,0,81.72,0,0,0
ORD-103358,B2B-13363,167.98,3,13,1,75.44,1,0,0
ORD-103359,B2B-75594,237.46,3,14,0,65.02,1,0,0
ORD-103360,B2B-1575,313.76,3,11,1,75.84,-1,0,0
ORD-103361,B2B-99480,448.58,3,8,0,82.19,-1,0,0
ORD-103362,B2B-76983,167.27,7,8,0,52.64,1,0,0
ORD-103363,B2B-45159,438.13,3,11,1,83.53,1,0,0
ORD-103364,B2B-87928,293.15,3,14,0,68.08,-3,0,0
ORD-103365,B2B-90471,681.93,3,11,1,82.27,0,0,0
ORD-103366,B2B-11265,241.54,3,12,0,60.35,0,0,0
ORD-103367,B2B-25910,151.59,3,9,0,71.04,-2,0,0
ORD-103368,B2B-14370,314.39,7,10,0,76.78,2,0,0
ORD-103369,B2B-70994,301.53,7,13,0,74.19,-2,0,0
ORD-103370,B2B-70994,301.53,7,12,1,45.56,-3,0,0
ORD-103371,B2B-54346,648.51,7,8,1,93.55,-2,0,0
ORD-103372,B2B-10100,132.58,3,12,1,52.68,0,0,0
ORD-103373,B2B-41342,247.72,3,9,1,52.66,3,0,0
ORD-103374,B2B-54672,550.57,3,11,0,46.55,3,0,0
ORD-103375,B2B-23088,52.74,3,9,0,52.0,1,0,0
ORD-103376,B2B-73790,354.4,3,7,0,65.03,0,0,0
ORD-103377,B2B-17434,572.59,3,10,1,73.86,3,0,0
ORD-103378,B2B-57908,246.06,3,9,0,74.63,3,0,0
ORD-103379,B2B-93779,182.39,3,13,0,74.85,-2,0,0
ORD-103380,B2B-83353,532.96,3,7,0,83.74,0,0,0
ORD-103381,B2B-99085,721.6,7,9,0,82.39,0,0,0
ORD-103382,B2B-78955,132.63,3,12,0,57.97,0,0,0
ORD-103383,B2B-73752,578.14,7,12,0,85.53,2,0,0
ORD-103384,B2B-41910,191.25,3,13,0,56.39,-6,0,0
ORD-103385,B2B-16876,560.95,3,9,0,71.02,1,0,0
ORD-103386,B2B-70992,154.1,7,12,0,42.19,0,0,0
ORD-103387,B2B-88750,232.31,7,13,1,50.42,0,0,0
ORD-103388,B2B-77707,132.1,3,13,0,44.09,-1,0,0
ORD-103389,B2B-62940,79.42,3,10,0,38.67,-1,0,0
ORD-103390,B2B-68087,89.38,7,7,1,64.15,0,0,0
ORD-103391,B2B-42641,304.19,3,12,0,75.29,5,2,1
ORD-103392,B2B-73618,263.71,3,11,0,75.64,-4,0,0
ORD-103393,B2B-88968,928.28,7,7,0,106.19,1,0,0
ORD-103394,B2B-51530,257.73,3,8,1,73.25,2,0,0
ORD-103395,B2B-36134,79.29,7,11,1,60.52,-1,0,0
ORD-103396,B2B-44861,329.47,3,12,0,68.29,0,0,0
ORD-103397,B2B-95842,492.01,3,12,0,69.69,1,0,1
ORD-103398,B2B-74018,437.58,3,10,0,83.26,0,0,0
ORD-103399,B2B-42372,306.08,3,14,0,80.63,0,0,0
ORD-103400,B2B-1715,321.45,7,10,0,65.28,3,0,0
ORD-103401,B2B-83353,532.96,3,13,0,81.67,0,0,0
ORD-103402,B2B-2258,331.68,3,8,0,64.01,3,0,0
ORD-103403,B2B-69254,391.86,7,8,0,77.28,1,0,0
ORD-103404,B2B-93209,214.25,3,9,0,66.92,0,0,0
ORD-103405,B2B-21663,430.53,7,10,0,68.64,-2,0,0
ORD-103406,B2B-84098,156.59,7,7,1,52.09,-1,0,0
ORD-103407,B2B-469,568.96,7,13,0,77.92,4,0,1
ORD-103408,B2B-69672,117.85,7,7,1,63.98,0,0,0
ORD-103409,B2B-8713,254.25,3,7,0,82.33,-1,0,0
ORD-103410,B2B-88750,232.31,7,9,0,69.45,-1,0,0
ORD-103411,B2B-25749,212.64,7,13,0,66.44,1,0,0
ORD-103412,B2B-42934,637.56,3,9,0,81.99,5,2,1
ORD-103413,B2B-20421,718.6,3,9,1,88.31,-1,0,0
ORD-103414,B2B-41547,272.28,3,8,1,60.25,5,2,1
ORD-103415,B2B-39082,287.99,3,9,1,58.82,0,0,0
ORD-103416,B2B-83901,378.74,3,13,0,55.28,0,0,0
ORD-103417,B2B-46372,848.56,3,8,0,89.12,5,2,1
ORD-103418,B2B-57426,498.84,7,12,0,93.28,3,0,0
ORD-103419,B2B-44847,130.12,7,12,0,65.86,0,0,0
ORD-103420,B2B-72765,873.91,3,12,0,117.03,3,0,1
ORD-103421,B2B-40012,70.68,7,11,0,69.81,0,0,0
ORD-103422,B2B-19595,342.82,7,13,0,73.24,1,0,1
ORD-103423,B2B-3615,392.89,3,7,0,64.06,0,0,0
ORD-103424,B2B-64472,409.98,3,12,0,79.47,1,0,0
ORD-103425,B2B-41342,247.72,3,14,1,68.72,3,0,0
ORD-103426,B2B-99501,643.12,3,13,0,90.5,1,0,0
ORD-103427,B2B-83562,229.29,7,13,0,45.89,1,0,0
ORD-103428,B2B-21199,136.6,3,11,0,68.43,0,0,0
ORD-103429,B2B-41580,585.24,7,10,0,71.16,2,0,0
ORD-103430,B2B-20315,92.54,3,10,0,53.45,1,0,0
ORD-103431,B2B-16020,32.56,3,14,0,61.82,-1,0,0
ORD-103432,B2B-19543,260.58,7,8,0,77.67,0,0,0
ORD-103433,B2B-6404,732.93,3,7,0,76.13,2,0,0
ORD-103434,B2B-17175,699.29,3,13,0,73.81,-1,0,0
ORD-103435,B2B-41230,106.34,3,7,1,46.28,2,0,0
ORD-103436,B2B-89899,618.63,3,9,0,94.1,1,0,0
ORD-103437,B2B-2258,331.68,3,13,1,69.22,0,0,0
ORD-103438,B2B-70586,271.32,7,14,0,64.0,0,0,0
ORD-103439,B2B-52871,625.46,3,10,1,91.36,-3,0,0
ORD-103440,B2B-54945,251.33,7,7,0,66.82,-2,0,0
ORD-103441,B2B-73618,263.71,3,11,0,61.38,-2,0,0
ORD-103442,B2B-30703,215.86,3,10,1,77.69,-1,0,0
ORD-103443,B2B-824,210.68,7,10,0,51.7,0,0,0
ORD-103444,B2B-68467,288.51,3,14,0,57.58,0,0,0
ORD-103445,B2B-61154,527.14,3,8,1,87.29,1,0,0
ORD-103446,B2B-65412,368.85,3,7,1,61.4,0,0,0
ORD-103447,B2B-3524,100.69,3,12,0,59.78,-2,0,0
ORD-103448,B2B-16719,326.27,7,10,0,44.87,0,0,0
ORD-103449,B2B-91629,222.93,3,11,0,60.12,-4,0,0
ORD-103450,B2B-3443,221.32,3,10,0,46.4,3,0,1
ORD-103451,B2B-36874,580.4,3,8,0,66.66,0,0,0
ORD-103452,B2B-41329,225.17,7,8,0,56.81,3,0,0
ORD-103453,B2B-15993,270.48,3,11,1,58.52,1,0,0
ORD-103454,B2B-15987,646.88,3,11,0,80.11,0,0,0
ORD-103455,B2B-27599,705.12,3,11,0,89.77,-2,0,0
ORD-103456,B2B-49876,216.16,3,13,0,69.54,-5,0,0
ORD-103457,B2B-475,206.37,3,7,0,61.55,0,0,0
ORD-103458,B2B-40085,297.66,3,12,0,63.15,-1,0,0
ORD-103459,B2B-48337,217.85,3,11,0,71.05,1,0,0
ORD-103460,B2B-39734,599.79,3,9,0,81.36,0,0,0
ORD-103461,B2B-25537,634.04,7,12,0,83.24,6,0,0
ORD-103462,B2B-61154,527.14,3,8,0,79.43,0,0,0
ORD-103463,B2B-6754,533.44,3,14,1,86.72,0,0,0
ORD-103464,B2B-1530,38.68,3,8,1,48.51,0,0,0
ORD-103465,B2B-6404,732.93,3,9,1,91.37,1,0,0
ORD-103466,B2B-1715,321.45,7,12,1,60.28,-1,0,0
ORD-103467,B2B-6754,533.44,3,14,0,68.7,-1,0,0
ORD-103468,B2B-88998,653.07,3,7,0,70.86,3,0,1
ORD-103469,B2B-11521,26.15,3,12,0,58.49,2,0,0
ORD-103470,B2B-12451,110.17,3,13,1,53.79,0,0,0
ORD-103471,B2B-41869,608.63,7,14,0,75.76,3,0,0
ORD-103472,B2B-89291,355.57,3,7,0,61.77,0,0,0
ORD-103473,B2B-22162,263.03,3,8,1,58.85,0,0,0
ORD-103474,B2B-13933,265.59,3,11,1,74.34,-1,0,0
ORD-103475,B2B-19214,863.96,7,12,1,82.65,-6,0,0
ORD-103476,B2B-92368,113.13,3,11,0,79.88,-2,0,0
ORD-103477,B2B-57426,498.84,7,9,0,92.11,0,0,0
ORD-103478,B2B-16615,353.55,3,14,0,74.07,3,0,0
ORD-103479,B2B-73618,263.71,3,11,0,67.83,-3,0,0
ORD-103480,B2B-20126,415.01,3,11,1,68.4,1,0,0
ORD-103481,B2B-49876,216.16,3,12,0,42.99,0,0,0
ORD-103482,B2B-824,210.68,7,12,0,39.81,0,0,0
ORD-103483,B2B-70880,644.27,3,12,0,87.57,-1,0,0
ORD-103484,B2B-12689,125.28,7,10,1,76.53,-3,0,0
ORD-103485,B2B-99480,448.58,3,13,1,73.56,0,0,0
ORD-103486,B2B-47887,421.59,3,14,0,63.9,0,0,0
ORD-103487,B2B-85301,149.09,7,14,1,55.84,-2,0,0
ORD-103488,B2B-77702,154.37,7,9,0,61.47,0,0,0
ORD-103489,B2B-72219,428.71,7,7,0,72.51,3,0,0
ORD-103490,B2B-43536,599.85,3,14,0,80.69,-2,0,0
ORD-103491,B2B-33006,288.71,3,8,0,64.2,-1,0,0
ORD-103492,B2B-69254,391.86,7,13,0,65.49,3,0,1
ORD-103493,B2B-76032,668.56,3,9,0,85.23,-1,0,0
ORD-103494,B2B-43323,593.06,7,9,1,107.99,-1,0,0
ORD-103495,B2B-41706,65.65,7,10,0,46.64,0,0,0
ORD-103496,B2B-23088,52.74,3,7,0,44.95,1,0,0
ORD-103497,B2B-26819,325.12,7,14,0,78.85,1,0,0
ORD-103498,B2B-28109,53.68,7,13,1,68.06,-1,0,0
ORD-103499,B2B-13926,662.59,3,9,1,93.74,4,1,1
ORD-103500,B2B-99069,505.28,3,10,0,80.24,0,0,0
ORD-103501,B2B-22033,271.03,7,11,0,78.88,0,0,0
ORD-103502,B2B-75299,418.34,3,9,1,56.4,-2,0,0
ORD-103503,B2B-25226,147.8,3,9,0,28.3,3,0,0
ORD-103504,B2B-2979,367.89,3,7,0,55.62,2,0,0
ORD-103505,B2B-27599,705.12,3,7,0,89.2,1,0,0
ORD-103506,B2B-17434,572.59,3,14,0,94.67,2,0,0
ORD-103507,B2B-41580,585.24,7,11,0,63.56,-1,0,0
ORD-103508,B2B-69678,207.28,3,10,0,82.2,1,0,0
ORD-103509,B2B-17835,516.94,3,13,0,89.55,2,0,0
ORD-103510,B2B-73752,578.14,7,12,1,75.48,2,0,0
ORD-103511,B2B-99156,196.4,3,11,0,72.78,0,0,0
ORD-103512,B2B-51091,632.83,3,14,0,88.78,-5,0,0
ORD-103513,B2B-6337,362.09,7,14,0,63.78,0,0,0
ORD-103514,B2B-76363,555.75,7,14,1,72.56,-4,0,0
ORD-103515,B2B-89921,329.39,7,10,0,48.77,0,0,0
ORD-103516,B2B-52689,643.13,3,8,0,77.04,0,0,0
ORD-103517,B2B-70992,154.1,7,12,0,61.65,0,0,0
ORD-103518,B2B-52689,643.13,3,10,1,69.78,2,0,0
ORD-103519,B2B-2144,421.59,7,8,0,73.97,4,0,0
ORD-103520,B2B-20130,297.52,7,13,1,63.82,0,0,0
ORD-103521,B2B-3524,100.69,3,7,1,36.82,1,0,0
ORD-103522,B2B-79786,588.46,7,13,0,78.38,0,0,0
ORD-103523,B2B-41342,247.72,3,9,1,51.4,0,0,0
ORD-103524,B2B-21199,136.6,3,9,0,68.72,1,0,1
ORD-103525,B2B-1575,313.76,3,11,1,61.93,-1,0,0
ORD-103526,B2B-76411,806.71,3,14,0,77.99,1,0,0
ORD-103527,B2B-55930,264.74,3,7,1,64.69,2,0,0
ORD-103528,B2B-17624,231.66,3,7,0,86.82,-3,0,0
ORD-103529,B2B-74695,672.08,3,10,1,77.47,0,0,0
ORD-103530,B2B-14570,633.84,3,11,1,86.55,-4,0,0
ORD-103531,B2B-69860,629.23,3,14,0,65.68,3,0,0
ORD-103532,B2B-46372,848.56,3,14,0,84.94,-3,0,0
ORD-103533,B2B-28602,223.1,3,14,0,72.27,0,0,0
ORD-103534,B2B-52689,643.13,3,13,0,72.98,1,0,0
ORD-103535,B2B-52871,625.46,3,13,1,78.34,2,0,0
ORD-103536,B2B-1835,675.3,3,14,1,97.02,0,0,0
ORD-103537,B2B-19214,863.96,7,9,0,70.35,-3,0,0
ORD-103538,B2B-5625,674.77,3,9,0,77.47,-1,0,0
ORD-103539,B2B-48997,508.18,3,14,0,90.12,-5,0,0
ORD-103540,B2B-23833,421.56,3,14,0,74.76,6,3,1
ORD-103541,B2B-71321,460.1,7,11,0,69.03,0,0,0
ORD-103542,B2B-99547,179.33,3,12,1,56.45,0,0,0
ORD-103543,B2B-28602,223.1,3,9,1,40.18,-1,0,0
ORD-103544,B2B-19407,308.14,3,13,0,35.74,3,0,1
ORD-103545,B2B-13926,662.59,3,7,1,92.16,-1,0,0
ORD-103546,B2B-11884,732.96,3,7,0,86.0,4,1,1
ORD-103547,B2B-50991,152.72,3,9,0,78.67,-3,0,0
ORD-103548,B2B-18221,348.44,3,10,1,84.21,0,0,0
ORD-103549,B2B-54945,251.33,7,9,0,70.39,0,0,0
ORD-103550,B2B-45405,705.59,7,10,1,96.2,4,0,0
ORD-103551,B2B-86225,237.6,3,13,1,70.03,0,0,0
ORD-103552,B2B-65412,368.85,3,14,0,62.16,4,1,1
ORD-103553,B2B-21663,430.53,7,11,0,76.37,-4,0,0
ORD-103554,B2B-10240,327.65,7,14,0,49.55,0,0,0
ORD-103555,B2B-48439,187.34,3,13,1,44.79,1,0,1
ORD-103556,B2B-30703,215.86,3,10,0,52.79,-4,0,0
ORD-103557,B2B-53868,40.78,3,14,1,54.83,-4,0,0
ORD-103558,B2B-52943,856.21,7,10,1,83.23,-2,0,0
ORD-103559,B2B-99501,643.12,3,12,0,71.1,0,0,0
ORD-103560,B2B-99156,196.4,3,12,1,64.89,2,0,1
ORD-103561,B2B-27599,705.12,3,8,1,86.1,4,1,0
ORD-103562,B2B-824,210.68,7,10,1,78.16,-1,0,0
ORD-103563,B2B-916,189.92,3,13,0,64.84,-1,0,0
ORD-103564,B2B-19407,308.14,3,9,0,53.08,-1,0,0
ORD-103565,B2B-12858,294.08,7,13,0,68.28,3,0,0
ORD-103566,B2B-67196,206.28,7,11,0,75.81,-3,0,0
ORD-103567,B2B-41329,225.17,7,7,0,69.71,2,0,0
ORD-103568,B2B-24203,156.46,3,14,0,56.84,2,0,0
ORD-103569,B2B-38648,104.04,3,11,0,72.3,1,0,0
ORD-103570,B2B-79534,248.84,3,7,0,45.73,1,0,0
ORD-103571,B2B-41230,106.34,3,11,0,64.38,2,0,0
ORD-103572,B2B-5218,370.92,3,14,0,85.99,-1,0,0
ORD-103573,B2B-67047,131.63,3,13,0,53.15,-2,0,0
ORD-103574,B2B-26239,453.36,3,8,1,65.71,4,1,1
ORD-103575,B2B-52072,696.94,7,14,0,85.49,0,0,0
ORD-103576,B2B-28688,477.49,3,12,0,89.18,2,0,0
ORD-103577,B2B-75641,39.25,3,7,0,50.07,0,0,0
ORD-103578,B2B-74018,437.58,3,14,1,71.75,-1,0,0
ORD-103579,B2B-84098,156.59,7,14,1,51.26,-1,0,0
ORD-103580,B2B-70116,289.27,7,7,0,65.62,-1,0,0
ORD-103581,B2B-6337,362.09,7,7,0,51.72,-2,0,0
ORD-103582,B2B-68087,89.38,7,11,0,61.87,0,0,0
ORD-103583,B2B-25537,634.04,7,11,1,76.34,-2,0,0
ORD-103584,B2B-28109,53.68,7,14,0,56.22,-3,0,0
ORD-103585,B2B-41869,608.63,7,10,0,78.3,1,0,0
ORD-103586,B2B-41777,60.38,7,8,0,60.83,-1,0,0
ORD-103587,B2B-4952,366.81,3,14,0,47.96,0,0,0
ORD-103588,B2B-16719,326.27,7,14,0,84.6,4,0,0
ORD-103589,B2B-90320,519.08,7,14,0,60.45,1,0,0
ORD-103590,B2B-90351,64.85,7,12,0,45.75,-1,0,0
ORD-103591,B2B-84085,454.16,3,9,0,61.88,0,0,0
ORD-103592,B2B-55930,264.74,3,12,0,61.14,-1,0,0
ORD-103593,B2B-79642,606.95,3,8,0,85.02,2,0,0
ORD-103594,B2B-4182,385.92,3,14,0,85.38,0,0,0
ORD-103595,B2B-57908,246.06,3,14,0,53.88,0,0,0
ORD-103596,B2B-28120,444.72,3,10,1,50.94,-3,0,0
ORD-103597,B2B-14626,632.92,3,10,1,83.96,-2,0,0
ORD-103598,B2B-93209,214.25,3,11,0,43.48,2,0,0
ORD-103599,B2B-7824,603.55,3,13,1,95.23,-3,0,0
ORD-103600,B2B-24194,142.61,7,10,0,60.33,1,0,0
ORD-103601,B2B-43536,599.85,3,14,0,74.48,4,1,1
ORD-103602,B2B-17434,572.59,3,9,0,61.23,-1,0,0
ORD-103603,B2B-6492,348.96,3,10,0,67.79,0,0,0
ORD-103604,B2B-17520,74.84,7,14,0,75.79,3,0,0
ORD-103605,B2B-28602,223.1,3,11,0,69.85,2,0,1
ORD-103606,B2B-532,57.73,7,12,0,46.47,2,0,0
ORD-103607,B2B-25226,147.8,3,7,0,64.43,1,0,0
ORD-103608,B2B-21723,128.61,7,14,0,60.94,-3,0,0
ORD-103609,B2B-76411,806.71,3,7,0,102.71,2,0,0
ORD-103610,B2B-17449,275.78,7,8,1,60.52,0,0,0
ORD-103611,B2B-68218,117.02,3,13,1,55.83,3,0,0
ORD-103612,B2B-35806,167.05,3,10,0,50.07,-1,0,0
ORD-103613,B2B-73790,354.4,3,12,1,67.91,-3,0,0
ORD-103614,B2B-81277,659.12,3,9,0,82.01,3,0,0
ORD-103615,B2B-38826,536.49,7,14,0,77.87,5,0,0
ORD-103616,B2B-14370,314.39,7,7,1,74.97,-2,0,0
ORD-103617,B2B-75299,418.34,3,13,0,69.83,0,0,0
ORD-103618,B2B-72219,428.71,7,10,0,78.42,0,0,0
ORD-103619,B2B-76456,487.84,3,10,0,72.26,-5,0,0
ORD-103620,B2B-14205,93.91,7,11,0,62.05,0,0,0
ORD-103621,B2B-88968,928.28,7,12,1,73.16,0,0,0
ORD-103622,B2B-24971,288.01,3,7,0,40.29,2,0,0
ORD-103623,B2B-69254,391.86,7,9,0,59.44,1,0,0
ORD-103624,B2B-89062,129.41,7,9,0,58.99,-2,0,0
ORD-103625,B2B-89419,495.82,7,13,0,52.55,0,0,0
ORD-103626,B2B-70408,324.91,3,10,0,66.7,0,0,0
ORD-103627,B2B-31938,430.15,3,9,0,69.57,4,1,1
ORD-103628,B2B-69678,207.28,3,14,0,67.77,-2,0,0
ORD-103629,B2B-89419,495.82,7,8,1,71.74,0,0,0
ORD-103630,B2B-77562,194.73,7,14,1,63.03,-2,0,0
ORD-103631,B2B-63735,225.01,3,13,0,62.05,0,0,0
ORD-103632,B2B-5625,674.77,3,8,0,84.04,-1,0,0
ORD-103633,B2B-88750,232.31,7,8,1,54.47,0,0,0
ORD-103634,B2B-824,210.68,7,7,0,54.55,-5,0,0
ORD-103635,B2B-88726,442.26,3,12,0,69.64,0,0,0
ORD-103636,B2B-41230,106.34,3,10,0,45.04,0,0,0
ORD-103637,B2B-74684,548.73,3,8,0,65.01,2,0,0
ORD-103638,B2B-80845,385.64,7,8,1,52.59,4,0,0
ORD-103639,B2B-57908,246.06,3,9,1,44.23,1,0,0
ORD-103640,B2B-26819,325.12,7,13,0,61.7,0,0,0
ORD-103641,B2B-20143,477.8,3,11,0,60.74,1,0,0
ORD-103642,B2B-9928,85.7,3,8,1,37.41,3,0,0
ORD-103643,B2B-29323,274.14,3,9,0,72.12,2,0,0
ORD-103644,B2B-84142,298.29,3,10,0,74.69,1,0,0
ORD-103645,B2B-70465,465.9,3,8,0,67.18,0,0,0
ORD-103646,B2B-45405,705.59,7,8,0,79.86,0,0,0
ORD-103647,B2B-13926,662.59,3,12,1,74.81,-1,0,0
ORD-103648,B2B-9412,353.19,3,8,1,66.65,3,0,0
ORD-103649,B2B-13005,364.43,3,14,0,70.83,0,0,0
ORD-103650,B2B-51284,206.47,3,13,0,51.07,-1,0,0
ORD-103651,B2B-8853,432.38,7,8,0,88.21,-1,0,0
ORD-103652,B2B-20421,718.6,3,14,1,79.46,1,0,0
ORD-103653,B2B-18191,239.43,3,8,0,62.41,4,1,1
ORD-103654,B2B-20130,297.52,7,7,0,71.02,-3,0,0
ORD-103655,B2B-80845,385.64,7,11,0,43.76,3,0,1
ORD-103656,B2B-54070,415.03,3,14,0,70.11,-4,0,0
ORD-103657,B2B-39279,220.21,7,9,0,64.98,3,0,1
ORD-103658,B2B-71321,460.1,7,13,1,68.4,1,0,0
ORD-103659,B2B-40085,297.66,3,14,0,65.26,0,0,0
ORD-103660,B2B-23088,52.74,3,9,0,34.22,0,0,0
ORD-103661,B2B-10589,206.53,7,14,1,75.77,0,0,0
ORD-103662,B2B-84961,445.61,7,7,0,90.31,-1,0,0
ORD-103663,B2B-14570,633.84,3,8,0,67.19,1,0,0
ORD-103664,B2B-11884,732.96,3,11,0,82.88,0,0,0
ORD-103665,B2B-77707,132.1,3,13,0,42.85,-1,0,0
ORD-103666,B2B-79642,606.95,3,14,1,87.04,6,3,1
ORD-103667,B2B-75357,507.79,3,8,0,72.54,-2,0,0
ORD-103668,B2B-41178,124.26,3,10,1,51.85,2,0,0
ORD-103669,B2B-33897,555.88,7,9,1,86.69,0,0,0
ORD-103670,B2B-69093,464.74,3,7,0,66.27,0,0,0
ORD-103671,B2B-75594,237.46,3,14,0,47.36,0,0,0
ORD-103672,B2B-3948,668.85,3,10,0,78.73,3,0,0
ORD-103673,B2B-48439,187.34,3,13,1,47.56,1,0,0
ORD-103674,B2B-97179,566.59,3,10,0,77.46,-2,0,0
ORD-103675,B2B-17740,162.38,3,9,0,39.33,2,0,0
ORD-103676,B2B-6903,112.24,3,14,1,81.47,-3,0,0
ORD-103677,B2B-86270,535.47,3,13,1,72.7,0,0,0
ORD-103678,B2B-99069,505.28,3,7,0,68.82,2,0,0
ORD-103679,B2B-11848,509.37,3,10,0,70.26,0,0,0
ORD-103680,B2B-17434,572.59,3,11,0,91.41,2,0,1
ORD-103681,B2B-69495,147.01,3,8,0,62.64,-1,0,0
ORD-103682,B2B-83416,207.08,3,8,1,71.98,3,0,0
ORD-103683,B2B-54945,251.33,7,10,0,87.05,-2,0,0
ORD-103684,B2B-88385,238.32,3,7,0,56.19,-1,0,0
ORD-103685,B2B-84982,168.92,3,9,0,57.66,0,0,0
ORD-103686,B2B-35688,329.31,7,10,1,79.12,-3,0,0
ORD-103687,B2B-37132,667.08,7,8,0,59.99,0,0,0
ORD-103688,B2B-35323,248.47,3,8,0,75.96,-2,0,0
ORD-103689,B2B-87571,271.95,3,11,0,71.7,0,0,0
ORD-103690,B2B-36952,659.01,7,12,0,93.64,3,0,0
ORD-103691,B2B-760,248.77,3,14,0,57.81,2,0,0
ORD-103692,B2B-56126,432.51,3,7,0,83.63,-2,0,0
ORD-103693,B2B-81896,219.03,3,10,0,63.35,0,0,0
ORD-103694,B2B-75299,418.34,3,13,0,69.71,-3,0,0
ORD-103695,B2B-21323,105.37,3,11,0,57.46,-1,0,0
ORD-103696,B2B-9376,81.95,3,14,0,59.1,-1,0,0
ORD-103697,B2B-83863,224.08,3,8,0,57.83,1,0,1
ORD-103698,B2B-15993,270.48,3,7,0,55.65,2,0,0
ORD-103699,B2B-1715,321.45,7,10,0,74.17,2,0,0
ORD-103700,B2B-93779,182.39,3,10,1,62.59,0,0,0
ORD-103701,B2B-27189,532.44,3,10,1,81.17,-2,0,0
ORD-103702,B2B-56560,103.28,3,8,0,54.98,-1,0,0
ORD-103703,B2B-72918,181.99,3,11,0,66.36,3,0,1
ORD-103704,B2B-35219,290.88,3,8,0,47.24,0,0,0
ORD-103705,B2B-16719,326.27,7,13,0,81.9,-1,0,0
ORD-103706,B2B-49044,662.08,7,10,1,94.5,0,0,0
ORD-103707,B2B-13005,364.43,3,8,0,55.12,1,0,0
ORD-103708,B2B-17624,231.66,3,8,0,59.83,5,2,1
ORD-103709,B2B-6337,362.09,7,14,1,62.09,3,0,0
ORD-103710,B2B-86006,700.53,3,10,0,92.05,0,0,0
ORD-103711,B2B-75395,95.08,7,13,0,65.88,0,0,0
ORD-103712,B2B-72239,82.52,7,9,1,50.24,-2,0,0
ORD-103713,B2B-50991,152.72,3,14,1,77.81,0,0,0
ORD-103714,B2B-64472,409.98,3,14,0,74.93,2,0,0
ORD-103715,B2B-28602,223.1,3,8,0,66.18,0,0,0
ORD-103716,B2B-84961,445.61,7,7,0,79.2,-2,0,0
ORD-103717,B2B-86819,531.68,3,12,0,75.79,3,0,1
ORD-103718,B2B-81277,659.12,3,7,0,91.48,0,0,0
ORD-103719,B2B-57541,338.12,3,8,0,74.77,0,0,0
ORD-103720,B2B-35219,290.88,3,8,1,78.6,0,0,0
ORD-103721,B2B-55272,344.57,7,9,0,70.92,-2,0,0
ORD-103722,B2B-916,189.92,3,12,1,50.5,2,0,0
ORD-103723,B2B-54672,550.57,3,9,1,66.44,-2,0,0
ORD-103724,B2B-52522,313.94,3,13,0,67.18,2,0,0
ORD-103725,B2B-79642,606.95,3,12,0,88.49,3,0,0
ORD-103726,B2B-70408,324.91,3,13,1,41.31,0,0,0
ORD-103727,B2B-13363,167.98,3,14,1,47.16,2,0,0
ORD-103728,B2B-47208,563.28,3,12,0,79.79,1,0,0
ORD-103729,B2B-70481,569.0,7,9,1,80.15,-1,0,0
ORD-103730,B2B-87928,293.15,3,8,0,49.7,2,0,0
ORD-103731,B2B-12689,125.28,7,12,0,62.89,3,0,0
ORD-103732,B2B-85301,149.09,7,14,1,45.17,0,0,0
ORD-103733,B2B-92314,119.55,3,11,0,50.55,-4,0,0
ORD-103734,B2B-28120,444.72,3,9,0,53.97,-1,0,0
ORD-103735,B2B-24529,628.53,3,9,0,85.27,-3,0,0
ORD-103736,B2B-38648,104.04,3,8,0,55.24,-2,0,0
ORD-103737,B2B-11848,509.37,3,8,0,94.69,1,0,0
ORD-103738,B2B-26477,267.63,3,14,0,74.71,0,0,0
ORD-103739,B2B-14370,314.39,7,7,0,76.45,1,0,0
ORD-103740,B2B-30067,209.94,7,13,0,67.87,3,0,0
ORD-103741,B2B-53585,277.3,7,11,0,65.6,-1,0,0
ORD-103742,B2B-37132,667.08,7,7,1,79.8,1,0,0
ORD-103743,B2B-29165,23.01,3,10,0,55.97,-2,0,0
ORD-103744,B2B-46396,251.37,7,13,0,72.2,2,0,0
ORD-103745,B2B-68135,706.94,7,13,0,74.47,4,0,0
ORD-103746,B2B-15563,559.64,7,11,1,64.52,1,0,0
ORD-103747,B2B-88226,836.71,3,12,0,87.5,4,1,1
ORD-103748,B2B-16506,422.23,3,11,1,85.33,-2,0,0
ORD-103749,B2B-76411,806.71,3,12,0,94.79,3,0,0
ORD-103750,B2B-33006,288.71,3,10,0,41.09,0,0,0
ORD-103751,B2B-99784,213.77,3,12,0,53.46,2,0,0
ORD-103752,B2B-89458,169.02,7,13,0,76.01,0,0,0
ORD-103753,B2B-29564,179.99,3,10,0,53.48,0,0,0
ORD-103754,B2B-10589,206.53,7,11,1,72.22,0,0,0
ORD-103755,B2B-41342,247.72,3,11,1,71.59,1,0,0
ORD-103756,B2B-45330,371.39,3,10,0,68.88,-1,0,0
ORD-103757,B2B-16719,326.27,7,14,1,63.65,1,0,0
ORD-103758,B2B-10589,206.53,7,11,0,81.27,1,0,0
ORD-103759,B2B-77707,132.1,3,8,0,49.51,-3,0,0
ORD-103760,B2B-76411,806.71,3,10,0,98.86,3,0,0
ORD-103761,B2B-13496,404.5,3,7,0,77.36,-2,0,0
ORD-103762,B2B-44861,329.47,3,14,1,80.35,0,0,0
ORD-103763,B2B-68087,89.38,7,7,0,48.95,2,0,0
ORD-103764,B2B-17520,74.84,7,7,1,62.71,0,0,0
ORD-103765,B2B-29323,274.14,3,8,1,70.0,-1,0,0
ORD-103766,B2B-93833,418.51,3,10,1,55.12,0,0,0
ORD-103767,B2B-97673,665.56,3,13,0,71.39,0,0,0
ORD-103768,B2B-74692,309.02,3,13,0,67.33,2,0,0
ORD-103769,B2B-21541,112.75,3,11,0,43.59,0,0,0
ORD-103770,B2B-9589,646.64,3,9,0,88.37,3,0,1
ORD-103771,B2B-16966,232.76,3,8,0,67.71,0,0,0
ORD-103772,B2B-3029,244.75,3,8,0,63.51,-2,0,0
ORD-103773,B2B-87928,293.15,3,7,1,51.62,0,0,0
ORD-103774,B2B-38648,104.04,3,8,0,53.07,0,0,0
ORD-103775,B2B-89921,329.39,7,12,1,79.17,2,0,0
ORD-103776,B2B-65614,319.56,3,9,1,62.03,-1,0,0
ORD-103777,B2B-8713,254.25,3,8,0,69.15,-1,0,0
ORD-103778,B2B-76456,487.84,3,9,0,78.74,0,0,0
ORD-103779,B2B-9928,85.7,3,14,1,47.48,-1,0,0
ORD-103780,B2B-72630,54.03,3,8,0,64.31,2,0,0
ORD-103781,B2B-3443,221.32,3,10,1,65.48,3,0,0
ORD-103782,B2B-40012,70.68,7,12,0,50.05,1,0,0
ORD-103783,B2B-65084,218.58,7,10,0,65.1,4,0,0
ORD-103784,B2B-57541,338.12,3,8,1,49.76,-4,0,0
ORD-103785,B2B-10589,206.53,7,8,0,68.56,1,0,0
ORD-103786,B2B-16020,32.56,3,14,0,35.64,2,0,0
ORD-103787,B2B-77067,322.91,7,9,0,41.84,-2,0,0
ORD-103788,B2B-6404,732.93,3,9,0,103.59,-1,0,0
ORD-103789,B2B-8641,141.06,3,10,1,58.48,-1,0,0
ORD-103790,B2B-74340,697.85,7,7,0,101.08,0,0,0
ORD-103791,B2B-19407,308.14,3,10,0,71.13,0,0,0
ORD-103792,B2B-90351,64.85,7,7,0,58.31,0,0,0
ORD-103793,B2B-70283,878.87,3,7,1,101.63,-1,0,0
ORD-103794,B2B-33671,831.52,7,12,1,77.08,-1,0,0
ORD-103795,B2B-56126,432.51,3,10,0,58.07,-1,0,0
ORD-103796,B2B-1245,612.32,3,7,1,70.68,0,0,0
ORD-103797,B2B-77562,194.73,7,7,1,65.41,2,0,0
ORD-103798,B2B-99646,86.76,7,14,0,50.7,0,0,0
ORD-103799,B2B-55596,37.19,3,8,1,61.54,3,0,0
ORD-103800,B2B-93833,418.51,3,12,0,80.29,-1,0,0
ORD-103801,B2B-89458,169.02,7,12,0,64.29,0,0,0
ORD-103802,B2B-19407,308.14,3,14,0,73.19,2,0,1
ORD-103803,B2B-41230,106.34,3,11,0,53.36,0,0,0
ORD-103804,B2B-41024,433.53,3,9,0,58.89,2,0,1
ORD-103805,B2B-52689,643.13,3,9,0,96.68,5,2,1
ORD-103806,B2B-77562,194.73,7,9,0,60.01,0,0,0
ORD-103807,B2B-51284,206.47,3,9,0,62.39,0,0,0
ORD-103808,B2B-52106,665.15,3,13,0,82.59,2,0,0
ORD-103809,B2B-72765,873.91,3,7,1,93.07,3,0,0
ORD-103810,B2B-71281,295.12,3,7,0,90.11,1,0,0
ORD-103811,B2B-92368,113.13,3,11,1,60.46,-2,0,0
ORD-103812,B2B-70465,465.9,3,8,0,83.52,3,0,0
ORD-103813,B2B-53868,40.78,3,7,1,62.33,0,0,0
ORD-103814,B2B-69678,207.28,3,7,0,52.17,2,0,1
ORD-103815,B2B-89892,259.72,3,13,0,57.44,0,0,0
ORD-103816,B2B-50609,160.69,7,8,0,42.59,-2,0,0
ORD-103817,B2B-50609,160.69,7,7,1,77.37,3,0,0
ORD-103818,B2B-61154,527.14,3,8,0,71.34,-2,0,0
ORD-103819,B2B-76456,487.84,3,10,0,86.15,3,0,1
ORD-103820,B2B-58097,527.36,3,11,0,74.16,1,0,0
ORD-103821,B2B-89921,329.39,7,8,0,65.91,0,0,0
ORD-103822,B2B-40702,229.26,7,10,1,72.49,3,0,0
ORD-103823,B2B-45330,371.39,3,12,1,88.97,-1,0,0
ORD-103824,B2B-16876,560.95,3,14,0,91.33,-2,0,0
ORD-103825,B2B-15987,646.88,3,14,0,92.75,4,1,1
ORD-103826,B2B-56992,164.68,3,13,1,51.66,4,1,1
ORD-103827,B2B-475,206.37,3,11,0,59.39,-1,0,0
ORD-103828,B2B-17835,516.94,3,13,1,82.64,0,0,0
ORD-103829,B2B-15534,688.04,3,8,1,69.31,1,0,0
ORD-103830,B2B-95375,62.32,3,14,0,53.44,-2,0,0
ORD-103831,B2B-88555,560.64,3,8,0,92.9,-1,0,0
ORD-103832,B2B-2773,223.95,3,10,1,54.71,2,0,0
ORD-103833,B2B-10100,132.58,3,8,0,53.15,1,0,0
ORD-103834,B2B-40535,625.16,3,13,1,79.73,1,0,1
ORD-103835,B2B-71321,460.1,7,14,1,59.86,1,0,0
ORD-103836,B2B-66471,457.4,3,13,1,80.96,-2,0,0
ORD-103837,B2B-84058,322.72,3,11,0,70.42,3,0,1
ORD-103838,B2B-72219,428.71,7,12,0,62.21,0,0,0
ORD-103839,B2B-88750,232.31,7,10,1,74.28,-1,0,0
ORD-103840,B2B-69665,585.98,3,10,1,84.38,1,0,0
ORD-103841,B2B-10603,792.16,3,8,1,87.43,3,0,0
ORD-103842,B2B-52689,643.13,3,9,0,70.21,0,0,0
ORD-103843,B2B-53047,465.29,3,12,1,78.19,1,0,1
ORD-103844,B2B-91629,222.93,3,10,0,66.75,-1,0,0
ORD-103845,B2B-41342,247.72,3,11,0,73.71,0,0,0
ORD-103846,B2B-68467,288.51,3,14,0,67.67,1,0,0
ORD-103847,B2B-84692,682.93,3,9,0,62.55,0,0,0
ORD-103848,B2B-49876,216.16,3,9,0,52.51,5,2,0
ORD-103849,B2B-14570,633.84,3,13,1,95.33,7,4,1
ORD-103850,B2B-63735,225.01,3,8,0,55.78,-3,0,0
ORD-103851,B2B-67244,698.62,3,10,0,83.08,2,0,1
ORD-103852,B2B-97922,843.37,7,8,1,89.32,5,0,1
ORD-103853,B2B-93779,182.39,3,10,1,59.2,-1,0,0
ORD-103854,B2B-1530,38.68,3,12,0,50.41,-2,0,0
ORD-103855,B2B-93833,418.51,3,8,0,53.22,-1,0,0
ORD-103856,B2B-71281,295.12,3,8,0,50.17,3,0,0
ORD-103857,B2B-16185,106.42,3,7,0,67.73,0,0,0
ORD-103858,B2B-21323,105.37,3,9,0,42.15,-1,0,0
ORD-103859,B2B-9272,404.59,3,11,0,67.87,-2,0,0
ORD-103860,B2B-81277,659.12,3,11,1,63.58,2,0,0
ORD-103861,B2B-68218,117.02,3,12,0,54.86,3,0,1
ORD-103862,B2B-97179,566.59,3,14,0,76.37,-2,0,0
ORD-103863,B2B-6754,533.44,3,14,0,73.43,-2,0,0
ORD-103864,B2B-3524,100.69,3,8,0,40.54,3,0,0
ORD-103865,B2B-77482,132.64,7,8,0,63.36,-2,0,0
ORD-103866,B2B-43536,599.85,3,7,0,85.85,0,0,0
ORD-103867,B2B-82260,634.11,7,10,0,63.88,3,0,0
ORD-103868,B2B-35323,248.47,3,9,0,58.06,0,0,0
ORD-103869,B2B-93117,583.68,3,11,1,93.89,4,1,0
ORD-103870,B2B-10240,327.65,7,11,0,49.93,-1,0,0
ORD-103871,B2B-39279,220.21,7,13,0,50.92,-2,0,0
ORD-103872,B2B-97673,665.56,3,8,1,82.61,0,0,0
ORD-103873,B2B-56126,432.51,3,8,1,51.68,3,0,1
ORD-103874,B2B-70481,569.0,7,9,0,89.5,2,0,0
ORD-103875,B2B-51284,206.47,3,11,1,54.4,0,0,0
ORD-103876,B2B-62940,79.42,3,12,0,46.91,0,0,0
ORD-103877,B2B-1563,182.02,3,7,0,75.83,-1,0,0
ORD-103878,B2B-9412,353.19,3,12,0,52.94,0,0,0
ORD-103879,B2B-6337,362.09,7,13,1,57.03,-1,0,0
ORD-103880,B2B-37007,369.48,3,9,1,53.77,1,0,0
ORD-103881,B2B-93002,216.77,3,14,1,56.47,0,0,0
ORD-103882,B2B-55267,417.67,3,11,1,59.04,-2,0,0
ORD-103883,B2B-46368,226.22,7,12,1,64.78,2,0,0
ORD-103884,B2B-4952,366.81,3,11,1,84.21,1,0,0
ORD-103885,B2B-89062,129.41,7,13,0,47.13,1,0,0
ORD-103886,B2B-90351,64.85,7,12,0,53.63,-1,0,0
ORD-103887,B2B-33897,555.88,7,8,1,69.58,1,0,0
ORD-103888,B2B-19595,342.82,7,9,1,71.73,1,0,0
ORD-103889,B2B-41342,247.72,3,7,0,79.98,0,0,0
ORD-103890,B2B-80015,168.28,3,11,0,68.94,-1,0,0
ORD-103891,B2B-80168,467.72,3,7,1,83.39,4,1,0
ORD-103892,B2B-53585,277.3,7,11,0,52.67,-5,0,0
ORD-103893,B2B-97673,665.56,3,11,0,94.3,1,0,0
ORD-103894,B2B-54070,415.03,3,13,1,51.53,3,0,0
ORD-103895,B2B-27189,532.44,3,7,0,89.12,4,1,1
ORD-103896,B2B-74836,437.22,3,12,0,64.91,0,0,0
ORD-103897,B2B-15887,234.39,7,12,0,59.73,2,0,1
ORD-103898,B2B-80380,545.83,3,7,0,68.09,-3,0,0
ORD-103899,B2B-20143,477.8,3,8,1,62.39,1,0,1
ORD-103900,B2B-21700,314.43,3,12,0,54.99,2,0,0
ORD-103901,B2B-47096,91.69,3,10,1,65.69,-1,0,0
ORD-103902,B2B-39539,614.75,3,7,1,92.16,0,0,0
ORD-103903,B2B-13005,364.43,3,8,0,73.16,0,0,0
ORD-103904,B2B-24203,156.46,3,7,1,59.6,1,0,0
ORD-103905,B2B-67244,698.62,3,13,1,94.98,-3,0,0
ORD-103906,B2B-64472,409.98,3,9,0,63.17,0,0,0
ORD-103907,B2B-69254,391.86,7,10,1,49.34,2,0,0
ORD-103908,B2B-93117,583.68,3,12,0,77.37,2,0,0
ORD-103909,B2B-87928,293.15,3,7,0,60.24,-1,0,0
ORD-103910,B2B-33006,288.71,3,11,1,79.63,2,0,0
ORD-103911,B2B-24194,142.61,7,8,0,59.25,0,0,0
ORD-103912,B2B-93157,103.37,3,9,1,44.82,2,0,0
ORD-103913,B2B-99547,179.33,3,11,1,54.25,-1,0,0
ORD-103914,B2B-20256,276.38,3,14,1,83.31,3,0,1
ORD-103915,B2B-99646,86.76,7,14,0,56.91,-2,0,0
ORD-103916,B2B-48337,217.85,3,14,1,66.17,1,0,0
ORD-103917,B2B-65273,526.64,3,14,0,94.18,1,0,1
ORD-103918,B2B-42372,306.08,3,10,1,86.24,0,0,0
ORD-103919,B2B-68212,41.47,3,11,0,50.24,1,0,0
ORD-103920,B2B-72918,181.99,3,13,1,58.64,0,0,0
ORD-103921,B2B-8916,335.64,3,7,0,56.95,2,0,1
ORD-103922,B2B-10435,145.35,3,10,1,60.28,4,1,0
ORD-103923,B2B-72214,211.97,3,8,0,50.72,1,0,0
ORD-103924,B2B-93779,182.39,3,14,0,63.49,0,0,0
ORD-103925,B2B-88998,653.07,3,13,0,93.57,-2,0,0
ORD-103926,B2B-28688,477.49,3,14,0,73.07,1,0,0
ORD-103927,B2B-9412,353.19,3,7,0,47.73,-1,0,0
ORD-103928,B2B-86270,535.47,3,14,0,77.17,1,0,0
ORD-103929,B2B-33006,288.71,3,9,0,69.13,-1,0,0
ORD-103930,B2B-3380,113.43,3,9,0,49.17,0,0,0
ORD-103931,B2B-3524,100.69,3,14,0,62.43,4,1,1
ORD-103932,B2B-2773,223.95,3,10,1,42.58,-2,0,0
ORD-103933,B2B-41761,248.81,3,9,1,62.29,0,0,0
ORD-103934,B2B-35745,188.89,7,8,0,60.91,0,0,0
ORD-103935,B2B-51284,206.47,3,14,0,82.24,-3,0,0
ORD-103936,B2B-17835,516.94,3,7,0,74.34,0,0,0
ORD-103937,B2B-28375,465.41,3,8,0,69.28,-4,0,0
ORD-103938,B2B-57091,159.39,3,10,0,69.19,-2,0,0
ORD-103939,B2B-9589,646.64,3,8,0,95.95,3,0,0
ORD-103940,B2B-55207,245.68,3,11,1,65.51,4,1,1
ORD-103941,B2B-88226,836.71,3,9,0,98.3,4,1,1
ORD-103942,B2B-14570,633.84,3,14,0,88.89,-1,0,0
ORD-103943,B2B-93157,103.37,3,10,0,58.36,0,0,0
ORD-103944,B2B-99069,505.28,3,12,1,74.61,1,0,0
ORD-103945,B2B-8916,335.64,3,12,0,65.91,-6,0,0
ORD-103946,B2B-88226,836.71,3,8,0,95.37,-1,0,0
ORD-103947,B2B-12858,294.08,7,12,0,74.16,0,0,0
ORD-103948,B2B-70994,301.53,7,7,1,65.31,-1,0,0
ORD-103949,B2B-4952,366.81,3,12,1,78.09,-2,0,0
ORD-103950,B2B-21097,138.29,3,7,1,58.27,-1,0,0
ORD-103951,B2B-74695,672.08,3,10,0,80.18,5,2,1
ORD-103952,B2B-41054,470.71,7,8,0,81.94,-3,0,0
ORD-103953,B2B-99045,685.6,3,11,1,100.35,-5,0,0
ORD-103954,B2B-71281,295.12,3,13,0,75.71,3,0,1
ORD-103955,B2B-11907,272.23,7,8,0,46.06,-1,0,0
ORD-103956,B2B-15987,646.88,3,7,1,99.44,0,0,0
ORD-103957,B2B-12409,200.39,7,14,1,67.29,0,0,0
ORD-103958,B2B-24126,180.35,3,8,0,66.76,4,1,1
ORD-103959,B2B-4727,619.93,7,8,1,73.77,4,0,0
ORD-103960,B2B-75641,39.25,3,9,0,57.45,2,0,0
ORD-103961,B2B-44861,329.47,3,8,0,51.79,0,0,0
ORD-103962,B2B-41910,191.25,3,12,0,68.66,-2,0,0
ORD-103963,B2B-6337,362.09,7,9,0,81.83,0,0,0
ORD-103964,B2B-40535,625.16,3,14,1,82.29,0,0,0
ORD-103965,B2B-57091,159.39,3,12,0,51.98,-2,0,0
ORD-103966,B2B-16020,32.56,3,14,0,58.43,0,0,0
ORD-103967,B2B-70994,301.53,7,10,0,63.26,0,0,0
ORD-103968,B2B-69678,207.28,3,7,0,78.26,-1,0,0
ORD-103969,B2B-98544,332.42,7,11,0,55.42,-3,0,0
ORD-103970,B2B-96332,296.44,3,11,1,72.02,-3,0,0
ORD-103971,B2B-80380,545.83,3,13,0,59.18,-2,0,0
ORD-103972,B2B-17434,572.59,3,13,0,72.55,-1,0,0
ORD-103973,B2B-68467,288.51,3,14,0,59.39,4,1,1
ORD-103974,B2B-13363,167.98,3,13,0,60.72,2,0,1
ORD-103975,B2B-18221,348.44,3,9,1,70.34,0,0,0
ORD-103976,B2B-70408,324.91,3,9,0,73.6,3,0,0
ORD-103977,B2B-70586,271.32,7,11,0,64.29,0,0,0
ORD-103978,B2B-99480,448.58,3,8,0,51.69,1,0,0
ORD-103979,B2B-42643,334.58,3,9,0,75.07,2,0,0
ORD-103980,B2B-75357,507.79,3,13,0,54.06,1,0,0
ORD-103981,B2B-98544,332.42,7,11,0,63.53,0,0,0
ORD-103982,B2B-11884,732.96,3,7,0,84.42,1,0,0
ORD-103983,B2B-75299,418.34,3,9,0,76.74,0,0,0
ORD-103984,B2B-5218,370.92,3,12,0,62.16,0,0,0
ORD-103985,B2B-47208,563.28,3,13,0,88.32,0,0,0
ORD-103986,B2B-93779,182.39,3,12,0,69.06,0,0,0
ORD-103987,B2B-76411,806.71,3,9,0,78.93,5,2,0
ORD-103988,B2B-70481,569.0,7,14,1,77.45,-1,0,0
ORD-103989,B2B-68467,288.51,3,10,0,79.27,0,0,0
ORD-103990,B2B-35219,290.88,3,11,0,52.42,0,0,0
ORD-103991,B2B-475,206.37,3,8,0,84.59,1,0,0
ORD-103992,B2B-55596,37.19,3,14,0,55.39,0,0,0
ORD-103993,B2B-699,312.08,3,9,0,78.65,-2,0,0
ORD-103994,B2B-29283,334.32,3,12,0,55.87,-1,0,0
ORD-103995,B2B-21862,673.76,3,12,1,71.63,0,0,0
ORD-103996,B2B-77661,852.66,3,14,0,92.25,2,0,1
ORD-103997,B2B-31506,802.14,7,13,1,95.91,1,0,0
ORD-103998,B2B-77482,132.64,7,12,0,34.34,-3,0,0
ORD-103999,B2B-69254,391.86,7,13,0,73.42,0,0,0
ORD-104000,B2B-83562,229.29,7,12,0,61.38,2,0,0
ORD-104001,B2B-91425,396.55,3,13,0,79.43,3,0,0
ORD-104002,B2B-57426,498.84,7,11,0,88.17,-4,0,0
ORD-104003,B2B-8713,254.25,3,13,0,69.92,3,0,0
ORD-104004,B2B-79418,263.24,3,13,0,71.48,-2,0,0
ORD-104005,B2B-44050,232.02,3,10,0,79.84,0,0,0
ORD-104006,B2B-99784,213.77,3,12,0,45.42,1,0,0
ORD-104007,B2B-86225,237.6,3,7,0,69.28,-3,0,0
ORD-104008,B2B-18191,239.43,3,8,0,69.86,-1,0,0
ORD-104009,B2B-7824,603.55,3,11,0,90.66,4,1,1
ORD-104010,B2B-24126,180.35,3,10,1,75.0,-1,0,0
ORD-104011,B2B-87026,149.38,3,13,0,52.67,-1,0,0
ORD-104012,B2B-88360,120.26,7,11,0,58.42,0,0,0
ORD-104013,B2B-22033,271.03,7,9,0,60.61,2,0,0
ORD-104014,B2B-65614,319.56,3,13,0,73.88,3,0,0
ORD-104015,B2B-92368,113.13,3,12,1,56.73,0,0,0
ORD-104016,B2B-89892,259.72,3,14,1,54.2,1,0,0
ORD-104017,B2B-57770,398.92,3,13,0,62.3,0,0,0
ORD-104018,B2B-86819,531.68,3,13,0,84.49,-1,0,0
ORD-104019,B2B-96462,172.15,3,13,1,63.95,-3,0,0
ORD-104020,B2B-88750,232.31,7,12,0,66.17,0,0,0
ORD-104021,B2B-97825,371.6,3,7,0,50.46,-1,0,0
ORD-104022,B2B-29323,274.14,3,8,0,55.09,3,0,1
ORD-104023,B2B-71281,295.12,3,11,0,69.35,-1,0,0
ORD-104024,B2B-39487,103.63,3,10,0,56.5,1,0,0
ORD-104025,B2B-41910,191.25,3,13,0,60.56,1,0,0
ORD-104026,B2B-52943,856.21,7,9,0,98.14,-2,0,0
ORD-104027,B2B-5941,491.49,3,13,0,52.28,0,0,0
ORD-104028,B2B-46127,494.33,3,10,0,74.07,-1,0,0
ORD-104029,B2B-56126,432.51,3,10,1,72.46,2,0,0
ORD-104030,B2B-99085,721.6,7,10,0,78.59,0,0,0
ORD-104031,B2B-80845,385.64,7,14,0,54.46,0,0,0
ORD-104032,B2B-20126,415.01,3,9,0,77.9,-3,0,0
ORD-104033,B2B-56992,164.68,3,14,1,42.61,0,0,0
ORD-104034,B2B-35806,167.05,3,13,0,56.74,0,0,0
ORD-104035,B2B-33680,278.55,3,13,0,62.97,1,0,1
ORD-104036,B2B-37132,667.08,7,10,0,84.17,2,0,0
ORD-104037,B2B-25910,151.59,3,9,0,62.62,2,0,0
ORD-104038,B2B-99105,503.69,3,7,0,75.67,0,0,0
ORD-104039,B2B-5625,674.77,3,13,0,77.52,-6,0,0
ORD-104040,B2B-88226,836.71,3,12,0,87.39,-3,0,0
ORD-104041,B2B-83025,664.33,3,12,0,84.13,4,1,1
ORD-104042,B2B-59929,145.95,3,11,0,37.11,0,0,0
ORD-104043,B2B-30703,215.86,3,7,1,53.29,1,0,0
ORD-104044,B2B-90320,519.08,7,11,0,77.77,0,0,0
ORD-104045,B2B-88506,379.24,3,7,1,67.57,0,0,0
ORD-104046,B2B-69495,147.01,3,9,0,50.42,1,0,0
ORD-104047,B2B-72474,663.97,7,14,1,78.33,0,0,0
ORD-104048,B2B-11265,241.54,3,14,1,56.4,0,0,0
ORD-104049,B2B-97673,665.56,3,8,1,73.8,3,0,1
ORD-104050,B2B-86845,198.3,3,7,0,61.74,-3,0,0
ORD-104051,B2B-41230,106.34,3,13,0,57.47,-1,0,0
ORD-104052,B2B-79786,588.46,7,10,1,77.37,3,0,0
ORD-104053,B2B-79534,248.84,3,7,1,63.84,1,0,0
ORD-104054,B2B-45936,315.79,3,11,1,87.22,1,0,0
ORD-104055,B2B-18051,606.19,3,10,1,90.56,-2,0,0
ORD-104056,B2B-52072,696.94,7,13,1,70.35,0,0,0
ORD-104057,B2B-37533,626.0,3,9,0,86.87,-2,0,0
ORD-104058,B2B-29165,23.01,3,9,1,50.41,2,0,0
ORD-104059,B2B-88750,232.31,7,7,0,43.72,3,0,0
ORD-104060,B2B-52585,496.03,7,12,1,68.74,-2,0,0
ORD-104061,B2B-43536,599.85,3,7,1,92.03,3,0,0
ORD-104062,B2B-97673,665.56,3,13,0,91.5,-1,0,0
ORD-104063,B2B-84142,298.29,3,10,0,47.93,2,0,1
ORD-104064,B2B-69672,117.85,7,7,0,59.62,2,0,0
ORD-104065,B2B-87928,293.15,3,9,0,61.88,-3,0,0
ORD-104066,B2B-48337,217.85,3,13,0,56.91,3,0,0
ORD-104067,B2B-21323,105.37,3,8,0,58.13,0,0,0
ORD-104068,B2B-20421,718.6,3,7,1,81.37,7,4,1
ORD-104069,B2B-55596,37.19,3,7,0,56.42,0,0,0
ORD-104070,B2B-40702,229.26,7,11,1,58.5,1,0,0
ORD-104071,B2B-93543,576.39,7,13,1,106.89,0,0,0
ORD-104072,B2B-51284,206.47,3,8,1,64.3,-2,0,0
ORD-104073,B2B-99547,179.33,3,10,0,30.54,2,0,0
ORD-104074,B2B-88385,238.32,3,9,1,66.83,1,0,0
ORD-104075,B2B-31915,291.96,7,12,1,81.19,0,0,0
ORD-104076,B2B-51530,257.73,3,9,0,58.19,3,0,1
ORD-104077,B2B-74018,437.58,3,12,0,87.02,3,0,0
ORD-104078,B2B-76481,188.56,3,12,0,74.38,0,0,0
ORD-104079,B2B-41547,272.28,3,14,0,63.58,1,0,0
ORD-104080,B2B-40702,229.26,7,8,0,57.69,1,0,0
ORD-104081,B2B-5107,521.23,7,9,0,68.45,0,0,0
ORD-104082,B2B-43127,363.12,7,9,0,75.57,1,0,0
ORD-104083,B2B-31938,430.15,3,14,0,90.0,2,0,0
ORD-104084,B2B-70283,878.87,3,8,0,82.05,-1,0,0
ORD-104085,B2B-88998,653.07,3,12,1,89.48,0,0,0
ORD-104086,B2B-3948,668.85,3,12,0,68.96,0,0,0
ORD-104087,B2B-15534,688.04,3,11,1,71.5,2,0,1
ORD-104088,B2B-68135,706.94,7,12,0,67.3,4,0,1
ORD-104089,B2B-30184,318.79,7,14,0,57.64,1,0,0
ORD-104090,B2B-69254,391.86,7,10,1,80.95,-2,0,0
ORD-104091,B2B-15563,559.64,7,8,0,74.76,-4,0,0
ORD-104092,B2B-15429,682.84,3,7,1,88.84,3,0,1
ORD-104093,B2B-45936,315.79,3,8,0,52.69,1,0,0
ORD-104094,B2B-6754,533.44,3,13,1,71.43,1,0,0
ORD-104095,B2B-35219,290.88,3,7,1,78.86,0,0,0
ORD-104096,B2B-83416,207.08,3,10,0,63.32,1,0,0
ORD-104097,B2B-29290,739.67,7,9,0,84.75,-3,0,0
ORD-104098,B2B-12858,294.08,7,11,1,70.82,-1,0,0
ORD-104099,B2B-85628,299.31,7,8,0,72.41,-1,0,0
ORD-104100,B2B-83353,532.96,3,9,1,93.52,0,0,0
ORD-104101,B2B-39279,220.21,7,13,0,53.8,1,0,0
ORD-104102,B2B-42595,363.92,3,14,0,80.34,2,0,1
ORD-104103,B2B-83887,45.19,7,7,0,44.99,2,0,0
ORD-104104,B2B-50991,152.72,3,10,1,68.19,1,0,1
ORD-104105,B2B-52738,826.49,3,8,0,85.95,-2,0,0
ORD-104106,B2B-69678,207.28,3,9,0,51.43,0,0,0
ORD-104107,B2B-6304,299.5,3,10,0,52.66,-3,0,0
ORD-104108,B2B-38648,104.04,3,13,0,44.17,0,0,0
ORD-104109,B2B-13926,662.59,3,12,0,86.54,-2,0,0
ORD-104110,B2B-28120,444.72,3,9,1,83.8,0,0,0
ORD-104111,B2B-31506,802.14,7,10,1,82.27,0,0,0
ORD-104112,B2B-35745,188.89,7,14,0,66.52,-3,0,0
ORD-104113,B2B-12451,110.17,3,13,0,50.51,0,0,0
ORD-104114,B2B-80845,385.64,7,8,1,70.63,-1,0,0
ORD-104115,B2B-70992,154.1,7,10,1,48.47,6,0,0
ORD-104116,B2B-52943,856.21,7,10,0,87.86,-2,0,0
ORD-104117,B2B-51328,571.61,3,8,0,85.38,0,0,0
ORD-104118,B2B-52106,665.15,3,12,1,99.5,0,0,0
ORD-104119,B2B-36874,580.4,3,7,0,54.78,2,0,1
ORD-104120,B2B-58412,543.27,7,14,0,93.46,-1,0,0
ORD-104121,B2B-40702,229.26,7,11,1,71.81,1,0,0
ORD-104122,B2B-55547,437.05,3,14,1,70.54,-1,0,0
ORD-104123,B2B-96462,172.15,3,14,0,63.52,0,0,0
ORD-104124,B2B-68919,182.23,7,12,0,62.49,1,0,1
ORD-104125,B2B-24203,156.46,3,7,0,59.77,-1,0,0
ORD-104126,B2B-24999,573.77,7,10,0,70.03,3,0,0
ORD-104127,B2B-52738,826.49,3,10,0,89.24,-1,0,0
ORD-104128,B2B-68087,89.38,7,14,0,54.91,1,0,0
ORD-104129,B2B-21323,105.37,3,7,1,50.88,4,1,1
ORD-104130,B2B-5208,483.35,3,8,0,72.31,2,0,0
ORD-104131,B2B-83353,532.96,3,7,1,89.8,-2,0,0
ORD-104132,B2B-23833,421.56,3,13,0,68.33,2,0,0
ORD-104133,B2B-79642,606.95,3,8,0,77.84,3,0,0
ORD-104134,B2B-36771,443.33,3,9,0,73.16,-1,0,0
ORD-104135,B2B-56377,536.78,3,14,0,79.74,4,1,0
ORD-104136,B2B-44861,329.47,3,9,1,55.62,0,0,0
ORD-104137,B2B-86006,700.53,3,13,0,99.99,1,0,0
ORD-104138,B2B-65084,218.58,7,9,0,51.04,-1,0,0
ORD-104139,B2B-59929,145.95,3,12,0,51.36,2,0,0
ORD-104140,B2B-71568,305.9,3,8,0,77.46,-3,0,0
ORD-104141,B2B-84058,322.72,3,9,1,80.32,4,1,0
ORD-104142,B2B-59929,145.95,3,12,0,60.31,0,0,0
ORD-104143,B2B-13005,364.43,3,9,0,60.97,-4,0,0
ORD-104144,B2B-5208,483.35,3,7,1,77.39,0,0,0
ORD-104145,B2B-96173,452.85,3,11,0,76.27,0,0,0
ORD-104146,B2B-88998,653.07,3,14,1,75.63,-7,0,0
ORD-104147,B2B-56377,536.78,3,11,0,81.5,-2,0,0
ORD-104148,B2B-79028,466.94,3,8,0,89.66,0,0,0
ORD-104149,B2B-5218,370.92,3,14,1,61.07,0,0,0
ORD-104150,B2B-92368,113.13,3,14,0,68.03,1,0,0
ORD-104151,B2B-4952,366.81,3,7,1,55.88,0,0,0
ORD-104152,B2B-75395,95.08,7,8,0,51.11,1,0,0
ORD-104153,B2B-96594,317.48,7,11,1,43.35,0,0,0
ORD-104154,B2B-78955,132.63,3,7,0,55.45,0,0,0
ORD-104155,B2B-26090,685.13,7,10,0,84.92,1,0,0
ORD-104156,B2B-86270,535.47,3,13,0,75.71,-2,0,0
ORD-104157,B2B-54897,287.59,3,12,0,69.97,3,0,0
ORD-104158,B2B-24126,180.35,3,9,1,63.99,2,0,0
ORD-104159,B2B-5218,370.92,3,10,0,70.59,-3,0,0
ORD-104160,B2B-70116,289.27,7,13,0,62.05,-4,0,0
ORD-104161,B2B-21097,138.29,3,14,0,64.36,7,4,1
ORD-104162,B2B-2258,331.68,3,9,0,79.67,0,0,0
ORD-104163,B2B-45159,438.13,3,9,0,67.77,2,0,0
ORD-104164,B2B-77482,132.64,7,14,0,51.39,0,0,0
ORD-104165,B2B-69665,585.98,3,12,0,89.63,0,0,0
ORD-104166,B2B-42641,304.19,3,13,0,52.6,1,0,0
ORD-104167,B2B-36364,450.6,3,13,0,82.25,1,0,0
ORD-104168,B2B-73752,578.14,7,13,0,72.54,-2,0,0
ORD-104169,B2B-28109,53.68,7,9,1,55.97,1,0,0
ORD-104170,B2B-54945,251.33,7,13,0,52.0,-4,0,0
ORD-104171,B2B-56560,103.28,3,8,1,57.01,0,0,0
ORD-104172,B2B-40839,148.87,3,7,0,60.04,-1,0,0
ORD-104173,B2B-46372,848.56,3,12,0,87.06,1,0,0
ORD-104174,B2B-70880,644.27,3,9,0,71.64,-2,0,0
ORD-104175,B2B-70481,569.0,7,14,0,74.07,2,0,0
ORD-104176,B2B-70880,644.27,3,11,1,93.89,-2,0,0
ORD-104177,B2B-17740,162.38,3,13,0,51.39,-4,0,0
ORD-104178,B2B-72474,663.97,7,11,0,82.57,4,0,0
ORD-104179,B2B-77562,194.73,7,9,0,85.91,0,0,0
ORD-104180,B2B-26090,685.13,7,12,1,75.13,2,0,0
ORD-104181,B2B-22162,263.03,3,14,0,81.3,4,1,1
ORD-104182,B2B-77661,852.66,3,12,0,93.44,-2,0,0
ORD-104183,B2B-69672,117.85,7,14,1,50.84,0,0,0
ORD-104184,B2B-88555,560.64,3,11,1,77.5,2,0,0
ORD-104185,B2B-17175,699.29,3,13,0,88.06,2,0,1
ORD-104186,B2B-46372,848.56,3,8,1,105.6,1,0,0
ORD-104187,B2B-47096,91.69,3,7,0,64.29,0,0,0
ORD-104188,B2B-16185,106.42,3,13,0,65.37,-3,0,0
ORD-104189,B2B-83884,339.04,7,10,1,62.04,2,0,0
ORD-104190,B2B-42372,306.08,3,10,0,47.34,-1,0,0
ORD-104191,B2B-48337,217.85,3,7,0,66.43,0,0,0
ORD-104192,B2B-80380,545.83,3,12,0,89.59,3,0,1
ORD-104193,B2B-5107,521.23,7,12,0,77.1,4,0,0
ORD-104194,B2B-21663,430.53,7,9,1,77.04,0,0,0
ORD-104195,B2B-90471,681.93,3,7,0,85.58,4,1,1
ORD-104196,B2B-95842,492.01,3,8,1,96.85,0,0,0
ORD-104197,B2B-75752,434.83,3,8,0,64.62,0,0,0
ORD-104198,B2B-88726,442.26,3,10,1,94.21,-1,0,0
ORD-104199,B2B-37007,369.48,3,9,0,67.5,-5,0,0
ORD-104200,B2B-86225,237.6,3,7,1,70.35,-1,0,0
ORD-104201,B2B-4919,100.95,3,13,1,49.94,0,0,0
ORD-104202,B2B-13496,404.5,3,12,0,79.8,2,0,0
ORD-104203,B2B-65412,368.85,3,9,1,49.56,2,0,1
ORD-104204,B2B-69665,585.98,3,13,0,77.73,-1,0,0
ORD-104205,B2B-56377,536.78,3,7,1,77.95,0,0,0
ORD-104206,B2B-93543,576.39,7,11,0,89.49,3,0,0
ORD-104207,B2B-42372,306.08,3,12,1,77.4,4,1,1
ORD-104208,B2B-10100,132.58,3,10,0,65.37,2,0,0
ORD-104209,B2B-27599,705.12,3,11,0,81.59,-2,0,0
ORD-104210,B2B-12172,499.33,7,9,0,74.89,0,0,0
ORD-104211,B2B-582,244.06,3,14,1,73.31,-1,0,0
ORD-104212,B2B-37132,667.08,7,9,0,92.29,5,0,0
ORD-104213,B2B-80146,723.44,7,7,1,93.81,6,0,1
ORD-104214,B2B-24922,637.48,7,8,0,82.19,0,0,0
ORD-104215,B2B-2773,223.95,3,9,0,68.81,0,0,0
ORD-104216,B2B-19402,198.91,7,8,1,76.54,-1,0,0
ORD-104217,B2B-90351,64.85,7,9,0,58.3,1,0,0
ORD-104218,B2B-40535,625.16,3,9,1,102.61,0,0,0
ORD-104219,B2B-67196,206.28,7,13,0,53.72,-1,0,0
ORD-104220,B2B-51328,571.61,3,7,0,73.36,0,0,0
ORD-104221,B2B-6492,348.96,3,7,0,46.58,-1,0,0
ORD-104222,B2B-35745,188.89,7,13,1,57.34,-1,0,0
ORD-104223,B2B-17740,162.38,3,10,1,56.67,0,0,0
ORD-104224,B2B-98544,332.42,7,11,1,82.8,-1,0,0
ORD-104225,B2B-43536,599.85,3,10,1,70.69,0,0,0
ORD-104226,B2B-80489,668.13,3,11,0,93.72,0,0,0
ORD-104227,B2B-89419,495.82,7,11,1,71.5,-2,0,0
ORD-104228,B2B-79866,122.78,3,13,0,71.3,-1,0,0
ORD-104229,B2B-74695,672.08,3,13,0,93.62,1,0,0
ORD-104230,B2B-16719,326.27,7,13,0,61.42,0,0,0
ORD-104231,B2B-11848,509.37,3,12,0,76.25,1,0,0
ORD-104232,B2B-21541,112.75,3,8,0,58.77,3,0,0
ORD-104233,B2B-85628,299.31,7,8,1,56.63,0,0,0
ORD-104234,B2B-12451,110.17,3,11,0,63.47,2,0,0
ORD-104235,B2B-44847,130.12,7,14,0,62.98,-2,0,0
ORD-104236,B2B-532,57.73,7,10,0,44.71,0,0,0
ORD-104237,B2B-99547,179.33,3,12,0,43.49,0,0,0
ORD-104238,B2B-44861,329.47,3,12,0,54.25,1,0,0
ORD-104239,B2B-95375,62.32,3,14,0,34.21,1,0,0
ORD-104240,B2B-55207,245.68,3,11,0,69.67,1,0,0
ORD-104241,B2B-99085,721.6,7,13,1,79.84,4,0,0
ORD-104242,B2B-73618,263.71,3,8,0,45.3,1,0,0
ORD-104243,B2B-92368,113.13,3,9,0,28.36,0,0,0
ORD-104244,B2B-89892,259.72,3,10,1,66.74,-4,0,0
ORD-104245,B2B-52871,625.46,3,13,0,55.68,1,0,0
ORD-104246,B2B-76363,555.75,7,13,1,73.79,0,0,0
ORD-104247,B2B-85301,149.09,7,12,0,41.33,-2,0,0
ORD-104248,B2B-5625,674.77,3,10,1,63.3,0,0,0
ORD-104249,B2B-36134,79.29,7,10,1,44.56,1,0,1
ORD-104250,B2B-76456,487.84,3,14,0,72.08,3,0,0
ORD-104251,B2B-34427,212.11,3,8,0,70.55,0,0,0
ORD-104252,B2B-58097,527.36,3,11,1,78.37,0,0,0
ORD-104253,B2B-70994,301.53,7,12,1,80.63,0,0,0
ORD-104254,B2B-70994,301.53,7,10,0,59.92,1,0,0
ORD-104255,B2B-8853,432.38,7,12,0,55.33,2,0,0
ORD-104256,B2B-79866,122.78,3,12,1,71.5,0,0,0
ORD-104257,B2B-30192,660.18,7,7,0,100.86,0,0,0
ORD-104258,B2B-70586,271.32,7,13,0,72.22,0,0,0
ORD-104259,B2B-73752,578.14,7,11,0,73.95,0,0,0
ORD-104260,B2B-74684,548.73,3,13,0,81.11,-4,0,0
ORD-104261,B2B-84509,417.09,3,9,1,61.71,2,0,0
ORD-104262,B2B-99069,505.28,3,13,0,86.17,2,0,0
ORD-104263,B2B-21647,378.29,3,13,0,52.66,0,0,0
ORD-104264,B2B-41761,248.81,3,10,1,44.87,4,1,1
ORD-104265,B2B-28120,444.72,3,13,0,77.11,-2,0,0
ORD-104266,B2B-17835,516.94,3,11,0,53.21,-4,0,0
ORD-104267,B2B-35806,167.05,3,14,0,59.54,0,0,0
ORD-104268,B2B-80380,545.83,3,14,1,94.19,0,0,0
ORD-104269,B2B-14161,220.42,3,8,0,47.67,-1,0,0
ORD-104270,B2B-41178,124.26,3,8,0,68.52,-2,0,0
ORD-104271,B2B-77707,132.1,3,14,1,49.99,0,0,0
ORD-104272,B2B-1563,182.02,3,10,0,61.98,-2,0,0
ORD-104273,B2B-82260,634.11,7,7,0,75.59,2,0,0
ORD-104274,B2B-21723,128.61,7,14,0,68.69,-1,0,0
ORD-104275,B2B-96594,317.48,7,12,0,60.2,0,0,0
ORD-104276,B2B-83353,532.96,3,11,0,76.21,-2,0,0
ORD-104277,B2B-38648,104.04,3,9,1,51.89,0,0,0
ORD-104278,B2B-70283,878.87,3,7,1,98.03,0,0,0
ORD-104279,B2B-69495,147.01,3,14,1,89.19,0,0,0
ORD-104280,B2B-88360,120.26,7,11,1,42.28,3,0,0
ORD-104281,B2B-9589,646.64,3,11,0,66.89,-3,0,0
ORD-104282,B2B-79028,466.94,3,7,1,63.17,0,0,0
ORD-104283,B2B-86465,662.66,7,13,0,86.82,-1,0,0
ORD-104284,B2B-2773,223.95,3,8,0,67.41,1,0,0
ORD-104285,B2B-76411,806.71,3,13,1,90.48,-2,0,0
ORD-104286,B2B-82861,269.58,7,10,0,67.17,-3,0,0
ORD-104287,B2B-72214,211.97,3,12,0,68.1,1,0,0
ORD-104288,B2B-70116,289.27,7,12,0,70.43,0,0,0
ORD-104289,B2B-70994,301.53,7,14,0,78.2,0,0,0
ORD-104290,B2B-93209,214.25,3,14,1,53.83,2,0,0
ORD-104291,B2B-23088,52.74,3,10,0,39.25,-4,0,0
ORD-104292,B2B-7824,603.55,3,11,1,78.05,0,0,0
ORD-104293,B2B-79534,248.84,3,14,0,76.63,0,0,0
ORD-104294,B2B-20130,297.52,7,11,0,51.16,2,0,0
ORD-104295,B2B-65273,526.64,3,7,1,72.66,-1,0,0
ORD-104296,B2B-99480,448.58,3,10,0,87.08,-1,0,0
ORD-104297,B2B-68467,288.51,3,12,0,63.17,0,0,0
ORD-104298,B2B-78279,40.95,3,14,0,40.77,-3,0,0
ORD-104299,B2B-54346,648.51,7,10,0,79.48,2,0,0
ORD-104300,B2B-12858,294.08,7,11,1,53.89,0,0,0
ORD-104301,B2B-21323,105.37,3,13,0,59.83,-1,0,0
ORD-104302,B2B-18221,348.44,3,7,0,48.96,0,0,0
ORD-104303,B2B-77661,852.66,3,7,0,75.28,1,0,0
ORD-104304,B2B-824,210.68,7,7,0,84.92,0,0,0
ORD-104305,B2B-79642,606.95,3,11,0,71.13,-1,0,0
ORD-104306,B2B-35745,188.89,7,14,1,52.35,0,0,0
ORD-104307,B2B-97276,198.51,3,8,1,60.48,4,1,0
ORD-104308,B2B-41706,65.65,7,14,0,51.6,-1,0,0
ORD-104309,B2B-99045,685.6,3,10,0,85.98,1,0,0
ORD-104310,B2B-76983,167.27,7,9,0,59.07,1,0,0
ORD-104311,B2B-13363,167.98,3,12,1,71.47,4,1,0
ORD-104312,B2B-16876,560.95,3,10,0,82.15,0,0,0
ORD-104313,B2B-28688,477.49,3,13,0,76.62,1,0,1
ORD-104314,B2B-68467,288.51,3,13,0,65.79,5,2,1
ORD-104315,B2B-41178,124.26,3,10,1,55.51,2,0,0
ORD-104316,B2B-19407,308.14,3,10,1,43.04,1,0,0
ORD-104317,B2B-77067,322.91,7,14,1,66.33,0,0,0
ORD-104318,B2B-68087,89.38,7,12,0,61.16,2,0,0
ORD-104319,B2B-3948,668.85,3,7,1,94.81,1,0,0
ORD-104320,B2B-26090,685.13,7,14,0,75.47,0,0,0
ORD-104321,B2B-96173,452.85,3,11,0,75.21,0,0,0
ORD-104322,B2B-54672,550.57,3,11,0,69.03,1,0,0
ORD-104323,B2B-97922,843.37,7,10,1,107.58,4,0,1
ORD-104324,B2B-99045,685.6,3,12,0,80.03,1,0,0
ORD-104325,B2B-80380,545.83,3,14,0,80.2,2,0,1
ORD-104326,B2B-53585,277.3,7,7,0,65.49,0,0,0
ORD-104327,B2B-92368,113.13,3,9,1,53.58,3,0,1
ORD-104328,B2B-57770,398.92,3,8,0,87.52,0,0,0
ORD-104329,B2B-25749,212.64,7,8,0,55.51,0,0,0
ORD-104330,B2B-2979,367.89,3,11,0,55.61,2,0,0
ORD-104331,B2B-25910,151.59,3,13,1,44.14,3,0,0
ORD-104332,B2B-35806,167.05,3,7,0,65.3,-1,0,0
ORD-104333,B2B-41761,248.81,3,11,0,72.03,1,0,0
ORD-104334,B2B-74695,672.08,3,10,0,94.69,-1,0,0
ORD-104335,B2B-75641,39.25,3,14,1,41.28,0,0,0
ORD-104336,B2B-52106,665.15,3,7,0,81.47,-1,0,0
ORD-104337,B2B-17434,572.59,3,13,0,57.69,-3,0,0
ORD-104338,B2B-36134,79.29,7,7,0,46.99,2,0,1
ORD-104339,B2B-36364,450.6,3,8,0,86.7,-1,0,0
ORD-104340,B2B-55272,344.57,7,12,1,68.09,1,0,0
ORD-104341,B2B-80380,545.83,3,8,0,73.29,0,0,0
ORD-104342,B2B-57541,338.12,3,11,0,69.75,0,0,0
ORD-104343,B2B-25910,151.59,3,7,0,77.77,1,0,0
ORD-104344,B2B-92314,119.55,3,8,1,61.52,0,0,0
ORD-104345,B2B-23833,421.56,3,11,0,65.21,5,2,1
ORD-104346,B2B-17434,572.59,3,14,0,78.33,0,0,0
ORD-104347,B2B-17835,516.94,3,8,0,75.38,4,1,0
ORD-104348,B2B-36206,423.79,3,11,1,74.3,-4,0,0
ORD-104349,B2B-61154,527.14,3,11,0,72.37,1,0,0
ORD-104350,B2B-80380,545.83,3,12,0,62.09,1,0,0
ORD-104351,B2B-83562,229.29,7,7,0,52.48,1,0,0
ORD-104352,B2B-60586,738.48,3,12,0,95.59,0,0,0
ORD-104353,B2B-84509,417.09,3,12,1,74.34,-1,0,0
ORD-104354,B2B-68212,41.47,3,7,1,81.7,3,0,1
ORD-104355,B2B-62843,82.28,7,14,1,57.59,-1,0,0
ORD-104356,B2B-69665,585.98,3,14,1,86.11,5,2,1
ORD-104357,B2B-20256,276.38,3,8,0,72.07,-3,0,0
ORD-104358,B2B-36952,659.01,7,7,0,92.8,2,0,0
ORD-104359,B2B-51091,632.83,3,13,0,82.45,1,0,0
ORD-104360,B2B-73101,574.65,3,10,1,86.61,1,0,0
ORD-104361,B2B-8641,141.06,3,11,0,46.95,-1,0,0
ORD-104362,B2B-90230,406.47,7,12,0,68.53,0,0,0
ORD-104363,B2B-93002,216.77,3,14,0,57.53,0,0,0
ORD-104364,B2B-21862,673.76,3,14,0,87.6,1,0,0
ORD-104365,B2B-46396,251.37,7,10,0,56.87,3,0,0
ORD-104366,B2B-80015,168.28,3,9,0,62.49,1,0,1
ORD-104367,B2B-64224,300.91,3,8,0,51.75,-1,0,0
ORD-104368,B2B-12689,125.28,7,11,0,48.54,-2,0,0
ORD-104369,B2B-28259,266.36,3,8,0,69.5,0,0,0
ORD-104370,B2B-73752,578.14,7,8,0,85.89,1,0,0
ORD-104371,B2B-52522,313.94,3,11,0,63.59,0,0,0
ORD-104372,B2B-916,189.92,3,11,0,48.04,0,0,0
ORD-104373,B2B-24971,288.01,3,9,1,78.88,-1,0,0
ORD-104374,B2B-41777,60.38,7,10,0,72.21,-1,0,0
ORD-104375,B2B-45936,315.79,3,10,0,49.09,-1,0,0
ORD-104376,B2B-1563,182.02,3,8,0,63.61,2,0,1
ORD-104377,B2B-41024,433.53,3,7,1,67.92,-1,0,0
ORD-104378,B2B-99480,448.58,3,10,0,82.71,-1,0,0
ORD-104379,B2B-11435,298.71,7,12,0,62.8,-1,0,0
ORD-104380,B2B-38648,104.04,3,9,0,70.05,1,0,0
ORD-104381,B2B-15563,559.64,7,9,0,67.63,1,0,0
ORD-104382,B2B-35806,167.05,3,9,1,41.19,2,0,1
ORD-104383,B2B-58025,333.8,3,14,1,80.72,0,0,0
ORD-104384,B2B-36134,79.29,7,11,0,59.32,1,0,0
ORD-104385,B2B-17449,275.78,7,8,0,68.98,2,0,0
ORD-104386,B2B-71321,460.1,7,9,0,65.25,3,0,1
ORD-104387,B2B-1530,38.68,3,9,1,69.52,-3,0,0
ORD-104388,B2B-4182,385.92,3,11,0,77.28,1,0,0
ORD-104389,B2B-10435,145.35,3,13,0,51.27,0,0,0
ORD-104390,B2B-40702,229.26,7,12,1,65.59,0,0,0
ORD-104391,B2B-10589,206.53,7,12,0,58.7,0,0,0
ORD-104392,B2B-84142,298.29,3,10,0,66.53,2,0,0
ORD-104393,B2B-53897,321.22,3,14,1,68.15,-2,0,0
ORD-104394,B2B-66471,457.4,3,12,0,62.24,0,0,0
ORD-104395,B2B-70994,301.53,7,14,0,67.45,-2,0,0
ORD-104396,B2B-19543,260.58,7,7,1,68.75,2,0,0
ORD-104397,B2B-16876,560.95,3,14,1,68.71,-4,0,0
ORD-104398,B2B-19543,260.58,7,7,0,56.31,4,0,0
ORD-104399,B2B-46396,251.37,7,12,0,45.12,0,0,0
ORD-104400,B2B-16719,326.27,7,14,1,70.22,-3,0,0
ORD-104401,B2B-93779,182.39,3,7,1,63.71,0,0,0
ORD-104402,B2B-80380,545.83,3,14,0,93.81,0,0,0
ORD-104403,B2B-9928,85.7,3,8,1,62.21,0,0,0
ORD-104404,B2B-10100,132.58,3,13,1,59.53,-3,0,0
ORD-104405,B2B-30184,318.79,7,11,0,75.24,-4,0,0
ORD-104406,B2B-13926,662.59,3,8,0,96.87,5,2,1
ORD-104407,B2B-33181,257.39,3,14,0,68.97,-2,0,0
ORD-104408,B2B-89062,129.41,7,13,1,55.68,-1,0,0
ORD-104409,B2B-26819,325.12,7,14,1,70.93,4,0,0
ORD-104410,B2B-72239,82.52,7,12,0,54.86,1,0,0
ORD-104411,B2B-1530,38.68,3,8,1,47.23,-1,0,0
ORD-104412,B2B-90471,681.93,3,9,0,65.1,1,0,0
ORD-104413,B2B-99045,685.6,3,10,0,100.3,2,0,0
ORD-104414,B2B-70465,465.9,3,11,1,56.07,0,0,0
ORD-104415,B2B-80489,668.13,3,14,0,77.29,3,0,1
ORD-104416,B2B-16506,422.23,3,13,0,76.5,-2,0,0
ORD-104417,B2B-10100,132.58,3,10,0,36.84,0,0,0
ORD-104418,B2B-35688,329.31,7,13,0,78.79,-1,0,0
ORD-104419,B2B-16829,128.6,3,10,0,62.07,0,0,0
ORD-104420,B2B-24971,288.01,3,13,1,67.51,-1,0,0
ORD-104421,B2B-69860,629.23,3,8,1,84.93,-6,0,0
ORD-104422,B2B-2258,331.68,3,11,1,66.13,2,0,0
ORD-104423,B2B-77661,852.66,3,7,0,75.85,6,3,1
ORD-104424,B2B-17835,516.94,3,11,1,77.73,2,0,1
ORD-104425,B2B-35757,153.49,3,10,0,45.35,-1,0,0
ORD-104426,B2B-26477,267.63,3,9,1,59.9,1,0,0
ORD-104427,B2B-36771,443.33,3,13,0,78.92,0,0,0
ORD-104428,B2B-33181,257.39,3,9,0,57.03,3,0,0
ORD-104429,B2B-13363,167.98,3,13,0,51.18,0,0,0
ORD-104430,B2B-17835,516.94,3,8,1,87.43,0,0,0
ORD-104431,B2B-69860,629.23,3,9,1,88.82,3,0,0
ORD-104432,B2B-92314,119.55,3,14,0,58.91,0,0,0
ORD-104433,B2B-38648,104.04,3,11,0,58.1,1,0,0
ORD-104434,B2B-72239,82.52,7,7,0,58.1,2,0,0
ORD-104435,B2B-22162,263.03,3,14,0,69.12,4,1,1
ORD-104436,B2B-47887,421.59,3,13,0,63.94,-1,0,0
ORD-104437,B2B-52072,696.94,7,7,0,76.45,-8,0,0
ORD-104438,B2B-14370,314.39,7,7,0,59.07,0,0,0
ORD-104439,B2B-31915,291.96,7,9,0,56.56,1,0,0
ORD-104440,B2B-21541,112.75,3,11,0,53.96,-2,0,0
ORD-104441,B2B-14205,93.91,7,7,1,60.34,-1,0,0
ORD-104442,B2B-68218,117.02,3,14,0,49.61,0,0,0
ORD-104443,B2B-93543,576.39,7,7,0,78.61,-2,0,0
ORD-104444,B2B-89458,169.02,7,9,1,50.57,0,0,0
ORD-104445,B2B-21663,430.53,7,14,1,62.34,4,0,1
ORD-104446,B2B-55547,437.05,3,10,0,73.56,1,0,0
ORD-104447,B2B-58252,190.25,3,14,0,47.33,1,0,0
ORD-104448,B2B-699,312.08,3,14,0,65.64,0,0,0
ORD-104449,B2B-15993,270.48,3,7,0,68.68,0,0,0
ORD-104450,B2B-15987,646.88,3,11,1,78.61,-1,0,0
ORD-104451,B2B-88385,238.32,3,12,0,60.95,5,2,1
ORD-104452,B2B-12689,125.28,7,11,0,62.96,-1,0,0
ORD-104453,B2B-93779,182.39,3,11,1,59.78,2,0,1
ORD-104454,B2B-77661,852.66,3,9,0,85.4,0,0,0
ORD-104455,B2B-44861,329.47,3,9,1,69.87,1,0,0
ORD-104456,B2B-3443,221.32,3,11,0,65.6,1,0,1
ORD-104457,B2B-55930,264.74,3,10,0,71.81,-2,0,0
ORD-104458,B2B-582,244.06,3,7,0,63.12,0,0,0
ORD-104459,B2B-20126,415.01,3,12,0,82.22,0,0,0
ORD-104460,B2B-6304,299.5,3,8,1,58.99,1,0,0
ORD-104461,B2B-79642,606.95,3,10,0,78.77,1,0,1
ORD-104462,B2B-68212,41.47,3,12,1,60.44,0,0,0
ORD-104463,B2B-48337,217.85,3,14,0,46.69,0,0,0
ORD-104464,B2B-74836,437.22,3,8,0,66.18,0,0,0
ORD-104465,B2B-17835,516.94,3,9,0,84.82,3,0,1
ORD-104466,B2B-47887,421.59,3,14,0,64.39,3,0,1
ORD-104467,B2B-17624,231.66,3,11,0,78.52,-1,0,0
ORD-104468,B2B-17894,412.29,7,12,0,68.67,1,0,0
ORD-104469,B2B-44861,329.47,3,9,0,63.53,-5,0,0
ORD-104470,B2B-82260,634.11,7,10,1,81.68,2,0,0
ORD-104471,B2B-93066,275.44,3,10,0,62.17,2,0,0
ORD-104472,B2B-38826,536.49,7,10,0,90.47,0,0,0
ORD-104473,B2B-80489,668.13,3,14,1,85.56,0,0,0
ORD-104474,B2B-58412,543.27,7,11,1,49.52,-1,0,0
ORD-104475,B2B-15887,234.39,7,7,1,41.85,0,0,0
ORD-104476,B2B-13933,265.59,3,9,0,81.43,0,0,0
ORD-104477,B2B-29290,739.67,7,10,0,97.03,0,0,0
ORD-104478,B2B-24194,142.61,7,14,1,63.24,-1,0,0
ORD-104479,B2B-44050,232.02,3,11,0,59.84,3,0,1
ORD-104480,B2B-52522,313.94,3,12,0,68.41,0,0,0
ORD-104481,B2B-74684,548.73,3,12,0,88.21,5,2,0
ORD-104482,B2B-5218,370.92,3,8,0,71.48,0,0,0
ORD-104483,B2B-99501,643.12,3,7,0,69.81,1,0,0
ORD-104484,B2B-475,206.37,3,8,1,64.4,3,0,1
ORD-104485,B2B-18051,606.19,3,13,0,65.06,0,0,0
ORD-104486,B2B-54346,648.51,7,13,0,75.64,0,0,0
ORD-104487,B2B-46127,494.33,3,10,0,87.41,0,0,0
ORD-104488,B2B-1245,612.32,3,11,0,84.05,5,2,1
ORD-104489,B2B-22033,271.03,7,8,0,62.39,2,0,0
ORD-104490,B2B-2979,367.89,3,14,0,75.29,1,0,0
ORD-104491,B2B-29564,179.99,3,12,0,67.66,2,0,0
ORD-104492,B2B-30703,215.86,3,11,1,74.73,2,0,1
ORD-104493,B2B-30703,215.86,3,10,0,64.46,0,0,0
ORD-104494,B2B-17449,275.78,7,14,0,57.43,4,0,1
ORD-104495,B2B-91091,651.18,3,12,1,79.73,4,1,1
ORD-104496,B2B-99784,213.77,3,14,0,62.51,0,0,0
ORD-104497,B2B-83901,378.74,3,8,0,68.7,0,0,0
ORD-104498,B2B-29283,334.32,3,14,0,67.27,-2,0,0
ORD-104499,B2B-77702,154.37,7,10,0,56.01,-2,0,0
ORD-104500,B2B-30192,660.18,7,13,0,75.54,2,0,0
ORD-104501,B2B-2144,421.59,7,14,0,65.97,6,0,0
ORD-104502,B2B-53585,277.3,7,11,0,58.61,5,0,1
ORD-104503,B2B-69678,207.28,3,7,1,55.54,1,0,0
ORD-104504,B2B-17520,74.84,7,10,0,42.13,0,0,0
ORD-104505,B2B-25226,147.8,3,7,0,59.78,4,1,0
ORD-104506,B2B-39539,614.75,3,12,1,75.83,-1,0,0
ORD-104507,B2B-20315,92.54,3,7,0,50.57,-1,0,0
ORD-104508,B2B-15993,270.48,3,10,0,61.27,-1,0,0
ORD-104509,B2B-26239,453.36,3,14,1,62.19,2,0,1
ORD-104510,B2B-75299,418.34,3,13,1,61.45,0,0,0
ORD-104511,B2B-9376,81.95,3,14,0,53.02,0,0,0
ORD-104512,B2B-30729,556.38,3,7,0,86.23,0,0,0
ORD-104513,B2B-41178,124.26,3,14,1,53.77,-2,0,0
ORD-104514,B2B-68087,89.38,7,12,0,66.49,-1,0,0
ORD-104515,B2B-21199,136.6,3,9,0,42.91,0,0,0
ORD-104516,B2B-43536,599.85,3,10,0,85.39,2,0,0
ORD-104517,B2B-582,244.06,3,13,0,66.32,2,0,0
ORD-104518,B2B-93002,216.77,3,10,0,55.48,4,1,0
ORD-104519,B2B-99156,196.4,3,13,0,60.78,0,0,0
ORD-104520,B2B-12409,200.39,7,11,0,58.35,-3,0,0
ORD-104521,B2B-74692,309.02,3,14,0,66.34,0,0,0
ORD-104522,B2B-18191,239.43,3,11,0,62.68,3,0,0
ORD-104523,B2B-84142,298.29,3,9,0,57.89,0,0,0
ORD-104524,B2B-18051,606.19,3,9,1,71.61,2,0,1
ORD-104525,B2B-87571,271.95,3,8,0,52.29,0,0,0
ORD-104526,B2B-31938,430.15,3,9,0,67.88,3,0,1
ORD-104527,B2B-36364,450.6,3,12,0,74.1,-2,0,0
ORD-104528,B2B-91629,222.93,3,13,0,61.38,2,0,0
ORD-104529,B2B-35688,329.31,7,13,1,87.45,2,0,0
ORD-104530,B2B-9412,353.19,3,12,1,72.26,-4,0,0
ORD-104531,B2B-70465,465.9,3,11,0,64.76,0,0,0
ORD-104532,B2B-57541,338.12,3,8,0,67.96,4,1,1
ORD-104533,B2B-69495,147.01,3,13,0,51.66,-4,0,0
ORD-104534,B2B-47208,563.28,3,14,0,73.56,4,1,1
ORD-104535,B2B-83901,378.74,3,10,0,76.14,3,0,0
ORD-104536,B2B-53943,648.98,3,8,1,93.44,-1,0,0
ORD-104537,B2B-75395,95.08,7,10,0,48.66,-1,0,0
ORD-104538,B2B-41910,191.25,3,9,0,63.51,0,0,0
ORD-104539,B2B-70481,569.0,7,10,1,65.53,3,0,0
ORD-104540,B2B-75594,237.46,3,10,0,65.17,3,0,1
ORD-104541,B2B-38648,104.04,3,9,0,50.54,0,0,0
ORD-104542,B2B-91629,222.93,3,14,0,71.89,-1,0,0
ORD-104543,B2B-14205,93.91,7,9,0,48.26,2,0,0
ORD-104544,B2B-55272,344.57,7,9,0,63.04,-3,0,0
ORD-104545,B2B-4182,385.92,3,11,0,48.98,0,0,0
ORD-104546,B2B-84142,298.29,3,12,0,66.44,1,0,0
ORD-104547,B2B-35806,167.05,3,12,0,37.41,0,0,0
ORD-104548,B2B-95842,492.01,3,11,0,74.5,2,0,0
ORD-104549,B2B-77067,322.91,7,14,0,75.86,2,0,1
ORD-104550,B2B-1575,313.76,3,7,0,59.17,0,0,0
ORD-104551,B2B-35688,329.31,7,8,0,55.31,0,0,0
ORD-104552,B2B-20256,276.38,3,13,0,81.2,0,0,0
ORD-104553,B2B-65412,368.85,3,10,0,68.84,-1,0,0
ORD-104554,B2B-17894,412.29,7,8,0,70.91,0,0,0
ORD-104555,B2B-28699,276.96,7,14,0,72.91,-1,0,0
ORD-104556,B2B-53585,277.3,7,9,1,61.56,1,0,0
ORD-104557,B2B-6492,348.96,3,10,0,69.9,0,0,0
ORD-104558,B2B-55272,344.57,7,9,0,56.29,-1,0,0
ORD-104559,B2B-81896,219.03,3,8,0,71.75,-4,0,0
ORD-104560,B2B-58025,333.8,3,9,1,77.96,0,0,0
ORD-104561,B2B-51091,632.83,3,9,0,67.02,-2,0,0
ORD-104562,B2B-88968,928.28,7,14,0,107.1,1,0,0
ORD-104563,B2B-88998,653.07,3,10,0,96.27,0,0,0
ORD-104564,B2B-38648,104.04,3,7,0,49.74,0,0,0
ORD-104565,B2B-46396,251.37,7,7,1,77.63,2,0,0
ORD-104566,B2B-1530,38.68,3,14,0,49.63,0,0,0
ORD-104567,B2B-24922,637.48,7,11,0,80.46,-1,0,0
ORD-104568,B2B-38648,104.04,3,7,0,49.12,2,0,1
ORD-104569,B2B-73618,263.71,3,13,1,94.28,1,0,0
ORD-104570,B2B-11848,509.37,3,13,0,73.18,-1,0,0
ORD-104571,B2B-19595,342.82,7,10,0,74.42,0,0,0
ORD-104572,B2B-13005,364.43,3,13,0,58.22,1,0,0
ORD-104573,B2B-41230,106.34,3,7,0,52.37,1,0,0
ORD-104574,B2B-14370,314.39,7,11,1,62.64,1,0,0
ORD-104575,B2B-51530,257.73,3,12,0,59.18,0,0,0
ORD-104576,B2B-74836,437.22,3,12,0,73.32,0,0,0
ORD-104577,B2B-20256,276.38,3,13,0,64.81,0,0,0
ORD-104578,B2B-13363,167.98,3,8,1,62.65,1,0,0
ORD-104579,B2B-92368,113.13,3,10,0,53.31,1,0,0
ORD-104580,B2B-14205,93.91,7,10,0,50.52,-1,0,0
ORD-104581,B2B-69617,439.75,7,8,0,78.87,0,0,0
ORD-104582,B2B-83416,207.08,3,14,0,64.85,-1,0,0
ORD-104583,B2B-3615,392.89,3,9,0,54.97,2,0,0
ORD-104584,B2B-48997,508.18,3,10,0,80.48,1,0,1
ORD-104585,B2B-89892,259.72,3,12,0,61.37,-2,0,0
ORD-104586,B2B-39279,220.21,7,11,0,76.13,0,0,0
ORD-104587,B2B-97179,566.59,3,11,0,66.49,0,0,0
ORD-104588,B2B-33392,172.39,7,12,0,59.05,2,0,1
ORD-104589,B2B-54971,147.06,7,14,0,49.44,0,0,0
ORD-104590,B2B-84142,298.29,3,11,1,80.27,-1,0,0
ORD-104591,B2B-83416,207.08,3,13,1,75.62,0,0,0
ORD-104592,B2B-1575,313.76,3,12,0,57.6,0,0,0
ORD-104593,B2B-61154,527.14,3,11,0,75.48,2,0,1
ORD-104594,B2B-55207,245.68,3,10,0,73.63,0,0,0
ORD-104595,B2B-32334,496.63,3,11,1,69.4,-3,0,0
ORD-104596,B2B-79418,263.24,3,12,1,57.84,0,0,0
ORD-104597,B2B-87928,293.15,3,9,0,66.98,0,0,0
ORD-104598,B2B-55682,551.53,3,9,0,71.74,-1,0,0
ORD-104599,B2B-83025,664.33,3,9,1,84.36,0,0,0
ORD-104600,B2B-42643,334.58,3,7,0,61.53,-4,0,0
ORD-104601,B2B-77482,132.64,7,14,0,57.04,-2,0,0
ORD-104602,B2B-23088,52.74,3,9,0,43.42,2,0,0
ORD-104603,B2B-20126,415.01,3,13,1,76.28,0,0,0
ORD-104604,B2B-16719,326.27,7,7,1,54.76,3,0,1
ORD-104605,B2B-80146,723.44,7,12,0,84.2,3,0,0
ORD-104606,B2B-34949,297.34,3,8,0,85.99,-7,0,0
ORD-104607,B2B-12689,125.28,7,7,1,64.71,3,0,1
ORD-104608,B2B-88750,232.31,7,10,0,73.71,1,0,0
ORD-104609,B2B-53585,277.3,7,10,0,60.45,-2,0,0
ORD-104610,B2B-20421,718.6,3,13,1,93.95,3,0,0
ORD-104611,B2B-26559,410.2,7,8,0,70.75,-2,0,0
ORD-104612,B2B-83884,339.04,7,12,0,60.2,1,0,0
ORD-104613,B2B-32334,496.63,3,10,0,85.9,3,0,1
ORD-104614,B2B-21663,430.53,7,11,0,63.54,0,0,0
ORD-104615,B2B-10240,327.65,7,9,1,69.82,-1,0,0
ORD-104616,B2B-68467,288.51,3,10,0,70.19,-1,0,0
ORD-104617,B2B-12858,294.08,7,14,0,72.74,3,0,0
ORD-104618,B2B-80380,545.83,3,11,0,71.23,0,0,0
ORD-104619,B2B-40702,229.26,7,11,0,69.68,1,0,0
ORD-104620,B2B-86819,531.68,3,14,1,86.24,-2,0,0
ORD-104621,B2B-68467,288.51,3,8,0,65.53,-1,0,0
ORD-104622,B2B-30729,556.38,3,7,0,63.37,3,0,0
ORD-104623,B2B-65084,218.58,7,13,0,61.52,2,0,0
ORD-104624,B2B-55547,437.05,3,13,1,88.37,-3,0,0
ORD-104625,B2B-12451,110.17,3,12,0,80.38,0,0,0
ORD-104626,B2B-88998,653.07,3,13,0,77.02,-2,0,0
ORD-104627,B2B-2144,421.59,7,10,1,91.44,-2,0,0
ORD-104628,B2B-86845,198.3,3,7,0,57.04,0,0,0
ORD-104629,B2B-89291,355.57,3,12,0,70.04,1,0,0
ORD-104630,B2B-71321,460.1,7,12,1,82.91,2,0,0
ORD-104631,B2B-74695,672.08,3,9,0,92.03,6,3,1
ORD-104632,B2B-72214,211.97,3,11,0,64.28,1,0,0
ORD-104633,B2B-89899,618.63,3,8,1,95.04,0,0,0
ORD-104634,B2B-15987,646.88,3,8,0,95.16,0,0,0
ORD-104635,B2B-11265,241.54,3,14,0,62.31,-2,0,0
ORD-104636,B2B-99085,721.6,7,13,0,77.74,-2,0,0
ORD-104637,B2B-9376,81.95,3,9,1,60.7,1,0,0
ORD-104638,B2B-54945,251.33,7,9,0,68.89,1,0,0
ORD-104639,B2B-86270,535.47,3,9,0,82.82,0,0,0
ORD-104640,B2B-40012,70.68,7,7,1,43.08,0,0,0
ORD-104641,B2B-99480,448.58,3,8,1,75.07,0,0,0
ORD-104642,B2B-51530,257.73,3,14,0,61.41,2,0,1
ORD-104643,B2B-70994,301.53,7,9,0,65.14,1,0,0
ORD-104644,B2B-89062,129.41,7,9,1,62.74,2,0,0
ORD-104645,B2B-47887,421.59,3,7,0,85.73,2,0,0
ORD-104646,B2B-49876,216.16,3,12,0,65.16,-1,0,0
ORD-104647,B2B-99085,721.6,7,13,1,65.48,2,0,0
ORD-104648,B2B-11907,272.23,7,9,0,83.46,0,0,0
ORD-104649,B2B-6304,299.5,3,13,0,62.07,2,0,0
ORD-104650,B2B-19214,863.96,7,13,0,84.54,3,0,0
ORD-104651,B2B-99085,721.6,7,8,0,95.13,0,0,0
ORD-104652,B2B-63735,225.01,3,8,0,54.2,2,0,0
ORD-104653,B2B-1563,182.02,3,7,0,53.91,0,0,0
ORD-104654,B2B-10240,327.65,7,14,0,56.76,0,0,0
ORD-104655,B2B-21862,673.76,3,13,1,99.24,0,0,0
ORD-104656,B2B-54346,648.51,7,13,0,97.82,2,0,0
ORD-104657,B2B-65614,319.56,3,7,1,61.87,0,0,0
ORD-104658,B2B-69737,298.94,7,7,1,72.39,0,0,0
ORD-104659,B2B-50991,152.72,3,10,0,69.87,-1,0,0
ORD-104660,B2B-50778,488.85,3,9,0,68.52,0,0,0
ORD-104661,B2B-69737,298.94,7,7,0,62.98,4,0,1
ORD-104662,B2B-99069,505.28,3,10,1,86.17,-1,0,0
ORD-104663,B2B-4182,385.92,3,13,0,62.68,1,0,0
ORD-104664,B2B-68218,117.02,3,10,0,60.53,-3,0,0
ORD-104665,B2B-28375,465.41,3,10,0,80.11,-1,0,0
ORD-104666,B2B-33671,831.52,7,13,0,75.64,2,0,0
ORD-104667,B2B-42643,334.58,3,14,0,59.08,-4,0,0
ORD-104668,B2B-76032,668.56,3,12,0,95.92,2,0,0
ORD-104669,B2B-21862,673.76,3,7,0,88.51,3,0,1
ORD-104670,B2B-3443,221.32,3,12,1,69.02,1,0,0
ORD-104671,B2B-75357,507.79,3,9,0,66.97,3,0,0
ORD-104672,B2B-53047,465.29,3,9,1,79.16,2,0,1
ORD-104673,B2B-24999,573.77,7,8,0,77.47,-3,0,0
ORD-104674,B2B-36874,580.4,3,9,1,82.24,1,0,0
ORD-104675,B2B-99480,448.58,3,9,0,74.67,0,0,0
ORD-104676,B2B-6646,81.69,7,10,0,62.65,1,0,0
ORD-104677,B2B-47887,421.59,3,12,0,61.5,0,0,0
ORD-104678,B2B-46396,251.37,7,8,0,66.79,0,0,0
ORD-104679,B2B-73752,578.14,7,9,0,61.91,-4,0,0
ORD-104680,B2B-36771,443.33,3,13,1,83.88,1,0,0
ORD-104681,B2B-26239,453.36,3,11,0,71.7,0,0,0
ORD-104682,B2B-55207,245.68,3,12,1,58.61,0,0,0
ORD-104683,B2B-42643,334.58,3,11,1,64.46,0,0,0
ORD-104684,B2B-37007,369.48,3,7,0,51.31,0,0,0
ORD-104685,B2B-15429,682.84,3,10,1,99.52,3,0,0
ORD-104686,B2B-30230,742.12,3,7,1,90.07,3,0,0
ORD-104687,B2B-75395,95.08,7,9,0,66.95,-1,0,0
ORD-104688,B2B-93833,418.51,3,7,1,61.59,2,0,0
ORD-104689,B2B-99480,448.58,3,13,0,66.25,0,0,0
ORD-104690,B2B-69093,464.74,3,14,0,88.59,1,0,1
ORD-104691,B2B-13496,404.5,3,11,0,81.99,2,0,0
ORD-104692,B2B-74340,697.85,7,13,0,89.19,4,0,0
ORD-104693,B2B-80168,467.72,3,11,0,81.9,-2,0,0
ORD-104694,B2B-86845,198.3,3,10,0,60.33,0,0,0
ORD-104695,B2B-2979,367.89,3,14,0,51.12,1,0,1
ORD-104696,B2B-22162,263.03,3,14,0,74.71,-4,0,0
ORD-104697,B2B-6903,112.24,3,7,0,71.16,0,0,0
ORD-104698,B2B-54070,415.03,3,13,0,59.68,1,0,0
ORD-104699,B2B-50991,152.72,3,8,1,64.39,-2,0,0
ORD-104700,B2B-21723,128.61,7,13,0,63.67,0,0,0
ORD-104701,B2B-26090,685.13,7,8,0,89.55,-1,0,0
ORD-104702,B2B-76983,167.27,7,12,0,53.5,0,0,0
ORD-104703,B2B-12172,499.33,7,8,0,78.99,7,0,0
ORD-104704,B2B-97276,198.51,3,10,0,78.53,-1,0,0
ORD-104705,B2B-52943,856.21,7,13,0,102.73,2,0,0
ORD-104706,B2B-48439,187.34,3,11,0,74.48,0,0,0
ORD-104707,B2B-21323,105.37,3,7,1,49.91,1,0,1
ORD-104708,B2B-89291,355.57,3,11,0,59.3,4,1,0
ORD-104709,B2B-17624,231.66,3,12,0,72.6,2,0,0
ORD-104710,B2B-83353,532.96,3,8,0,78.21,-1,0,0
ORD-104711,B2B-21723,128.61,7,14,1,50.92,0,0,0
ORD-104712,B2B-99156,196.4,3,10,1,64.65,3,0,1
ORD-104713,B2B-36206,423.79,3,13,1,58.43,1,0,0
ORD-104714,B2B-83901,378.74,3,13,1,65.96,1,0,0
ORD-104715,B2B-13496,404.5,3,11,0,68.46,0,0,0
ORD-104716,B2B-40989,252.61,7,10,0,55.15,2,0,0
ORD-104717,B2B-86270,535.47,3,12,0,81.28,2,0,0
ORD-104718,B2B-65273,526.64,3,8,0,76.46,2,0,0
ORD-104719,B2B-24203,156.46,3,10,1,71.1,3,0,1
ORD-104720,B2B-50778,488.85,3,13,1,58.64,0,0,0
ORD-104721,B2B-18191,239.43,3,11,0,88.04,0,0,0
ORD-104722,B2B-88555,560.64,3,10,0,66.87,0,0,0
ORD-104723,B2B-72214,211.97,3,8,1,68.71,0,0,0
ORD-104724,B2B-88750,232.31,7,9,0,69.29,2,0,0
ORD-104725,B2B-91091,651.18,3,12,0,68.5,0,0,0
ORD-104726,B2B-55930,264.74,3,9,1,70.52,0,0,0
ORD-104727,B2B-52072,696.94,7,9,0,85.98,0,0,0
ORD-104728,B2B-93209,214.25,3,9,0,52.55,-1,0,0
ORD-104729,B2B-84982,168.92,3,14,1,67.02,0,0,0
ORD-104730,B2B-89291,355.57,3,8,0,49.77,0,0,0
ORD-104731,B2B-91754,26.35,7,13,1,43.33,-2,0,0
ORD-104732,B2B-30729,556.38,3,7,0,84.47,-2,0,0
ORD-104733,B2B-59929,145.95,3,11,0,46.63,0,0,0
ORD-104734,B2B-13005,364.43,3,8,0,77.69,1,0,1
ORD-104735,B2B-36206,423.79,3,11,0,82.5,1,0,1
ORD-104736,B2B-89899,618.63,3,9,0,59.5,3,0,1
ORD-104737,B2B-582,244.06,3,9,0,50.15,-2,0,0
ORD-104738,B2B-52871,625.46,3,14,1,94.32,4,1,1
ORD-104739,B2B-60586,738.48,3,11,1,111.12,0,0,0
ORD-104740,B2B-19407,308.14,3,8,1,58.2,1,0,0
ORD-104741,B2B-43323,593.06,7,7,1,78.57,0,0,0
ORD-104742,B2B-74692,309.02,3,10,0,61.97,0,0,0
ORD-104743,B2B-47887,421.59,3,9,0,58.83,2,0,0
ORD-104744,B2B-76315,617.5,3,9,0,77.66,5,2,1
ORD-104745,B2B-12409,200.39,7,14,0,59.63,-1,0,0
ORD-104746,B2B-80489,668.13,3,8,0,77.21,-2,0,0
ORD-104747,B2B-55267,417.67,3,11,0,65.56,-2,0,0
ORD-104748,B2B-51091,632.83,3,10,0,81.8,-2,0,0
ORD-104749,B2B-31938,430.15,3,10,1,55.01,-3,0,0
ORD-104750,B2B-55272,344.57,7,12,0,67.16,0,0,0
ORD-104751,B2B-54897,287.59,3,11,0,71.45,0,0,0
ORD-104752,B2B-79534,248.84,3,13,0,71.72,0,0,0
ORD-104753,B2B-21097,138.29,3,10,0,44.25,0,0,0
ORD-104754,B2B-52585,496.03,7,13,0,62.43,0,0,0
ORD-104755,B2B-34949,297.34,3,13,0,53.54,-5,0,0
ORD-104756,B2B-99105,503.69,3,13,1,75.57,4,1,1
ORD-104757,B2B-4727,619.93,7,12,0,83.77,-1,0,0
ORD-104758,B2B-62940,79.42,3,12,0,61.72,1,0,0
ORD-104759,B2B-14626,632.92,3,9,0,84.84,0,0,0
ORD-104760,B2B-52689,643.13,3,14,0,87.39,-3,0,0
ORD-104761,B2B-87928,293.15,3,14,1,67.08,-1,0,0
ORD-104762,B2B-69665,585.98,3,10,0,89.72,-4,0,0
ORD-104763,B2B-916,189.92,3,12,1,46.08,-1,0,0
ORD-104764,B2B-13926,662.59,3,12,0,84.51,0,0,0
ORD-104765,B2B-29283,334.32,3,13,0,44.27,2,0,0
ORD-104766,B2B-15429,682.84,3,13,0,62.57,0,0,0
ORD-104767,B2B-41869,608.63,7,8,0,67.5,1,0,0
ORD-104768,B2B-42643,334.58,3,10,0,78.54,1,0,0
ORD-104769,B2B-21323,105.37,3,10,0,54.89,0,0,0
ORD-104770,B2B-3524,100.69,3,9,0,42.17,1,0,0
ORD-104771,B2B-17520,74.84,7,8,0,63.26,-3,0,0
ORD-104772,B2B-67047,131.63,3,10,0,75.2,1,0,0
ORD-104773,B2B-77562,194.73,7,13,1,50.87,-1,0,0
ORD-104774,B2B-34949,297.34,3,11,1,66.79,4,1,1
ORD-104775,B2B-34949,297.34,3,13,0,54.43,-1,0,0
ORD-104776,B2B-76363,555.75,7,11,0,72.91,0,0,0
ORD-104777,B2B-67244,698.62,3,7,0,67.01,6,3,1
ORD-104778,B2B-760,248.77,3,9,0,68.74,1,0,0
ORD-104779,B2B-43323,593.06,7,10,0,77.9,-1,0,0
ORD-104780,B2B-50991,152.72,3,7,1,60.3,1,0,0
ORD-104781,B2B-1575,313.76,3,13,0,63.85,-2,0,0
ORD-104782,B2B-41230,106.34,3,11,0,55.65,-1,0,0
ORD-104783,B2B-2773,223.95,3,12,0,62.87,3,0,0
ORD-104784,B2B-52106,665.15,3,7,1,96.22,1,0,0
ORD-104785,B2B-46127,494.33,3,7,0,84.55,3,0,0
ORD-104786,B2B-90471,681.93,3,12,1,87.21,-4,0,0
ORD-104787,B2B-55272,344.57,7,11,0,47.52,1,0,0
ORD-104788,B2B-87928,293.15,3,9,0,60.57,3,0,0
ORD-104789,B2B-42934,637.56,3,10,0,84.43,0,0,0
ORD-104790,B2B-74018,437.58,3,9,0,79.23,-2,0,0
ORD-104791,B2B-96594,317.48,7,9,0,51.15,3,0,0
ORD-104792,B2B-83562,229.29,7,11,1,56.35,-1,0,0
ORD-104793,B2B-4182,385.92,3,7,0,69.08,-2,0,0
ORD-104794,B2B-67244,698.62,3,14,0,79.97,-2,0,0
ORD-104795,B2B-40535,625.16,3,10,0,85.96,5,2,0
ORD-104796,B2B-56377,536.78,3,13,1,77.64,-2,0,0
ORD-104797,B2B-38398,610.12,3,14,0,85.36,1,0,0
ORD-104798,B2B-53047,465.29,3,8,0,77.14,0,0,0
ORD-104799,B2B-34949,297.34,3,10,0,76.76,-1,0,0
ORD-104800,B2B-45405,705.59,7,7,0,89.67,-1,0,0
ORD-104801,B2B-30192,660.18,7,8,1,99.97,0,0,0
ORD-104802,B2B-34949,297.34,3,7,1,64.08,0,0,0
ORD-104803,B2B-15534,688.04,3,12,0,103.2,2,0,0
ORD-104804,B2B-3948,668.85,3,13,0,85.82,6,3,1
ORD-104805,B2B-5208,483.35,3,10,1,68.59,-2,0,0
ORD-104806,B2B-67047,131.63,3,10,1,50.68,-1,0,0
ORD-104807,B2B-71321,460.1,7,10,1,65.39,-2,0,0
ORD-104808,B2B-31938,430.15,3,14,0,70.55,2,0,0
ORD-104809,B2B-97179,566.59,3,7,0,72.98,0,0,0
ORD-104810,B2B-69093,464.74,3,10,0,77.58,0,0,0
ORD-104811,B2B-2773,223.95,3,14,0,68.77,2,0,0
ORD-104812,B2B-81896,219.03,3,10,1,57.51,1,0,0
ORD-104813,B2B-12172,499.33,7,13,1,79.49,1,0,0
ORD-104814,B2B-86845,198.3,3,9,0,47.92,0,0,0
ORD-104815,B2B-916,189.92,3,9,0,54.79,2,0,0
ORD-104816,B2B-80489,668.13,3,12,0,74.42,3,0,0
ORD-104817,B2B-70880,644.27,3,13,0,77.34,-1,0,0
ORD-104818,B2B-86225,237.6,3,7,0,65.4,2,0,0
ORD-104819,B2B-6492,348.96,3,7,0,56.04,-1,0,0
ORD-104820,B2B-74695,672.08,3,9,0,85.23,0,0,0
ORD-104821,B2B-28688,477.49,3,12,0,73.13,0,0,0
ORD-104822,B2B-96058,216.57,7,13,1,61.69,-1,0,0
ORD-104823,B2B-45405,705.59,7,7,1,87.22,3,0,0
ORD-104824,B2B-26090,685.13,7,7,1,89.13,0,0,0
ORD-104825,B2B-84509,417.09,3,8,1,97.56,0,0,0
ORD-104826,B2B-67244,698.62,3,9,0,90.42,3,0,0
ORD-104827,B2B-64224,300.91,3,13,0,54.02,1,0,0
ORD-104828,B2B-88555,560.64,3,14,0,86.26,5,2,0
ORD-104829,B2B-26819,325.12,7,11,0,59.0,0,0,0
ORD-104830,B2B-38826,536.49,7,8,0,83.81,1,0,0
ORD-104831,B2B-88226,836.71,3,11,1,89.23,-1,0,0
ORD-104832,B2B-91754,26.35,7,13,0,53.48,2,0,1
ORD-104833,B2B-43323,593.06,7,8,0,73.73,-3,0,0
ORD-104834,B2B-74692,309.02,3,7,1,70.88,1,0,0
ORD-104835,B2B-29283,334.32,3,10,0,65.82,0,0,0
ORD-104836,B2B-65084,218.58,7,14,0,44.47,0,0,0
ORD-104837,B2B-34548,666.29,7,8,0,75.52,2,0,0
ORD-104838,B2B-77067,322.91,7,14,0,79.91,1,0,0
ORD-104839,B2B-64472,409.98,3,13,0,82.21,-2,0,0
ORD-104840,B2B-70994,301.53,7,9,1,65.89,0,0,0
ORD-104841,B2B-9589,646.64,3,14,0,82.99,0,0,0
ORD-104842,B2B-699,312.08,3,13,0,82.5,-2,0,0
ORD-104843,B2B-76411,806.71,3,13,0,78.15,2,0,0
ORD-104844,B2B-86465,662.66,7,10,0,55.81,-3,0,0
ORD-104845,B2B-12409,200.39,7,7,1,70.62,0,0,0
ORD-104846,B2B-69860,629.23,3,12,0,76.06,-1,0,0
ORD-104847,B2B-38398,610.12,3,9,1,86.29,0,0,0
ORD-104848,B2B-43536,599.85,3,8,0,84.01,2,0,0
ORD-104849,B2B-11521,26.15,3,7,0,59.06,-1,0,0
ORD-104850,B2B-75357,507.79,3,8,0,75.26,0,0,0
ORD-104851,B2B-24971,288.01,3,13,0,67.21,-2,0,0
ORD-104852,B2B-1563,182.02,3,8,0,55.81,2,0,1
ORD-104853,B2B-69737,298.94,7,8,0,53.1,-1,0,0
ORD-104854,B2B-93066,275.44,3,7,0,64.35,5,2,1
ORD-104855,B2B-26477,267.63,3,12,0,57.01,-1,0,0
ORD-104856,B2B-92368,113.13,3,14,0,65.44,0,0,0
ORD-104857,B2B-6646,81.69,7,7,0,64.36,1,0,0
ORD-104858,B2B-20256,276.38,3,12,0,52.82,3,0,0
ORD-104859,B2B-59929,145.95,3,7,0,55.47,0,0,0
ORD-104860,B2B-95842,492.01,3,8,1,89.98,3,0,0
ORD-104861,B2B-1530,38.68,3,10,0,59.6,0,0,0
ORD-104862,B2B-68926,258.66,3,11,0,49.89,-1,0,0
ORD-104863,B2B-6404,732.93,3,13,0,90.14,0,0,0
ORD-104864,B2B-1563,182.02,3,10,0,37.3,4,1,0
ORD-104865,B2B-62271,288.22,7,14,1,74.25,-1,0,0
ORD-104866,B2B-75641,39.25,3,9,1,48.53,0,0,0
ORD-104867,B2B-28602,223.1,3,10,0,63.69,-2,0,0
ORD-104868,B2B-9589,646.64,3,9,0,95.78,0,0,0
ORD-104869,B2B-36952,659.01,7,14,1,91.27,1,0,0
ORD-104870,B2B-55547,437.05,3,14,0,50.86,1,0,0
ORD-104871,B2B-75299,418.34,3,12,0,75.58,-2,0,0
ORD-104872,B2B-51091,632.83,3,9,1,97.11,-3,0,0
ORD-104873,B2B-17740,162.38,3,14,0,75.58,1,0,0
ORD-104874,B2B-58097,527.36,3,7,0,87.86,3,0,1
ORD-104875,B2B-70880,644.27,3,11,0,85.25,2,0,0
ORD-104876,B2B-32334,496.63,3,13,0,63.62,-4,0,0
ORD-104877,B2B-43127,363.12,7,10,0,82.77,1,0,1
ORD-104878,B2B-49876,216.16,3,9,0,68.62,0,0,0
ORD-104879,B2B-67244,698.62,3,10,1,73.43,-1,0,0
ORD-104880,B2B-3948,668.85,3,13,0,76.96,0,0,0
ORD-104881,B2B-469,568.96,7,7,0,88.09,-1,0,0
ORD-104882,B2B-53868,40.78,3,8,1,59.57,0,0,0
ORD-104883,B2B-20256,276.38,3,9,1,51.43,1,0,0
ORD-104884,B2B-50609,160.69,7,8,0,62.7,0,0,0
ORD-104885,B2B-73752,578.14,7,9,0,77.96,2,0,1
ORD-104886,B2B-9272,404.59,3,10,0,72.19,0,0,0
ORD-104887,B2B-55207,245.68,3,10,1,48.93,-2,0,0
ORD-104888,B2B-69860,629.23,3,13,0,77.92,0,0,0
ORD-104889,B2B-78955,132.63,3,9,0,64.89,0,0,0
ORD-104890,B2B-3380,113.43,3,13,0,47.91,0,0,0
ORD-104891,B2B-21647,378.29,3,8,0,66.44,4,1,1
ORD-104892,B2B-78279,40.95,3,9,1,53.17,-1,0,0
ORD-104893,B2B-12451,110.17,3,7,0,46.21,1,0,1
ORD-104894,B2B-82260,634.11,7,9,1,98.25,0,0,0
ORD-104895,B2B-70408,324.91,3,12,1,71.45,2,0,0
ORD-104896,B2B-84058,322.72,3,12,0,70.51,4,1,1
ORD-104897,B2B-25226,147.8,3,8,0,54.56,0,0,0
ORD-104898,B2B-93117,583.68,3,9,0,59.29,0,0,0
ORD-104899,B2B-79534,248.84,3,7,0,57.39,4,1,1
ORD-104900,B2B-99480,448.58,3,9,1,76.65,5,2,0
ORD-104901,B2B-19407,308.14,3,11,0,62.62,2,0,0
ORD-104902,B2B-58252,190.25,3,10,0,75.9,2,0,0
ORD-104903,B2B-88506,379.24,3,9,0,61.83,3,0,0
ORD-104904,B2B-38648,104.04,3,11,1,62.96,-3,0,0
ORD-104905,B2B-3524,100.69,3,10,0,61.74,1,0,0
ORD-104906,B2B-19617,408.26,7,12,0,64.34,2,0,0
ORD-104907,B2B-16506,422.23,3,10,1,65.3,-1,0,0
ORD-104908,B2B-24194,142.61,7,8,1,70.36,2,0,0
ORD-104909,B2B-90320,519.08,7,12,0,78.1,-6,0,0
ORD-104910,B2B-69678,207.28,3,11,0,57.7,0,0,0
ORD-104911,B2B-81277,659.12,3,9,1,75.09,-1,0,0
ORD-104912,B2B-35806,167.05,3,14,1,87.09,-3,0,0
ORD-104913,B2B-67047,131.63,3,12,0,68.44,0,0,0
ORD-104914,B2B-11784,537.63,7,9,0,58.0,0,0,0
ORD-104915,B2B-18051,606.19,3,8,0,64.27,1,0,1
ORD-104916,B2B-42643,334.58,3,13,1,65.17,3,0,0
ORD-104917,B2B-43127,363.12,7,14,0,67.87,1,0,0
ORD-104918,B2B-50778,488.85,3,11,0,87.45,4,1,1
ORD-104919,B2B-9589,646.64,3,7,0,81.76,0,0,0
ORD-104920,B2B-79786,588.46,7,8,0,87.63,1,0,1
ORD-104921,B2B-80845,385.64,7,11,0,73.56,-2,0,0
ORD-104922,B2B-69617,439.75,7,11,1,90.83,1,0,0
ORD-104923,B2B-69665,585.98,3,10,1,65.02,2,0,1
ORD-104924,B2B-38648,104.04,3,14,0,45.97,0,0,0
ORD-104925,B2B-42643,334.58,3,10,0,63.61,3,0,0
ORD-104926,B2B-19402,198.91,7,10,0,54.76,0,0,0
ORD-104927,B2B-97276,198.51,3,12,0,48.39,1,0,0
ORD-104928,B2B-39279,220.21,7,14,0,46.25,1,0,0
ORD-104929,B2B-95375,62.32,3,14,0,48.92,-4,0,0
ORD-104930,B2B-29165,23.01,3,12,0,54.78,0,0,0
ORD-104931,B2B-1575,313.76,3,14,0,65.01,-1,0,0
ORD-104932,B2B-68919,182.23,7,11,1,55.56,-1,0,0
ORD-104933,B2B-83562,229.29,7,10,1,47.06,0,0,0
ORD-104934,B2B-26239,453.36,3,10,0,69.77,-6,0,0
ORD-104935,B2B-76315,617.5,3,11,0,84.72,-1,0,0
ORD-104936,B2B-51091,632.83,3,14,1,93.2,2,0,1
ORD-104937,B2B-69678,207.28,3,13,1,27.37,0,0,0
ORD-104938,B2B-84982,168.92,3,13,0,33.62,0,0,0
ORD-104939,B2B-28109,53.68,7,7,0,62.76,2,0,0
ORD-104940,B2B-30067,209.94,7,7,1,48.21,-3,0,0
ORD-104941,B2B-74692,309.02,3,10,0,64.28,2,0,1
ORD-104942,B2B-24194,142.61,7,8,0,62.87,0,0,0
ORD-104943,B2B-1715,321.45,7,9,0,67.12,1,0,0
ORD-104944,B2B-86006,700.53,3,8,1,78.94,1,0,0
ORD-104945,B2B-21663,430.53,7,12,1,70.88,-4,0,0
ORD-104946,B2B-760,248.77,3,9,1,44.45,-1,0,0
ORD-104947,B2B-24529,628.53,3,11,0,91.68,-2,0,0
ORD-104948,B2B-57541,338.12,3,8,0,66.36,-3,0,0
ORD-104949,B2B-6646,81.69,7,13,0,60.18,0,0,0
ORD-104950,B2B-93002,216.77,3,13,0,64.5,0,0,0
ORD-104951,B2B-58097,527.36,3,8,0,61.67,1,0,0
ORD-104952,B2B-916,189.92,3,11,1,67.62,0,0,0
ORD-104953,B2B-15563,559.64,7,14,1,81.28,-3,0,0
ORD-104954,B2B-83353,532.96,3,7,0,63.43,1,0,0
ORD-104955,B2B-40702,229.26,7,10,1,70.75,0,0,0
ORD-104956,B2B-67244,698.62,3,10,0,82.0,0,0,0
ORD-104957,B2B-5963,539.47,3,14,1,89.41,5,2,1
ORD-104958,B2B-14570,633.84,3,9,0,66.94,3,0,0
ORD-104959,B2B-80489,668.13,3,12,0,100.19,0,0,0
ORD-104960,B2B-99646,86.76,7,7,1,62.1,-4,0,0
ORD-104961,B2B-83416,207.08,3,12,1,60.65,0,0,0
ORD-104962,B2B-79028,466.94,3,11,0,68.72,1,0,0
ORD-104963,B2B-39279,220.21,7,13,0,49.57,2,0,0
ORD-104964,B2B-33392,172.39,7,9,1,64.67,0,0,0
ORD-104965,B2B-35757,153.49,3,14,1,57.01,2,0,1
ORD-104966,B2B-97179,566.59,3,10,0,67.23,4,1,0
ORD-104967,B2B-582,244.06,3,11,0,48.62,0,0,0
ORD-104968,B2B-21723,128.61,7,12,0,63.63,1,0,0
ORD-104969,B2B-10603,792.16,3,14,0,88.29,0,0,0
ORD-104970,B2B-88968,928.28,7,13,0,101.54,4,0,0
ORD-104971,B2B-84142,298.29,3,8,0,63.54,3,0,0
ORD-104972,B2B-99501,643.12,3,14,0,68.37,1,0,0
ORD-104973,B2B-11784,537.63,7,12,1,81.53,0,0,0
ORD-104974,B2B-29290,739.67,7,8,1,88.13,-1,0,0
ORD-104975,B2B-19402,198.91,7,13,1,56.46,0,0,0
ORD-104976,B2B-56560,103.28,3,9,1,69.37,4,1,1
ORD-104977,B2B-20890,275.5,7,8,0,54.4,0,0,0
ORD-104978,B2B-96462,172.15,3,13,0,68.64,1,0,0
ORD-104979,B2B-19595,342.82,7,11,1,45.18,-3,0,0
ORD-104980,B2B-9376,81.95,3,7,0,58.45,-2,0,0
ORD-104981,B2B-74018,437.58,3,14,0,71.67,2,0,1
ORD-104982,B2B-12451,110.17,3,7,1,55.54,1,0,0
ORD-104983,B2B-83353,532.96,3,13,0,85.91,0,0,0
ORD-104984,B2B-98544,332.42,7,9,0,67.81,0,0,0
ORD-104985,B2B-77562,194.73,7,11,0,57.86,0,0,0
ORD-104986,B2B-54945,251.33,7,11,1,47.55,1,0,0
ORD-104987,B2B-99085,721.6,7,9,0,79.55,1,0,1
ORD-104988,B2B-45936,315.79,3,13,0,70.24,0,0,0
ORD-104989,B2B-19407,308.14,3,11,1,60.59,0,0,0
ORD-104990,B2B-89062,129.41,7,9,1,54.38,0,0,0
ORD-104991,B2B-12451,110.17,3,7,0,46.47,0,0,0
ORD-104992,B2B-20126,415.01,3,9,0,66.68,0,0,0
ORD-104993,B2B-75594,237.46,3,7,0,60.41,-1,0,0
ORD-104994,B2B-66471,457.4,3,9,1,56.18,4,1,1
ORD-104995,B2B-33680,278.55,3,7,0,60.24,3,0,1
ORD-104996,B2B-90351,64.85,7,9,0,47.18,0,0,0
ORD-104997,B2B-35757,153.49,3,9,1,64.12,0,0,0
ORD-104998,B2B-38398,610.12,3,12,0,81.07,1,0,0
ORD-104999,B2B-86819,531.68,3,14,1,52.56,4,1,1
